:020000040800F2
:1000000000400220F15D0108815E0108A54401085D
:1000100000000000000000000000000000000000E0
:10002000000000000000000000000000779E0108B2
:100030000000000000000000819F010891440108B9
:10004000815E0108815E0108815E0108815E010810
:10005000815E0108815E0108815E01085945010841
:10006000815E010885480108A5480108F948010892
:10007000815E0108815E0108815E0108815E0108E0
:10008000815E0108815E0108815E0108815E0108D0
:10009000815E0108815E0108815E0108815E0108C0
:1000A000815E0108815E0108815E010871450108D9
:0C00B0001D460108C9460108815E0108D8
:1000C00010B5064C2378002B07D1054B002B02D02E
:1000D000044800E000BF0123237010BD4809002040
:1000E0000000000068A90208044B10B5002B03D0E3
:1000F0000349044800E000BF10BDC04600000000F6
:100100004C09002068A9020802780B78002A03D065
:10011000013001319A42F7D0D01A70470023C25CF7
:100120000133002AFBD1581E7047000002B471460B
:1001300049084900095C49008E4402BC7047C0462A
:1001400003B47146490840004900095A49008E44E9
:1001500003BC7047002243088B4274D303098B42CF
:100160005FD3030A8B4244D3030B8B4228D3030C87
:100170008B420DD3FF22090212BA030C8B4202D329
:100180001212090265D0030B8B4219D300E0090A51
:10019000C30B8B4201D3CB03C01A5241830B8B425A
:1001A00001D38B03C01A5241430B8B4201D34B0343
:1001B000C01A5241030B8B4201D30B03C01A5241A8
:1001C000C30A8B4201D3CB02C01A5241830A8B422D
:1001D00001D38B02C01A5241430A8B4201D34B0216
:1001E000C01A5241030A8B4201D30B02C01A52417A
:1001F000CDD2C3098B4201D3CB01C01A524183092E
:100200008B4201D38B01C01A524143098B4201D367
:100210004B01C01A524103098B4201D30B01C01A92
:100220005241C3088B4201D3CB00C01A524183080C
:100230008B4201D38B00C01A524143088B4201D339
:100240004B00C01A5241411A00D201465241104699
:100250007047FFE701B5002000F0F0F802BDC0468E
:100260000029F7D076E7704703460B437FD400227E
:1002700043088B4274D303098B425FD3030A8B423A
:1002800044D3030B8B4228D3030C8B420DD3FF22A4
:10029000090212BA030C8B4202D31212090265D072
:1002A000030B8B4219D300E0090AC30B8B4201D325
:1002B000CB03C01A5241830B8B4201D38B03C01A6C
:1002C0005241430B8B4201D34B03C01A5241030BE3
:1002D0008B4201D30B03C01A5241C30A8B4201D394
:1002E000CB02C01A5241830A8B4201D38B02C01A3F
:1002F0005241430A8B4201D34B02C01A5241030AB6
:100300008B4201D30B02C01A5241CDD2C3098B429A
:1003100001D3CB01C01A524183098B4201D38B0117
:10032000C01A524143098B4201D34B01C01A5241BA
:1003300003098B4201D30B01C01A5241C3088B42FF
:1003400001D3CB00C01A524183088B4201D38B00EA
:10035000C01A524143088B4201D34B00C01A52418C
:10036000411A00D201465241104670475DE0CA0F63
:1003700000D04942031000D34042534000229C4623
:1003800003098B422DD3030A8B4212D3FC2289012D
:1003900012BA030A8B420CD3890192118B4208D303
:1003A000890192118B4204D389013AD0921100E065
:1003B0008909C3098B4201D3CB01C01A5241830979
:1003C0008B4201D38B01C01A524143098B4201D3A6
:1003D0004B01C01A524103098B4201D30B01C01AD1
:1003E0005241C3088B4201D3CB00C01A524183084B
:1003F0008B4201D38B00C01A5241D9D243088B42A1
:1004000001D34B00C01A5241411A00D20146634643
:1004100052415B10104601D34042002B00D54942A7
:10042000704763465B1000D3404201B5002000F0E6
:1004300005F802BD0029F8D016E770477047C0469E
:100440008446100062468C461900634600E0C046B0
:100450001FB502F043F8002801D40021C8421FBD97
:1004600010B501F083FF4042013010BD10B502F01D
:1004700035F8002801DB002010BD012010BDC0466A
:1004800010B502F02BF8002801DD002010BD01207E
:1004900010BDC04610B501F0ADFF002801DC002002
:1004A00010BD012010BDC04610B501F0A3FF00280B
:1004B00001DA002010BD012010BDC04684460800AE
:1004C0006146FFE71FB500F0F5FC002801D40021CC
:1004D000C8421FBD10B500F075FC4042013010BD90
:1004E00010B500F0E7FC002801DB002010BD012062
:1004F00010BDC04610B500F0DDFC002801DD002075
:1005000010BD012010BDC04610B500F083FC0028CE
:1005100001DC002010BD012010BDC04610B500F068
:1005200079FC002801DA002010BD012010BDC04672
:10053000002B11D1002A0FD1002900D1002802D0B0
:100540000021C943080007B4024802A140180290E4
:1005500003BDC046E9FEFFFF03B4684601B502983B
:1005600000F0BAF8019B9E4602B00CBC7047C04632
:10057000F0B5CE469946030C9C46130447461B0C27
:100580001D000E0061460404240C80B50700100C09
:100590004B436543414360432C0CC01824188C46E0
:1005A000A34203D980235B029846C4444946794359
:1005B0005643230C2D042D0C89196344240460191F
:1005C000C918C0BCB946B046F0BDC0469E2110B5A2
:1005D000C905041CFFF7A2FF002803D1201C00F06E
:1005E00099FF10BD9E21201CC90500F0EFFD00F011
:1005F00091FF80231B069C466044F2E770B5002201
:100600000C4B04000D00FFF74FFF002804D1200021
:10061000290002F05BFE70BD064B0022200029007D
:1006200002F096FA02F052FE80231B069C466044BC
:10063000F1E7C0460000E04170B50022002304004D
:100640000D00FFF713FF002808D12000290000F05B
:100650000FF802000B001000190070BD80231B066C
:10066000E918200000F004F8002342428B41F2E731
:1006700070B500220B4B0D00040001F0A1FFFFF745
:10068000BDFF060002F08CFE0022074B01F098FF30
:1006900002000B002000290002F05AFAFFF7AEFF1B
:1006A000310070BD0000F03D0000F04170B5060063
:1006B000080002F047FE0022064B01F081FF0D000A
:1006C0000400300002F06CFE2B00220000F0D0FF8E
:1006D00070BDC0460000F041F0B557464E46454655
:1006E000DE46E0B504000D009246994683B08B4289
:1006F00030D82DD04946504602F060FF2900060050
:10070000200002F05BFF331A9846203B34D49B460E
:1007100053465A46934042461F00534693401E009C
:10072000AF423BD8AF4200D179E05B46A41BBD414C
:10073000002B00DA76E000220023009201930123CF
:100740005A4693400193012342469340009329E087
:100750008242CFD900220023009201930C9B002BF0
:1007600001D01C605D600098019903B0F0BCBB46ED
:10077000B246A946A046F0BD42469B4620239B1A9E
:100780005246DA40414613004A468A401700424624
:100790001F43534693401E00AF42C3D9002200239B
:1007A000009201934346002BD8D0FB0772081A43EE
:1007B00046467B080EE0AB4201D1A2420CD8A41AF7
:1007C0009D41012024196D410021013E24184D4115
:1007D000002E06D0AB42EED9013E24196D41002E09
:1007E000F8D1009801995B4600196941002B24DB80
:1007F0002B005A464446D3402A00E2401C005B4688
:100800001500002B2ADB26009E40330026004746B9
:10081000BE403200801A9941009001919EE7A342A8
:10082000BCD882E74246202300219B1A0022009177
:1008300001920122DA40019285E7424620239B1A69
:100840002A0046469A402300F340444613432A00B8
:10085000E2401C005B461500002BD4DA42462F0014
:100860002023260097409B1ADE403B003343CDE710
:10087000F8B5CE46474643025A0A4E024500C40F19
:10088000480091462D0E720A000E944680B59B09D1
:10089000C90FB6092A1A8C4221D0002A0DDD002882
:1008A0002DD1002E00D18DE0511E012A00D11DE175
:1008B000FF2A00D1ABE00A0027E0002A4DD0421BFE
:1008C000002D00D0CCE0002B00D179E0541E012A8D
:1008D00000D128E1FF2A00D197E02200C5E0002ADC
:1008E00000DC96E000284FD0FF2D00D18FE0802162
:1008F000C9040E431B2A51DD2A00013318E0FF2DE5
:1009000000D184E08021C9040E4301211B2A08DCA8
:1009100031002020D140821A96403200501E824180
:1009200011435B1A5A0159D407212A00194049D0B2
:100930000F211940042900D00433590142D5501C1D
:10094000FE2A3AD09B01C0B25B0AC0051843E407F7
:100950002043C0BCB946B046F8BDFE2080466F1C9F
:1009600038004746074200D08EE0002D00D0B4E0AA
:10097000002B00D1DBE0002E6CD0981B450100D489
:10098000F7E00C00F31A3DE0002E1BD0511E012AA7
:1009900000D182E0FF2A3AD00A00ABE731002020E4
:1009A000D140821A96403200501E82410A439B1861
:1009B0005A01B9D56A1CFE2D75D1FF200023C4E76A
:1009C0000C003300DB08FF2A46D1002BF5D0802233
:1009D000D20313435B02FF205B0AB6E79F01BF0906
:1009E000380002F0CDFD05388740854224DC3B000D
:1009F0002021421B0132D3408A1A97407A1E974128
:100A000000223B43590793D197E70C003300DB08E2
:100A1000DBE7002A14D0421B002D4BD1002BD0D095
:100A2000511E012A00D19EE0FF2AEFD00A001B2AA6
:100A30005FDD0200731C7BE7504B2A1A3B40E1E765
:100A4000FE216A1C11423BD1002D5DD1002B7FD0CD
:100A5000002E7FD10022DB085B025B0AD0B274E774
:100A6000FF28D2D08024E404234301241B2A07DC7E
:100A70001C002025D440AA1A93405A1E93411C43BF
:100A8000331B05000C004DE79F1B7A0122D4002F79
:100A9000A6D100240020002357E79B19012501322D
:100AA000590100D440E70121354819405B08034053
:100AB0000B43A7E7FF28A9D08021C9040B43B6E761
:100AC000FF2A00D179E79B195B08590700D02FE76F
:100AD000DB08C1E70C00F71A82E7002B2CD1002EAF
:100AE00093D180230024FF20DB032EE701259B1BED
:100AF00018E719002025D140AA1A93405A1E9341A5
:100B00000B4305009B1953E7002B00D17EE7002E15
:100B100000D17CE78022D203914502D3944500D2D4
:100B20003300DB0853E70C00F31A0135FAE6002E18
:100B3000AFD00C0033008DE7002E00D167E7802294
:100B4000D2039145EDD39445EBD20C003300E8E796
:100B500033007FE79B1900225901B9D5074A13409A
:100B6000DB08012278E79B190132013559019AD43B
:100B7000DAE6031E8DD0DB086EE7C046FFFFFFFB01
:100B8000FFFFFF7DF0B54F464646D6464402C0B54E
:100B900047000E1C640A3F0EC50F002F3CD0FF2FEC
:100BA00042D00023802299469A46E400D20414439E
:100BB0007F3F73025B0A984673001B0EF60F002BF3
:100BC0001BD0FF2B13D042468021D200C904114311
:100BD000884600207F3B2900FF1A4B467140C9B26E
:100BE0000F2B00D9B5E0744A9B00D3589F4643466B
:100BF000002B3FD1FF3F023303E04346002B2DD1B2
:100C0000012329004A467140C9B21A430E2A38D836
:100C10006A48920082589746002C13D104239946C3
:100C2000033B00279A46C4E7002C05D108239946C8
:100C3000063BFF279A46BCE70C239946093BFF2752
:100C40009A46B6E7200002F09BFC7627431F9C40A3
:100C500000237F4299469A463F1AAAE7404602F08F
:100C60008FFC4246431F9A4076235B421B1A9046F4
:100C70000020B0E703234A461A4391460320FC3381
:100C8000A9E70D00FF200022C005ED07104328430F
:100C9000E0BCBA46B146A846F0BD0D0000200022D7
:100CA000F2E75346022BEDD0032B33D0A046012BA5
:100CB00005D100200022E7E7350003287AD03B0069
:100CC0007F33002B2DDD4246520707D00F224146CD
:100CD0000A40042A02D004229446E044424612010B
:100CE00005D54246364B1A403B0090468033FE2BDA
:100CF000C8DC42469201520AD8B2C5E780220025DC
:100D0000FF20D203C0E78022D203144202D0434620
:100D1000134249D08022D20322435202FF20520ABA
:100D2000B2E70122D31A1B2BC3DC4246DA4043460A
:100D30009E37BB40591E8B411A43530704D00F23E3
:100D40001340042B00D00432530129D50120002286
:100D50009AE7424663015501AB4215D21B2000229F
:100D6000013F01261C0052005B00002C01DB9D426C
:100D700001D85B1B324301380028F3D1581E834150
:100D8000134398460D009AE71A2001225B1BE8E7FF
:100D9000023B5A4253415B4235000022D8B273E70E
:100DA00092010020520A6FE71A4352023500FF20D9
:100DB000520A69E74446ADE758D8020898D80208B5
:100DC000FFFFFFF770B542004E024C0045026D0A6E
:100DD000120EC30F760A240EC90FFF2A10D0FF2C63
:100DE0000CD00120A2420AD1B54208D18B420FD0CB
:100DF000002A04D12800431E984100E0012070BD64
:100E00000120FF2CFBD13543F9D14B401800F6E708
:100E10000020F4E730B5420044024D02C30F480001
:100E2000640A120E6D0A000EC90FFF2A19D0FF289E
:100E30000BD0002A1ED100280BD1002D27D0002C6A
:100E400034D100292FD0080030BD002D28D1002A30
:100E500001D1002CF5D08B4207D1002B23D01800F4
:100E6000F2E7002C1CD1FF2814D0581E0223184092
:100E70000138E9E70028F8D08B42F6D18242F4DC51
:100E8000EBDBAC42F1D80020AC42DDD2E5E7002C30
:100E9000DAD0EAE7002D03D18B42E6D10020D3E778
:100EA00002204042D0E701204042CDE78B42E8D00B
:100EB000DBE7C04630B5420044024D02C30F480094
:100EC000640A120E6D0A000EC90FFF2A1AD0FF28FD
:100ED0000ED0002A1ED100280ED1002D2AD0002CC1
:100EE0000CD08B421DD0581E02231840013810E050
:100EF000002D0DD1002A20D1002C1ED1002923D095
:100F0000080006E0002C03D1FF28ECD1002D17D0FB
:100F1000022030BD0028E6D08B42E4D18242E2DCE0
:100F200004DBAC42DFD80020AC42F2D2002B0BD065
:100F30001800EEE7002CECD0D5E78B42D3D1F5E7D3
:100F400000208B42E5D0CEE701204042E1E7C046D9
:100F5000F0B54F464646D64643025B0A4500C0B54B
:100F600099460F1C2D0EC60F002D00D188E0FF2DD5
:100F700000D18DE08022DB00D2041A430023914689
:100F800098469A467F3D7C027B00640A1B0EFF0F49
:100F9000002B68D0FF2B21D08022E400D204144320
:100FA00042467F3B5B1900215D1C0A2A2EDC7E40F5
:100FB0004246022A23DC013A012A00D9BDE0022977
:100FC0006ED001292CD100200022C005F607104365
:100FD0003043E0BCBA46B146A846F0BD2B00FF3313
:100FE000002C65D00322414611433200013588466A
:100FF0007A40FF350A2900DDD8E01600032140467B
:1010000001228240A620C000024220D05346022B7B
:1010100046D0032B00D1BBE051464C460129D2D02B
:101020002B007F33002B70DD620704D00F2222409B
:10103000042A00D00434220103D5634B1C402B004A
:101040008033FE2B2CDCA201520AD8B2BDE79020DF
:101050008000024227D1B938FF3810426DD03E00DF
:10106000A1468A46D2E7002C41D1012342461A43C9
:1010700090462B00424601215D1C0A2A97DDC5E7F8
:10108000002B26D104239846033B00259A467AE795
:10109000002B18D108239846063BFF259A4672E795
:1010A000FF20002291E780220026FF20D2038CE758
:1010B00041460222013511438846FF350A29A5DC45
:1010C00002217E4074E70C239846093BFF259A468F
:1010D00059E7180002F054FA4A46431F76259A4011
:1010E00000236D42914698469A462D1A4BE7200000
:1010F00002F046FA4246431F9C402B1A763B0021E1
:101100005D1C0A2A00DC52E780E70122D31A1B2B60
:1011100000DD58E79E352200AC40DA40631E9C415A
:101120002243530704D00F231340042B00D0043272
:10113000530137D50120002247E7210C4A462404F9
:10114000240C2700100C1204120C4443574348434C
:1011500051433A0C09195218944203D9802149028B
:101160008C4660443F0411043F0CC9198C01671E72
:10117000BC41120C890E12180C4392011443120147
:101180000ED5012362081C40144349E73E00A146E6
:1011900080224B46D2031A435202FF20520A14E720
:1011A0001D003DE792010020520A0EE70F29EDD104
:1011B00080224B46D2031342EAD01442E8D13E00CB
:1011C000FF20224301E7C046FFFFFFF7F8B547467F
:1011D000CE464E0243024500720AC40F480080B555
:1011E00094465F0A2D0E9B09000EC90FB609FF2811
:1011F00024D0012251402A1A8C420FD0002A00DC50
:101200006AE1002835D1002E00D1A2E0511E012A4A
:1012100000D124E1FF2A21D00A002FE0002A00DCBF
:1012200067E100285ED0FF2D18D08021C9040E434D
:101230001B2A00DC76E02A00013332E02A00FF3A64
:101240009146002E42D08C4255D04A46002A00D109
:101250009CE0002D00D177E00C003300DB08002B70
:1012600000D16EE08022D20313435B02FF205B0AB1
:1012700024E0FF2DF2D08021C9040E4301211B2A56
:1012800008DC31002020D140821A96403200501EE6
:10129000824111435B1A5A0160D407212A00194088
:1012A00057D00F211940042900D00433590150D5DB
:1012B000501CFE2A45D09B01C0B25B0AC0051843F2
:1012C000E4072043C0BCB946B046F8BD01225140F6
:1012D0008C42BAD14A46002A10D0002D00D198E0A5
:1012E0000023BBE7002E34D0511E012A6ED0FF2A06
:1012F000B4D00A009CE7002A00D088E0FE206A1CD7
:10130000104200D092E0002D00D0A4E0002B00D1CC
:10131000CBE0002E00D0CAE00022DB085B025B0AB3
:10132000D0B2CBE731002020D140821A9640320063
:10133000501E82410A439B185A01AED56A1CFE2DED
:101340004AD1FF200023B9E7FF22002B4BD10C002C
:101350003300DB08FF2A00D181E7DFE79F01BF09E7
:10136000380002F00DF905388740854221DC3B004A
:101370002021421B0132D3408A1A97407A1E97419E
:1013800000223B43590700D08BE78FE7FE206A1C01
:10139000104212D1002D52D1002B7CD0002EBBD098
:1013A0009A1B500100D48BE001240022F31A0C4058
:1013B000E8E7564B2A1A3B40E4E79F1B7A0146D4E4
:1013C000002FCDD100240020002377E79B190125B1
:1013D0000132590100D460E701214D4819405B08F2
:1013E00003400B43CEE7571E012A5AD00C00FF2AB8
:1013F00033D001221B2F07DC2021C91B1A008B4090
:10140000FA40591E8B411A430500B31A43E7002DD9
:1014100023D1FF22002B9BD0511E012AD6D0FF2AB8
:101420001BD01B292CDD0200731C3AE7FF2A88D051
:101430009B195B08590700D033E7DB086EE7002BE8
:1014400010D1002E43D0012433000C4006E70124C4
:10145000F71A0C4084E7002B04D13300FEE6012587
:101460009B1B18E7002E00D1F8E68022D20397429A
:1014700004D3944502D2012433000C40DB08F1E68A
:101480001A002025CA40691A8B40591E8B4113430C
:1014900005009B1950E7002E94D0012433000C4026
:1014A0003AE70C000125F31AF5E6330034E79B19FF
:1014B00000225901C1D5154A1340DB0801222DE74E
:1014C000002A00D17EE713000022DB0826E78023F4
:1014D0000024FF20DB03F1E6002A00D156E7471B7A
:1014E0003A00002D00D130E78022D2040C001343D3
:1014F0007FE7002A00D101E7411B002D01D10A003E
:1015000088E78022D20413438BE7C046FFFFFFFB2E
:10151000FFFFFF7D41024200C30F490A0020120E67
:101520007E2A03DD9D2A02DD094A98187047802033
:1015300000040143952A07DC9620821AD1404842D4
:10154000002BF3D10800F1E7963A9140F7E7C04647
:10155000FFFFFF7F70B5002813D0C317C5185D408B
:10156000C40F280002F00CF89E2301001B1A962BD2
:101570000FDC082834D008398D406D026D0AD8B2CE
:1015800002E0002400200025C0052843E407204392
:1015900070BD992B16DC421F052800D095402A000B
:1015A000114802406E0709D00F263540042D05D0A2
:1015B0000432550102D59F2302405B1A9201550A5D
:1015C000D8B2E1E70522121A2800D0400200080034
:1015D0001B3085402800451EA84102431500DEE768
:1015E0006D0296206D0ACFE7FFFFFFFB70B5041E6A
:1015F0000ED001F0C5FF9E2301001B1A962B0CDCB8
:1016000008282FD008398C406402640AD8B201E05F
:1016100000200024C005204370BD992B16DC421F1A
:10162000052800D09440220010480240650709D0E8
:101630000F252C40042C05D00432540102D59F23E1
:1016400002405B1A9201540AD8B2E3E7020020007C
:101650001B3290400200501E82410520401AC440B7
:101660001443E0E764029620640AD3E7FFFFFFFB20
:10167000F0B557464E464546DE46E0B583B000908D
:1016800001910C034F00CE0F610A009C1D03640FF3
:101690000C43009900920193C80059004B0D9946E4
:1016A000009A019B6D0AD90F530F2B439A46009B5A
:1016B0007F0DDA0094464A46B046BA1A8E4200D1EF
:1016C000B0E0002A00DC78E04946002900D1E9E0DA
:1016D000C9498F4200D195E10125382A16DC8021C5
:1016E000534609040B439A461F2A00DDE7E12021F7
:1016F00055468B1A61469D40D1400D436146994045
:101700004B1E99415346D3400D43E41A451BA84252
:1017100080414042241A230200D40FE16402640A8B
:10172000002C00D139E1200001F02AFF0300083B22
:1017300020212800CA1AD0409C4002009D4022432C
:101740009F4200DD73E1D81B0130091A2C008D4047
:10175000C4406B1E9D411300C2408B4025430027AF
:1017600014001D436B0709D00F232B40042B05D019
:101770002B1DAB42AD416D4264191D00230200D404
:101780002DE19D4A0137974200D1D3E046469B495F
:10179000ED0821404A072A437C054D022D0B640DBC
:1017A00024052C43F60734431000210003B0F0BC9D
:1017B000BB46B246A946A046F0BD002A00D184E04F
:1017C0004A46D21B002F00D06DE12500054300D111
:1017D00027E1561E012A00D13BE2874DAA4200D1E3
:1017E0006AE20125382E12DC32001F2A00DDF8E102
:1017F00020262500B61A07005346B040D440B54015
:10180000D740461EB0411B1B9A463D4305436246E6
:10181000551BAC459241534652420E004F468846F6
:101820009C1A78E7002A00DC8EE04946002975D131
:1018300061465346194300D1F6E0511E012A00D1FA
:1018400091E16D4DAA4200D1DCE00125382914DC7C
:101850000A001F2A00DDA2E120215346891A8B408D
:101860001D006346D3401D4363468B4019004B1E49
:1018700099415346D3400D43E4182D1885428041C9
:1018800040422418230259D55B4B01379F4251D067
:1018900001215A4B6A081C4029400A43E5071543B9
:1018A00064085FE761465346194300D1BCE0511E0E
:1018B000012A00D164E1504DAA4200D16AE101251C
:1018C000382900DD22E70A000EE74D4A7D1C15424B
:1018D00000D0D0E025006246534605431A43002F4E
:1018E00000D037E1002D00D1A8E1002A00D16AE143
:1018F0006346C51A5346E21AA8429B415B42D31A7B
:101900001A0200D403E263461D1AAC4592415346C5
:1019100052421C1B0E008846A41A23E736498F4208
:1019200070D00125382AA8DC8021534609040B43D6
:101930009A468EE73C000025002231E707232B4022
:10194000002B00D010E793E0002A74D04A46D21B47
:10195000002F00D1C7E02849894500D185E1012544
:10196000382A12DC802109040C431F2A00DDABE178
:1019700020212500891A070088408D40D740411E4C
:101980008841D4403D430543A244654465459241A6
:101990005242524414004F4674E7280001F0F0FD13
:1019A000030018331F2B00DCC2E62A0008388240EF
:1019B0009F4200DDA9E0DB1B581C1F2800DCACE1C6
:1019C00015001F3BDD40202805D040231B1A9A40FC
:1019D000531E9A411543072300272B40B0E7ED081B
:1019E000054B62072A43E4089F420FD02403250BCE
:1019F0007C05640DD4E6C046FF070000FFFF7FFFB3
:101A0000FE070000C00862070243E40813002343F6
:101A100000D186E180252D0325432D03C34C2D0BDA
:101A2000BEE6604654460E001700C508D8E7C04C15
:101A3000FF1A144096E6BF4A791C11426BD122006E
:101A40000243002F00D0DBE0002A00D12DE16246E6
:101A500053461A4300D1B6E06346C518854280411B
:101A6000544440422418230202D50F00B04B1C40BE
:101A70003A002800D8E76246851AA84292415346A8
:101A800052429146E31A1A004B46D21A130091466D
:101A90001A0254D44A464C462A4300D040E6002657
:101AA000002400257CE6A14DA94500D190E0012548
:101AB000382A00DDABE680252D042C4395E6110085
:101AC00055462039CD40A946202A06D0402153460C
:101AD0008A1A934062461A43944665466B1E9D419E
:101AE0004B461D4312E62100014300D1C4E0511EC4
:101AF000012A00D1FBE08D4DAA4200D1B5E00125BD
:101B0000382900DD41E70A002FE7894CFF1A14400D
:101B10006207E4086AE7854A914200D1E3E0634640
:101B2000C218824280412300404253441B18DD0703
:101B30005C080723520815430F002B4000E763465B
:101B40001D1AAC459241534652421C1B0E0088465A
:101B5000A41AE5E5002D00D091E0002A38D18024B8
:101B60000026240356E76346C51885428041544445
:101B7000404224180127230200D4DFE6022787E62B
:101B80006346C51AA842804153464042E41A0127E1
:101B9000241AC0E56207C0080243E40836E71100D2
:101BA00053462039CB409946202A06D0402153463F
:101BB0008A1A934062461A43944665466B1E9D41BD
:101BC0004B461D4359E66207C0080243E4080DE78F
:101BD00053465A076346D80853460E000243DC08B2
:101BE00014E715002600203DEE40202A03D04025B2
:101BF000AA1A94402043421E90410500354306E650
:101C0000002A7CD062465346C0081A4300D1FAE647
:101C1000620710438022E4081203144208D0D90856
:101C2000114205D16346D80853460C005B071843A0
:101C3000420FC000C00852070243E7E6002A00D165
:101C40002DE76346D80853465A070E000243DC08C6
:101C5000CCE663461D1AAC459241534652421C1BCA
:101C60000E008846A41A013755E56346D908534645
:101C70005A070A43DC08C9E660465446D4E6C00861
:101C8000002A00D1BFE6620710438022E408120355
:101C90001442CDD0DD081542CAD16346D808534658
:101CA0005B070E002C001843C2E76346D908534671
:101CB0005A070A43DC0899E66346D80853465A0790
:101CC0000E000243DC08A1E6110027002039CF40B6
:101CD000202A03D040218A1A94402043421E90417A
:101CE00005003D4351E60C000025002258E5604404
:101CF00060459241544452420500A4183AE75346C5
:101D00005A076346D90853460A43DC087EE61A00A0
:101D10001C002A4300D0ABE6C1E620210025091AA9
:101D200019E500220025014C3AE5C046FF070000F6
:101D3000FFFF7FFFFE070000F0B5DE464546574631
:101D40004E46E0B587B0009201930B031B0B9B46F8
:101D5000CA0F4B00040080465B0D029200D16AE17D
:101D6000D44A934200D18CE15946420FC9000A433C
:101D7000802109041143C2009046CF4A8946924609
:101D80009A44002300240393009E019F3B031B0BF6
:101D90009B467B0030005B0DFD0F002B00D128E13E
:101DA000C44A934200D177E15946720FC9000A43F1
:101DB0008021090411438B46BF49F2008C465146ED
:101DC0006344CB1A9A460023029E6E400F2C27D8FC
:101DD000BA49A40009598F46CB464246029E039B4E
:101DE000022B16D0032B00D1A6E2012B00D0DFE09E
:101DF00000220023002490461B052343F6073343AB
:101E00004046190007B0F0BCBB46B246A946A04602
:101E1000F0BD002200249046A64BEDE72E00DFE740
:101E2000CB4500D2D4E100D1CFE101235B429C46F7
:101E3000444648460027E2445B46150E1B021D43FC
:101E4000190C2B04120200951D0C9146029103956A
:101E5000FEF706FA02006A430B04210C8046194380
:101E60008A4209D9009D0123AC465B4261449C46ED
:101E7000E0448D4200D8FBE1881A0299FEF7F0F9A0
:101E8000039A240442430904240C03000C43A24295
:101E900006D90099013B8C466444A14200D8E1E197
:101EA000A01A424612041A4393464B4659461B0C4D
:101EB0001D0004930B0449460904090C0C001B0C7B
:101EC0005C43120C6B43884651436A43250CAC4675
:101ED0005B186344994203D9802149028C466244CD
:101EE000190C24041B04240C8A181C19904202D3D8
:101EF00016D1A74214D25B46009D013B4F44059387
:101F00004F459B41AC465B426344C018854200D3B9
:101F1000A1E1824200D9F6E100D1F1E1059B9B46A7
:101F20003C1BA742BF41009D801A7F42C01B8542D7
:101F300000D1D0E10299FEF793F9039A0B044243D2
:101F4000210C070019438A4200D978E1881A0299C6
:101F5000FEF786F9039A240442430904240C030083
:101F60000C43A24200D95DE14146A41A3A041A4347
:101F7000049D13041B0C594347466B439C46100CAD
:101F800047430B0CBC44634468439F4203D98025FC
:101F90006D02AC4660441F0C09041B04090C3F1879
:101FA0005B18BC4200D202E100D1FDE001231A43DC
:101FB000434B5344002B00DCAEE0510700D098E1C6
:101FC0005946C90106D559463E4B194080238B46D8
:101FD000DB0053443C498B4200DD1AE75946D208E6
:101FE000490711435A465B0554028846240B5B0D92
:101FF00002E75A46009B1A4300D17EE05B46002B65
:1020000000D100E1584601F0BBFA020003000B3A90
:102010001D27009EBA1A19005846D6400839884034
:10202000320002439346009A8A40284953448A4624
:102030009A440023C8E65B460343994656D05B4664
:10204000002B00D1CDE0584601F09AFA0B235B42F9
:102050009C460200844466461D239B1B26001100FB
:102060005846DE4008398840330003439946230030
:102070008B409846164B00249B1A9A4600230393E4
:1020800082E65A46024391462AD100229A4602230A
:1020900090460824039377E65A46009B1A430D4B5B
:1020A0009C46E244002A17D102231C4300239B468E
:1020B000023389E6FF07000001FCFFFFD4D80208C5
:1020C000FF030000FFFFFFFEFE070000F303000018
:1020D0000DFCFFFF01F8FFFF032332001C4373E6F2
:1020E0009A460323D9460C2403934DE600239846D1
:1020F0009A4601330424039346E601231C4300233C
:102100009B46013360E60023802498460026924BCC
:10211000240371E6012252420121C91A382900DD47
:1021200066E61F2900DCABE01F204042C31A584678
:10213000D8400300202904D058468849514488409B
:102140000243511E8A411A430723190000241140FB
:1021500013420CD00F231340042B00D1F9E0111DC2
:1021600091429B410A005B4259075B021C0BD2085B
:102170000A43904600233FE680244B462403234233
:1021800009D05B46234206D11C4324032E0090460F
:10219000714B240B30E680244B4624031C4324035C
:1021A000029E6D4B240B27E6002B00D100E7009820
:1021B000511E84466444844200D284E0BC4200D272
:1021C000AEE000D1C1E00A00F0E6424500D92CE6BD
:1021D0004B46DC07580843465B081C434346DF0771
:1021E0002AE601F0CDF915239C468444020063469B
:1021F00020321C2B00DC2EE7230008388340994650
:102200000023984636E701F0BBF9020003001532BF
:1022100020331C2A00DCFBE60099083881400022AC
:102220008B4602E70099013B8C466444A14200D9E9
:102230009AE6A24200D897E6831E644494E6AC4630
:102240006144013F8D4200D980E68A4200D87DE694
:10225000871E61447AE6854200D05FE6B94500D921
:102260005CE656E6A24200D81AE6831E644417E6EE
:102270008A4200D800E6AC46831E98466144FBE5DE
:1022800037481400504482405B4617008340CC40DE
:102290007A1E974123433B431A005B46CB405107CC
:1022A00009D00F211140042905D0111D91429241FE
:1022B00052429B180A00190200D455E7002201235C
:1022C0000024904698E50A00BC4200D06EE64B45DB
:1022D00000D06BE66CE6234B234A5344924500DA68
:1022E00018E7012149420A1D8A42894149428B442B
:1022F00066E60F211140042900D161E61100F2E7E2
:10230000BC4200D80AE602235B429C4600994F4437
:102310004F459B41E3448C465B426344C018FFE554
:102320004946009D480048458941AC4649426144C0
:102330008146023A6418C7E780245B4624031C43A5
:1023400024039046044B240B56E59945E8D30A0034
:10235000BDE7002308E7C046FF0700003E04000079
:102360001E040000FF03000002FCFFFFF0B557460B
:10237000DE464E464546E0B50D000400E80F8346B4
:102380000903D80F090B824619488C461F036900C0
:102390005E00490D3F0B760D814218D086420FD06A
:1023A0000120B1420DD1BC450BD1944209D1D34596
:1023B0001CD0002905D160462043431E984100E00F
:1023C0000120F0BCBB46B246A946A046F0BD0120A4
:1023D0008E42F6D1614639430F0017432743F0D1AF
:1023E0005B465246981A431E9841EAE70020E8E708
:1023F000FF070000F0B557464E464546DE46E0B5BD
:102400000D000F03390B83B0040080460191580082
:10241000E90F314F400D8C466E00190382469146FC
:10242000760D090BD80FBE421FD0BA450FD0002E33
:102430002FD15546019E3443002D27D10A433AD06F
:10244000002C45D100281AD10120404217E0114349
:102450003BD1002E02D1019F2743F3D0844509D1FF
:102460006346002BF0D0604609E0019F27432CD142
:10247000B24524D063460220013B1840013803B026
:10248000F0BCBB46B246A946A046F0BD002CD9D050
:10249000E4E75446002CEDD08445EBD15645E9DC09
:1024A000DEDB019B8B42E5D8DAD1C845E2D80020BB
:1024B000C845E4D2D4E70020002CE0D0DAE711438D
:1024C00003D18445D6D10020D9E702204042D6E787
:1024D0008445E6D0CEE7C046FF070000F0B557467A
:1024E0004E464546DE46E0B50D000F03040080462B
:1024F000E80F390B844683B05800304F400D0191EE
:102500001E03690082469146490D360BD80FB94229
:1025100020D0BA450FD000292BD101990C43514648
:10252000002937D1324338D0002C44D1002819D1AA
:102530000120404216E0164313D1002902D1019F29
:102540002743F3D0844520D063460220013B184046
:10255000013807E0019F274303D18A45F4D1164390
:102560001FD0022003B0F0BCBB46B246A946A0462D
:10257000F0BD5446002CE7D08445E5D15145E3DC5D
:1025800003DB019BB342DFD80FD06346002BCFD0D3
:102590006046E7E7002CC9D0D4E70020002CE1D04A
:1025A000D2E78445D0D10020DCE7C845CCD8002054
:1025B000C845D7D2E9E78445E3D0C5E7FF07000067
:1025C000F0B55746DE464E464546E0B51F000B03C4
:1025D0001B0B16009A46CA0F4B000400934687B0A7
:1025E0005B0D00D1D5E0BB4A934200D1F8E05146E3
:1025F000420FC9000A43802109041143C2009146D9
:10260000B54A8A469D180023984602933C037B00F6
:10261000FA0F3000240B5B0D009200D196E0AD4A1A
:10262000934231D0720FE4002243802424041443E7
:10263000A94AF000944663445B195A1C0192424631
:1026400000260A2A42DC5A4600994A4093464246EE
:10265000022A32DC013A012A00D949E1022E00D1D6
:10266000CAE0012E3DD100230024002210005A466A
:102670001B052343D2071343190007B0F0BCBB4628
:10268000B246A946A046F0BD924B2643EB18002E59
:1026900000D1BBE00322414611435A4688460099C7
:1026A0004A40802109018C4629006144019141463C
:1026B0000A2900DD33E2934603264246012797406C
:1026C000A6213A00C9000A400F4231D0029E022ED4
:1026D00000D135E2032E00D1D2E154464846012E06
:1026E000C1D0019A7D4B94466344002B00DCC0E0CE
:1026F000420709D00F220240042A05D0021D82425F
:102700008041404224181000E20106D5744B019A22
:102710001C4080239446DB006344724A93426BDC86
:102720006207C00864025B050243240B5B0D9DE752
:10273000902189000F4263D188223A4200D1D7E02C
:10274000009BA2469B4681460296BFE72300334387
:1027500000D17FE0002C00D1ADE1200000F010FF9F
:10276000020003000B3A1D201900821A30000839BC
:10277000D0408C400443300088405B4AEB1A9446BA
:1027800063445A1C0192424600260A2A00DC5AE79A
:102790009CE753460343994654D05346002B00D13F
:1027A00077E1504600F0ECFE0B235B429C460200B2
:1027B000844411005046083988401D2380466046F5
:1027C0001B1A2000D8400300404603439A462300CA
:1027D0008B4099460023444D9846AD1A029315E765
:1027E00052460243914626D100221D000223924602
:1027F00008329046029309E700240022354B35E762
:10280000002380249B462403324B2FE702224146BB
:1028100011438022120194462A00624488460192A4
:102820000A2900DD52E75A460020009904004A4078
:10283000934602260BE70C221D0003238146904697
:102840000293E3E600239A4604339846033B0025AF
:102850000293DBE6424601331A432B0090465A1C92
:10286000019242460024002001260A2A00DCEAE602
:102870002CE70122D21A382A00DDF4E61F2A00DCF8
:102880002AE11F214942CB1A2100D9400B00202AFE
:1028900005D0164A019D94466544AC402043421E33
:1028A00090411843072319000024014003420CD033
:1028B0000F230340042B00D140E1031D8342A441B8
:1028C0001800644261076402240BC20800230A4313
:1028D000CCE6C046FF07000001FCFFFFFF0300003D
:1028E000FFFFFFFEFE0700000DFCFFFF3E0400009F
:1028F00049464A460904090C0D00160C020C000456
:10290000000C4543AC4605007543A84615000F0072
:102910007543009202952A00009D6F4365462D0C79
:10292000A94647444F44B84505D9150080225202B4
:102930009046454402953D0C039565462D043F04A1
:102940002D0CAC463D0065440495250C2404240C54
:10295000AC4625007543A84665460F0069434144CF
:1029600089466743390C49446E43884503D9802220
:102970005202904646440D0CA84635004544059544
:10298000039D3F04A8463F0C0904C91988444546E5
:10299000039555462E04360C2F0C350045437843DD
:1029A00081463800A8462D0CAA46009A504372432F
:1029B0004A445244914503D980256D02A9464844B2
:1029C000150CA94645462D042D0CA84665467D43A9
:1029D000120448449044A9463200654662436E435F
:1029E0007C43170C3619BF19BC4203D980246402FA
:1029F000A446E144029C039EA446059D66448E4283
:102A00008941AC4612043C04120CA21862444942AB
:102A100054184644A4464645A44182466442A04612
:102A2000AA4292418C458941E244D04449425242F3
:102A30000A43A045A44182458941644249420C436E
:102A400041463F0CD2191219CC0D0499700208436B
:102A5000411E884141464A44F60D52023043490224
:102A600014430843D20135D50122430802401343E1
:102A7000E0071843640834E6009BA2469B46814663
:102A80008024534624031C4324034A462E4B240B24
:102A9000ECE500F075FD15239C4684440200634676
:102AA00020321C2B00DC84E60023994623000838E2
:102AB00083409A468EE600F063FD02000300153263
:102AC00020331C2A00DC4EE602003400083A0020C5
:102AD000944052E6019304E61C4B21009C460300FF
:102AE000019DD3406544A94019430300AB40581EE3
:102AF000834119430800D4404B0709D00F230B40F2
:102B0000042B05D00B1D8B42804140422418180035
:102B1000230200D4D6E6012300240022A6E50F29D3
:102B2000AAD1802352461B031A42A9D01C42A7D126
:102B30001C43009B02009B46034B97E50024C1E623
:102B40000024014B220091E5FF0700001E04000055
:102B5000F0B54E464546DE465746E0B585B0009096
:102B600001910C034F00CE0F610A009CB046640F28
:102B70000C4300997F0DC80011001A001B039C46EE
:102B80000091019251004B0D9946019B009DD90F78
:102B900063466A0F5B0A1343EA0094469346C14AB0
:102BA00003900293914500D1CDE0012569404D4647
:102BB0007D1BAA468E4200D180E0002D00DC35E36B
:102BC0004946002900D1DFE0974200D194E1524606
:102BD0000125382A19DC8022029B12041343029338
:102BE00052461F2A00DDE3E1534620226146029D42
:102BF000D21A9540D9400D43614691400A00511EBA
:102C00008A411543029ADA40A41A451BA842804122
:102C10004042241A230200D43DE16402640A002CDD
:102C200000D147E1200000F0ABFC0300083B20216D
:102C30002800CA1AD0409C4002009D4022439F4277
:102C400000DD77E1D81B0130091A2C008D40C4400B
:102C50006B1E9D411300C2408B402543002714008A
:102C60001D436B0709D00F232B40042B05D02B1DD0
:102C7000AB42AD416D4264191D00230200D440E116
:102C8000884A0137974200D101E10126434686492F
:102C9000ED0821404A072A437C054D022D0B640DA7
:102CA0001E4024052C43F60734431000210005B0D4
:102CB000F0BCBB46B246A946A046F0BD002D00DCE4
:102CC000D0E24946002900D0D4E06146029B194376
:102CD00000D12BE1691E012D00D1D9E1954200D12F
:102CE0000AE10125382917DC8A4653461F2B00DDEF
:102CF000E7E12022D21A029B614693401D00534611
:102D0000D940634693401A000D43511E8A415346F1
:102D10001543029ADA40A4182D188542804140429A
:102D20002418230200D4B6E05E4B01379F4200D145
:102D3000ADE001215C4B6A081C4029400A43E507CD
:102D4000154364088DE7594A029B92466246BA448D
:102D50001A432CD08E422ED05246002A60D0002F2B
:102D600000D1DBE063460E00029CD80862070243F4
:102D7000E4081300234300D154E280252D032543AA
:102D80002D03484C2D0B8CE76146029B194300D163
:102D9000CCE029000139012D00D188E1954200D114
:102DA000AAE00125382900DD2FE78A4618E701222D
:102DB00051408E42D0D15346002B00D1BEE0002FAF
:102DC00000D038E1CA462200024300D1E2E1534676
:102DD000591E012B00D10DE2324A924500D1D2E1B9
:102DE0000127382913DC1F2900DDEEE12022029B98
:102DF000521A250007009A46CC4090409540CF409B
:102E0000A244421E904153462F43074302933D0084
:102E1000654465459241029B52424F46D41880E773
:102E2000234A7D1C154200D0AAE062462500029B81
:102E300005431A43002F00D0F5E0002D00D16BE1CF
:102E4000002A00D152E16346C51A029BE21AA84249
:102E50009B415B42D31A1A0200D4D5E163461D1A86
:102E6000AC4592410126029B52421C1B8846A41A83
:102E70000E40F6E697423FD052460125382A00DD43
:102E80004AE78022029B1204134302932DE73C0081
:102E90000025002205E707232B40002B00D0E2E6A7
:102EA0006BE0C046FF070000FFFF7FFF01F8FFFF58
:102EB000FE070000280000F063FB030018331F2BFF
:102EC00000DCB4E62A00083882409F4200DDB9E009
:102ED000DB1B581C1F2800DCA0E115001F3BDD4058
:102EE000202805D040231B1A9A40531E9A411543AF
:102EF000072300272B40D0E7C00862070243E408FD
:102F000037E7EA0863071A43D34BE4089F4200D12E
:102F10002FE72403250B7C05640DC2E6CA46220078
:102F2000024358D163460E00029C0393039B57460D
:102F3000DA08E7E7C94CFF1A144092E6C84D7A1C3C
:102F40002A4200D084E022000243002F00D0EFE0AC
:102F5000002A00D1E5E0624602990A4300D1C5E0AB
:102F60006346C5188C46854280416444404224181B
:102F7000230202D5B94B01371C40BA460395D5E769
:102F80006246851AA842924152429146029BE31A38
:102F90001A004B46D21A130091461A026CD44A46C4
:102FA0004C462A4300D03AE600260024002578E665
:102FB000029953460D00203AD540202B06D04022DE
:102FC000D21A0B00934062461A4393465B465A1E40
:102FD00093411D4319E653465A1E012B00D1C6E00A
:102FE0009D4EB24500D1BDE688460E000125382A27
:102FF00010DC1F2A7FDC20212500891A0700884069
:103000008D40D740D440411E8841029B3D431B1B4D
:10301000054302936246551BAC459241029B5242C6
:103020004F469C1AF6E5002D00D0B7E0002A00D1EB
:10303000F0E001260E4063460298D90842070A4391
:10304000C40896E6854CFF1A14406207E40860E75E
:1030500081498A4200D1C9E06346C118814280415A
:10306000029B4042E3181B18DD075C080723490850
:103070000D4317002B4010E763461D1AAC459241E3
:103080000126029B52421C1B8846A41A0E40C6E52C
:103090006346C518029B854280419C464042644479
:1030A00024180127230200D4F5E6022741E66346EF
:1030B000C51AA8428041029B4042E41A0127241A03
:1030C000A8E5029D52462B00203AD34019005346F2
:1030D000202B06D04022D21A2B00934062461A437E
:1030E00093465D466B1E9D410D4315E66207C00881
:1030F0000243E4080DE7110027002039CF40202AC1
:1031000005D040218A1A9440250005430395039D6C
:103110006A1E95413D437DE7002A00D144E7012620
:103120000E406346D908029B5A070A43DC08F0E6C2
:10313000002A28D06246029FC0083A4300D1DCE64C
:10314000620710438022E4081203144209D0FD08EC
:10315000154206D1634601262C00D8087B07184388
:103160000E40420FC000C0085207024301E663460A
:103170001D1AAC459241029B52421C1B0E00884610
:103180000127A41A46E56346D908029B5A070A4359
:10319000DC08EEE56346029C0393C7E6C008002AFC
:1031A00000D1AAE6620710438022E4081203144209
:1031B000D7D0029FFD081542D3D163460126D80817
:1031C0007B072C0018430E40CBE70A002700203A6B
:1031D000D740202905D04022521A944025000543AB
:1031E0000395039D6A1E95412F4310E614000025A8
:1031F000002256E5029B60449946604592414C444A
:1032000052420500A4184CE71A001C002A4300D0C3
:10321000B3E6C9E6802400262403AEE5202100257C
:10322000091A17E5002200250B4C3AE5002D00D1C4
:10323000F6E54B46DA1B9246002F00D16FE6382A9E
:1032400005DC80263604344388460E00D1E68846E5
:103250000E000125DEE6C046FF070000FFFF7FFFEE
:10326000FE070000002D00D168E64B46D91B002F59
:1032700001D18A46A7E50127382900DDC7E580226C
:1032800012041443AFE5C046F0B5C6461E03360B24
:10329000B0460D4E0C034D005F0000B5240B6D0DC4
:1032A0007F0DB5420BD0084900208F4204D146461D
:1032B00016433000431E984180BCB846F0BD04431D
:1032C0000120002CF8D1EEE7FF0700000B00020000
:1032D00070B5164D0C0382B0490000200092019396
:1032E000240B490DDE0FA94204DD1148814203DDA4
:1032F000104BF01802B070BD8020400320430E4CEC
:10330000641A1F2C08DD0D4B5B1AD840030058428D
:10331000002EEFD11800EDE7094B009A9C46030000
:1033200061448B40E2401343F1E7C046FE030000D6
:103330001D040000FFFFFF7F3304000013040000A2
:10334000EDFBFFFF70B5002816D0C317C5185D4010
:10335000C40F280000F014F9104B1B1A5B055B0D1D
:103360000A2814DC02002E00153296400B22121A95
:10337000D5402D032D0B03E000240023002500265B
:103380001B052B43E40723433000190070BD0B38A5
:1033900085402D0300262D0BF2E7C0461E040000D9
:1033A00010B5041E10D000F0EBF80E4B1B1A5B0595
:1033B0005B0D0A280FDC0B222100121AD1401530B8
:1033C0000A038440120B01E0002300221B05134373
:1033D0002000190010BD22000B3882401203002487
:1033E000120BF3E71E04000070B542024300C40F45
:1033F000FE201B0E591C550A08420CD0E021890002
:103400008C466D07120B63441B051343E4072343EB
:103410002800190070BD002B14D1002D1BD02800EE
:1034200000F0AEF80A281CDC0B232A001B1ADA4035
:10343000030015339D400E4B12031B1A5B05120B44
:103440005B0DE1E7002D09D0130B802212031A4314
:103450006D07084BD8E700230022D5E70022054B73
:10346000D2E703002A000B3B9A400025E3E7C04661
:1034700089030000FF070000F0B54B000F035B0D50
:103480003B4C450F83B07F0A5E1C2F430090019197
:10349000CA0FC50026420BD036495C18FE2C13DD3E
:1034A000FF200023C0051843D207104303B0F0BD2E
:1034B000002B02D100200023F4E73D43F0D080230D
:1034C000DB03FF203B43EDE7002C14DD009BFF00F6
:1034D0009B01581E8341690F3B430B43590741D061
:1034E0000F211940042928D00433590125D501346E
:1034F0000023E0B2D6E721001731DBDB80211E205C
:1035000009043943001B1F281BDD02267642341BA9
:103510000E00E6403400202804D017488446634457
:1035200099400D432B00591E8B412343590715D059
:103530000F2100241940042917D19B015B0AE0B236
:10354000B0E70E4C1C192B00A540C340A140681EDB
:10355000854129430B4300245907C1D19B01002019
:103560005B0A9FE7DB08E0B29CE70433E5E7C0466F
:10357000FE07000080FCFFFFA2FCFFFF82FCFFFFB4
:103580001C2101231B04984201D3000C10391B0A93
:10359000984201D3000A08391B09984201D3000957
:1035A000043902A2105C40187047C04604030202AE
:1035B00001010101000000000000000010B5002919
:1035C00003D1FFF7DDFF203002E00800FFF7D8FF4E
:1035D00010BDC04680B500AFBFF34F8FC046044B4F
:1035E000044ADA60BFF34F8FC046C046FDE7C046CD
:1035F00000ED00E00400FA0580B500AF00F012F81D
:1036000000F08EF800F0C0F800F02AF900F0B8F9E8
:1036100000F0CAFA00F03AFC00F0CAFCC046BD4611
:1036200080BD000090B583B000AF3B1D00221A7032
:10363000BB1D08221A80BB1C00221A80334ABB1C07
:1036400012881A80BB1C1B88314A934207D1314B28
:1036500001221A70304B00221A70FA2351E0BB1C71
:103660001B881B0A9BB2DAB22A4B1A70294B1B78B3
:10367000002B02D1274B01221A70BB1C1B88DAB227
:10368000254B1A707B1D01221A7032E07B1C002230
:103690001A7024E0BB1D1B881C4A94466344190021
:1036A0007B1D1B785A1E7B1C1B78DBB21C000B8811
:1036B00098B21A4913009B009B185B009B181B19BA
:1036C0005B00021C5A52BB1DBA1D128808321A80B8
:1036D0007B1C1B78DBB20133DAB27B1C1A707B1CBB
:1036E0001B78DBB20A2BD5D97B1D1A787B1D0132E2
:1036F0001A70084B1B787A1D12789A42C6D93B1D66
:103700001B781800BD4603B090BDC04600A807084E
:10371000FFFF00007C000020B41A0020AC1600203F
:1037200080B582B000AFFB1D00221A70BB1D0122C4
:103730001A7019E0BB1D1B789BB2013398B2BB1DF8
:103740001B78013B5A000E4BD31819000FF065FA95
:10375000BB1D1B78192B02D9FB1D0A221A70BB1D39
:103760001A78BB1D01321A70064B1B78BA1D1278ED
:103770009A42DFD9FB1D1B781800BD4602B080BD00
:10378000801A00207C00002090B583B000AFFB1CA5
:1037900000221A70BB1D00221A803B0000221A80F2
:1037A0007B1D00221A704BE03B1D01221A7033E092
:1037B000BB1D1B881C339BB23A00110018000FF090
:1037C0002CFA3B0018887B1D1A783B1D1978C4B26F
:1037D000214813009B009B185B00C318221C5A54FD
:1037E0003B001B881B0A98B27B1D1A783B1D1B7877
:1037F000591EC4B2184813009B009B185B00C318E5
:10380000221C5A54BB1D1A88BB1D01321A803B1D55
:103810003A1D127802321A703B1D1B78092BC7D94A
:103820007B1D1A780C4913009B009B185B00CB187A
:10383000093300221A707B1D1A787B1D01321A7021
:10384000064B1B787A1D12789A42ADD9FB1C1B7867
:103850001800BD4603B090BD201900207C00002058
:1038600090B583B000AFFB1C00221A70BB1D002274
:103870001A803B0000221A807B1D00221A707B1DDB
:1038800000221A7015E0BB1D1B88CB3398B27B1D3C
:103890001B785A00374BD31819000FF0BEF9BB1D27
:1038A0001A88BB1D01321A807B1D1A787B1D0132DC
:1038B0001A70314B1B787A1D12789A42E3D37B1D24
:1038C00000221A704BE03B1D01221A7033E0BB1D31
:1038D0001B8899339BB23A00110018000FF09DF934
:1038E0003B0018887B1D1A783B1D1978C4B2234809
:1038F00013009B009B185B00C318221C5A543B000A
:103900001B881B0A98B27B1D1A783B1D1B78591E19
:10391000C4B21A4813009B009B185B00C318221CFA
:103920005A54BB1D1A88BB1D01321A803B1D3A1D1B
:10393000127802321A703B1D1B78092BC7D97B1DE8
:103940001A780E4913009B009B185B00CB180933B3
:1039500000221A707B1D1A787B1D01321A707B1DA4
:103960001B78092BAFD9FB1C1B781800BD4603B090
:1039700090BDC0464C1A00207C000020BC090020ED
:10398000B0B588B002AF0B23FB1800221A703B1DA4
:1039900000221A80BB1C00221A8008243B19002236
:1039A0001A80BB1D00221A8017257B1900221A706D
:1039B00000233B610023FB603B1D1900E4200FF056
:1039C0002CF903001A003B191A803B191B88002BA5
:1039D00003D13B1D1A887B191A703B1D1900E52085
:1039E0000FF01BF903001A0008243B191A80BB1CB6
:1039F0001900E6200FF011F903001A00BB1D1A8010
:103A00003B191B88002B0AD1BB1D1B88002B06D13C
:103A10003B1D1B881B04BA1C12889B183B613B1D75
:103A20001900E7200FF0F9F803001A0008243B19E9
:103A30001A80BB1C1900E8200FF0EFF803001A00F1
:103A4000BB1D1A803B191B88002B0AD1BB1D1B888C
:103A5000002B06D13B1D1B881B04BA1C12889B1827
:103A6000FB603B1D1900E9200FF0D7F803001A0096
:103A700008217B181A807B181B88002B0BD13B1D5B
:103A80001B881B0A9BB2DAB2414B1A703B1D1B8884
:103A9000DAB2404B1A703B1D1900EA200FF0BDF856
:103AA00003001A0008217B181A807B181B88002B42
:103AB0000BD13B1D1B881B0A9BB2DAB2364B1A7026
:103AC0003B1D1B88DAB2354B1A703B1D1900EB20E9
:103AD0000FF0A3F803001A0008217B181A807B1846
:103AE0001B88002B0BD13B1D1B881B0A9BB2DAB233
:103AF0002B4B1A703B1D1B88DAB22A4B1A70244BD1
:103B00001B78002B11D0234B1B78002B0DD0204BA2
:103B10001D78204B1B78FC6839691722BA18107879
:103B200000932B00220007F0A3FA1B4B1B78002BFD
:103B300011D01A4B1B78002B0DD0174B1D78174B4B
:103B40001B78FC6839691722BA18107800932B008B
:103B5000220007F08DFA124B1B78002B11D0114B6D
:103B60001B78002B0DD00E4B1D780E4B1B78FC687C
:103B700039691722BA18107800932B00220007F039
:103B800077FA0B23FB181B781800BD4606B0B0BDB2
:103B9000DB1A0020DC1A0020DD1A0020DE1A0020CB
:103BA000DF1A0020E01A0020B0B584B000AF0F2368
:103BB000FB1800221A7008243A198A235B001100AE
:103BC00018000FF02AF803001A000C217B181A8045
:103BD0007B181B88002B24D13B191B881A1C03233C
:103BE0001340DAB2A44B03210A4050011A78602135
:103BF0008A43111C021C0A431A703B191B881B0ABA
:103C00009BB21A1C01231340DAB29B4B01210A40DC
:103C100090001A7804218A43111C021C0A431A706E
:103C20001FE0964B1B785B069B0FDAB2924B032189
:103C30000A4050011A7860218A43111C021C0A4371
:103C40001A708E4B1B785B07DB0FDAB28A4B0121AF
:103C50000A4090001A7804218A43111C021C0A436E
:103C60001A7008243A198E235B00110018000EF018
:103C7000D4FF03001A000C217B181A807B181B88C4
:103C8000002B11D13B191B881BB29BB2DB0BDAB2A4
:103C9000794B01210A40D0001A7808218A43111C6F
:103CA000021C0A431A700FE0744B1B781B07DB0FD2
:103CB000DAB2714B01210A40D0001A7808218A43F8
:103CC000111C021C0A431A7008243A191623FF33E8
:103CD000110018000EF0A1FF03001A000C217B1840
:103CE0001A807B181B88002B04D13B191A88644B5F
:103CF0001A8003E0634B1A88614B1A8008243A1932
:103D00008B235B00110018000EF087FF03001A00E0
:103D10000C217B181A807B181B88002B04D13B19BF
:103D20001A88574B5A8003E0564B5A88544B5A8096
:103D300008243A191823FF33110018000EF06DFF04
:103D400003001A000C217B181A807B181B88002B9B
:103D50000CD13B191B88DAB2494B1A713B191B88ED
:103D60001B0A9BB2DAB2464B5A7107E0454B1A79EF
:103D7000434B1A71434B5A79414B5A7108243A19F3
:103D80008C235B00110018000EF047FF03001A009F
:103D90000C257B191A80BA1D1A23FF331100180055
:103DA0000EF03BFF03001A000A217B181A807B19D2
:103DB0001B88002B0DD17B181B88002B09D13B19C8
:103DC0001B881A00BB1D1B881B041A432C4B9A60CE
:103DD0000CE02D4B1B78002B04D0294BE122520222
:103DE0009A6003E0274B9A68254B9A6008243A1999
:103DF0008D235B00110018000EF00FFF03001A0066
:103E00000C217B181A807B181B88002B0CD13B19C6
:103E10001B88DAB21A4B1A733B191B881B0A9BB218
:103E2000DAB2174B5A7305E0154B18225A73144B2C
:103E300000221A7308243A191C23FF3311001800BA
:103E40000EF0EBFE03001A000C217B181A807B1881
:103E50001B88002B05D13B191B88DAB2084B9A76D8
:103E600003E0084B9A7E064B9A760F23FB181B78CB
:103E70001800BD4604B0B0BDD41A0020D81A0020E6
:103E8000B81A002080000020DA1A002080B582B025
:103E900000AFBB1D00221A703B0000221A803B1DA0
:103EA00000221A80FB1C00221A70FB1D00221A70CF
:103EB00071E0FB1D1B783B339BB29B009BB23A0029
:103EC000110018000EF0A9FE03001A003B1D1A8015
:103ED0003B1D1B88002B59D13B001B881B0A9AB243
:103EE000FB1C1A70FB1C1B781B09DBB21A00FB1DA4
:103EF0001B7801339A4249D1FB1C1B780F221340D7
:103F000044D0FB1D1B785A1CFB1C1B780F210B4057
:103F1000D8B2264913005B009B18CB180133021C52
:103F20001A703B001988FB1D1B785A1CC8B21F4928
:103F300013005B009B18CB180233021C1A70FB1D88
:103F40001B785A1C194913005B009B18CB180133CE
:103F50001A78FB1D1B780133DBB2190010000FF03B
:103F60004DFDFB1D1B780133D8B2FB1D1B785A1C7D
:103F70000E4913005B009B18CB1802331B780122FB
:103F80001340DBB2002219000FF036FFFB1D1A7838
:103F9000FB1D01321A70FB1D1B78052B89D9BB1D37
:103FA0001B781800BD4602B080BDC046783A00209C
:103FB00090B585B000AF0F23FB1800221A706F4B2D
:103FC000BB60322020F05AF803003B603B68002BB6
:103FD00001D1FB23CEE0BB681B78FE2B01D0FF2371
:103FE000C8E0FB1D00221A70B8E00F23FB18002266
:103FF0001A7010E0BB685A1CBA6019000F203B18F9
:104000001B783A68D3180A78D2B21A703B181A781B
:104010003B1801321A700F243B191B78132BE9D976
:10402000FB1D1A7813009B009B189B00544A98189C
:104030003B6801331422190021F03BFD3B68142238
:104040000021180021F00DFC3B1900221A70BB68FA
:104050001433BB600FE0BA680F203B181B78396837
:10406000CB1812781A70BB680133BB603B183A1842
:10407000127801321A70BB681B78FE2B08D0BB681F
:104080001B78FF2B04D00F23FB181B78312BE2D9B0
:104090000F217B181B78013B3A68D3181B78002B43
:1040A00004D07B187A18127801321A700F23FB188B
:1040B0001A78FB1D1C7810001FF0E0FF03001900A8
:1040C0002F4A23009B001B199B00D3180C33196047
:1040D000FB1D1A782A4913009B009B189B00CB18E4
:1040E0000C331B68002B12D1FB1D1A7813009B00A8
:1040F0009B189B00224A9B1814220021180021F0D3
:10410000B0FB3B6818001FF0C3FF0E2332E0FB1D1D
:104110001A781B4913009B009B189B00CB180C338B
:1041200018680F243B191A783B68190021F0C1FC6C
:10413000144B1B780133DAB2124B1A703B191A7800
:104140003B680021180021F08CFBBB681B78FE2B1C
:104150000AD1FB1D1A78FB1D01321A70FB1D1B785A
:10416000042B00D841E700E0C0463B6818001FF070
:104170008FFF00231800BD4605B090BD00B00708B2
:10418000681B00205D0A002080B582B000AFFB1DD7
:1041900000221A70BB1D01221A7021E0BB1D1B7882
:1041A0005A1E154B5200D35A002B0DD0BB1D1B7845
:1041B0009BB2013398B2BB1D1B785A1E0E4B5200A6
:1041C000D35A19000EF04AFDBB1D1B78192B02D9DA
:1041D000FB1D0A221A70BB1D1A78BB1D01321A7012
:1041E000064B1B78BA1D12789A42D7D9FB1D1B7853
:1041F0001800BD4602B080BD801A00207C0000205F
:1042000090B583B000AFFB1C00221A70BB1D0022CA
:104210001A803B0000221A807B1D00221A7047E0A2
:104220007B1D1A78284913009B009B185B005B5C80
:10423000002B38D03B1D01221A7030E07B1D1A780C
:104240003B1D1B78591E204813009B009B185B00E8
:10425000C3185B5C1B0299B27B1D1A783B1D187852
:10426000194C13009B009B185B00E3181B5C1A00A1
:104270003B008A181A80BB1D1B881C339AB23B0076
:104280001B88190010000EF0E9FCBB1D1A88BB1D2D
:1042900001321A803B1D3A1D127802321A703B1D02
:1042A0001B78092BCAD97B1D1A787B1D01321A7025
:1042B000064B1B787A1D12789A42B1D9FB1C1B78E9
:1042C0001800BD4603B090BD201900207C000020DE
:1042D000F0B587B000AFB9607A6019000F243B19C0
:1042E000021C1A700E257B190A1C1A701726BB199E
:1042F00000221A703B191B789BB21900E4200EF0C3
:10430000ADFCBB681B0A9BB21900E5200EF0A6FCB1
:10431000BB689BB21900E6200EF0A0FC7B681B0A6C
:104320009BB21900E7200EF099FC7B689BB2190044
:10433000E8200EF093FC7B191B789BB21B029AB20B
:10434000202310241B19DB191B789BB2D3189BB2B6
:104350001900E9200EF082FC24231B19DB191B78BD
:104360009BB21B029AB228231B19DB191B789BB244
:10437000D3189BB21900EA200EF070FC2C231B19F5
:10438000DB191B789BB21B029AB230231B19DB1975
:104390001B789BB2D3189BB21900EB200EF05EFC89
:1043A000BB191B781800BD4607B0F0BD80B582B0C0
:1043B00000AFFB1D00221A70284B1A881623FF330A
:1043C000110018000EF04AFC244B5A888B235B0026
:1043D000110018000EF042FC204B5B791B021AB250
:1043E0001E4B1B7B1BB213431BB29AB21823FF3325
:1043F000110018000EF032FC184B9B689AB28C2307
:104400005B00110018000EF029FC144B9B681B0C7C
:104410009AB21A23FF33110018000EF01FFC0F4B45
:104420005B7B1B021AB20D4B1B791BB213431BB2F1
:104430009AB28D235B00110018000EF00FFC074BA1
:104440009B7E1A001C23FF33110018000EF006FC9F
:10445000FB1D1B781800BD4602B080BDB81A0020B5
:1044600080B582B000AFFB1D00221A701B4B3422B6
:104470000021180021F0F5F9BB1D01221A7021E07E
:10448000BB1D1B785A1E154B5200D35A002B0DD062
:10449000BB1D1B789BB2013398B2BB1D1B785A1E03
:1044A0000E4B5200D35A19000EF0D8FBBB1D1B78DF
:1044B000192B02D9FB1D0A221A70BB1D1A78BB1DCD
:1044C00001321A70064B1B78BA1D12789A42D7D95E
:1044D000FB1D1B781800BD4602B080BD801A00206D
:1044E0007C000020B0B58EB002AF1423F8180A2566
:1044F0007A191823F9180823FB18009303000120E8
:104500000EF052FD0C23F818BA1D1023F9183B1DAC
:104510000093030002200EF047FD1C217B180122AE
:104520005A607B1800229A607B191B881A007B183E
:104530001A60BB691A000C007B18190010001AF0F1
:104540007DFD21007B1800225A607B1802229A60B0
:104550003B1D1B881A007B181A60FB681A007B1829
:10456000190010001AF06AFDBB6918007B191B883E
:10457000002219001AF0EBFE052010F02BFEFB685C
:104580001A003B1D1B88190010001AF0C3FE031E01
:1045900017D1BB6918007B191B88012219001AF07A
:1045A000D6FE052010F016FEFB681A003B1D1B8886
:1045B000190010001AF0AEFE0300012B01D10123F7
:1045C00000E000231800BD460CB0B0BD90B585B02A
:1045D00000AF78600F23FB1800221A701CE00F2434
:1045E0003B191A78114913005B009B189B00CB18EC
:1045F00008331A687B6811001800FBF785FD031E5D
:1046000004D13B191B780133DBB20BE00F217B187F
:104610001A787B1801321A700F23FB181B78022BB3
:10462000DDD900231800BD4605B090BDC4010020AF
:1046300080B584B000AF78600F23FB1800221A7099
:1046400041E0264A7B6811001800FBF75DFD031E60
:1046500001D101233DE0224A7B6811001800FBF7DD
:1046600053FD031E01D1022333E01E4A7B68110073
:104670001800FBF749FD031E01D1032329E01A4A64
:104680007B6811001800FBF73FFD031E01D10423D6
:104690001FE0164A7B6811001800FBF735FD031E6A
:1046A00001D1052315E0124A7B6811001800FBF7C1
:1046B0002BFD031E01D106230BE00F217B181A7876
:1046C0007B1801321A700F23FB181B78052BB8D901
:1046D00000231800BD4604B080BDC04680AF02086C
:1046E00084AF020888AF02088CAF020890AF0208BE
:1046F00094AF020880B582B000AF10F031FA10F02C
:104700002BFC0EF05FFA0EF015FB0DF01BFF10F006
:10471000C7FC0EF061F910F0FDFC0EF097FB031ED4
:1047200003D00EF0F1FAFEF755FFFFF7DBFE031E94
:1047300021D03A4B01221A70322010F04BFD0CF0C0
:10474000FDFC374BE12252029A60FB1D01221A70D8
:104750000CE0334B9A68FB1D1B781100180011F018
:104760009BF9FB1D1A78FB1D01321A70FB1D1B788B
:10477000052BEED904E0322010F02CFD0CF0DEFC0D
:10478000FEF73AFF11F0F2FA0DF016FF254B1B78F9
:10479000002B13D180239B012348012219001AF01A
:1047A000D6FDFA235B00180010F014FD80239B0156
:1047B0001D48002219001AF0CAFD26E080239B0143
:1047C0001948012219001AF0C2FDFA235B001800F3
:1047D00010F000FD80239B011348002219001AF0FD
:1047E000B6FD642010F0F6FC80239B010E480122E8
:1047F00019001AF0ACFD642010F0ECFC80239B0142
:104800000948002219001AF0A2FD06F01BFA074B16
:1048100001221A70C046BD4602B080BDDA1A0020DF
:10482000B81A0020B41A0020000400505B0A0020CF
:1048300080B500AF18F030FA0CF06EF8FFF75AFFB1
:1048400006F024FA14F068FFC046BD4680BD0000A3
:10485000F0B587B002AF0F23FB1800221A700E23A9
:10486000FB1800221A700D23FB1800221A707B1D02
:1048700000221A703B1D00221A700C23FB18002224
:104880001A700B23FB1800221A700A23FB1800224F
:104890001A7009243B1900221A70BB1C00221A80CE
:1048A000B84B01221A700823FB1800221A70B64B6D
:1048B0001B78180000F0FAFC322014F035FF3B1989
:1048C00001221A7013E009217B181B785A1EAF4B86
:1048D0009200D35A002B04D00823FB187A181278C0
:1048E0001A7009217B181A787B1801321A70092373
:1048F000FB181B78052BE6D9FB1D01221A701BE063
:10490000A14B1B78FA1D12789A4210D0FA1D082389
:10491000FB1812781B789A4209D0FB1D1B781800EF
:1049200011F0DAF803000121180011F0FFF8FB1D67
:104930001A78FB1D01321A70FB1D1B78052BDFD97D
:10494000914B1B78180000F0B1FC914B02221A70B9
:10495000322014F0E9FE0E23FB1801221A700923FD
:10496000FB1801221A7041E009217B181B785A1E9E
:10497000864B9200D35A002B32D00E243B193A19A1
:10498000127801321A70834B3A1912785A70824B9E
:104990003A1912781A707F4B00221A700D007B189A
:1049A00018780323009310230022002106F07EFFD5
:1049B0003B191B789BB21B029BB27A191278511ECD
:1049C000724A89008A5AD2B211007A191278013AD1
:1049D0005B1899B26D4B9200D152322014F0A4FEB4
:1049E00009217B181A787B1801321A7009217B186B
:1049F0001B78052BB8D9694B1A88694B1A807B182C
:104A000001221A705CE009243B191B785A1E5F4B87
:104A10009200D35A002B4DD03B191B78591EBB1C5A
:104A20005A4A89008A5A1A80BB1C1B881B0A9AB2F0
:104A30007B1D1A703B191B785A1E544B9200D25A98
:104A40003B1D1A707B1D1B78DB001AB23B1D1B78C7
:104A50001BB2134319B23B191A7889B2504B52005A
:104A6000D1523B191B78013B7A1D1278013A474914
:104A70009B00CB1802331888494B16214A43011C6E
:104A8000D152404B1B78DB001AB23B191B781BB28A
:104A9000134319B27B1D1B785A1E3B1D18788CB22C
:104AA0003F4913009B009B185B009B181B185B0081
:104AB000221C5A5209217B181A787B1801321A706D
:104AC0000923FB181B78052B9DD90C23FB18022208
:104AD0001A7017E00E23FB181B789BB21622534363
:104AE00099B22F4A0C243B1918780B00112106F0BB
:104AF00057FE0A2014F018FE21007B181A787B1844
:104B000001321A700C23FA180E23FB1812781B7846
:104B10009A42DFD974E10C23FB1802221A7061E17A
:104B2000BB1D01221A700AE0BB1D1B78013B194A0C
:104B30000121D154BB1D1A78BB1D01321A70BB1D57
:104B40001B780A2BF0D9134B00229A720C243B19C4
:104B50001B780B220E21180006F0D0FD322014F035
:104B6000E3FD3B191B7800220C21180006F0C6FD5E
:104B700096235B00180014F0D7FD0B23FB180122CD
:104B80001A7061E0B41A0020580A0020B8150020FD
:104B90005A0A0020880B00207C0000207A000020A8
:104BA000AC1600200B203B181B78591EBB1CDD4A9D
:104BB00089008A5A1A80BB1C1B881B0A9AB27B1D6B
:104BC0001A70BB1C1B88002B38D07B1D1B78002B58
:104BD00034D10E217B187A18127801321A70D24B18
:104BE0007A1812785A70D14B7A1812781A707B188A
:104BF0001B789BB21B029BB23A181278511EC94A0D
:104C000089008A5AD2B211003A181278013A5B1818
:104C100099B2C44B9200D152C34B01221A70C24BBD
:104C20003A1812789A700C23FB181B780322102173
:104C3000180006F063FD322014F076FD0B217B187E
:104C40001A787B1801321A700B22BB181B780A2BBA
:104C5000A8D9BB1801221A708EE00B243B191B78CF
:104C60005A1EB04B9200D35A002B00D17EE03B1964
:104C70001B78591EBB1CAB4A89008A5A1A80BB1C80
:104C80001B881B0A9AB27B1D1A703B191B785A1E8F
:104C9000A44B9200D25A3B1D1A707B1D1B78012B2E
:104CA00064D00C257B191B785A1E3B191878A04933
:104CB00013009B009B185B009B181B185B005B5A42
:104CC000002B18D17B1D1B78DB001AB23B1D1B7813
:104CD0001BB2134319B27B191B785A1E3B19187863
:104CE0008CB2934913009B009B185B009B181B1808
:104CF0005B00221C5A527B1D1B785A1E3B1D1878E4
:104D00008B4913009B009B185B009B181B185B00D2
:104D10005B5A002B2AD10B243B191B78013B7A1DCF
:104D20001278013A7F499B00CB1802331888804BD8
:104D300016214A43011CD1520C23FB181B78DB00BF
:104D40001AB23B191B781BB2134319B27B1D1B7897
:104D50005A1E3B1D18788CB2754913009B009B1896
:104D60005B009B181B185B00221C5A520B217B18FE
:104D70001A787B1801321A700B243B191B780A2B06
:104D800000D86AE7674B14220021180020F069FD63
:104D90003B1902221A7017E00E23FB181B789BB2F6
:104DA0001622534399B2624A0B243B1918780B0020
:104DB000112106F0F5FC642014F0B6FC21007B18EC
:104DC0001A787B1801321A700B23FA180E23FB187D
:104DD00012781B789A42DFD90C217B181A787B183D
:104DE00001321A700C23FA180E217B1812781B78E6
:104DF0009A4200D894E60D23FB187A1812781A709C
:104E00000D23FA180E23FB1812781B789A4200D053
:104E100081E6484B1B78180000F048FA322014F065
:104E200083FC0C23FB1801221A7020E00C23FB18D2
:104E30001B78591EBB1C404A89008A5A1A80BB1C29
:104E40001B881B0A9AB27B1D1A70BB1C1B88002B87
:104E500007D07B1D1B78002B03D10F23FB180522E5
:104E60001A700C217B181A787B1801321A700C22E8
:104E7000BB181B78052BD9D9BB1802221A703DE04C
:104E80000C23FB181B7800220C21180006F036FCBE
:104E900096235B00180014F047FC0B23FB1801223B
:104EA0001A7020E00B23FB181B78591EBB1C1D4AEF
:104EB00089008A5A1A80BB1C1B881B0A9AB27B1D68
:104EC0001A70BB1C1B88002B07D07B1D1B78002B86
:104ED00003D10F23FB1805221A700B217B181A78B7
:104EE0007B1801321A700B23FB181B780A2BD9D9B7
:104EF0000C217B181A787B1801321A700C23FA18CF
:104F00000E23FB1812781B789A42B9D90F23FB188D
:104F10001B78002B00D057E10923FB1801221A70DF
:104F200024E0C046CC150020880B00207C00002027
:104F3000AC160020580A0020B8150020D44B1B885E
:104F40001BB209203A181278013A80210902114156
:104F50000A0012B2D24312B213401BB29AB2CC4B27
:104F60001A803B181A783B1801321A700923FB1873
:104F70001B78052BE2D90C23FB180E22BA181278E5
:104F80001A70F3E00A23FB1801221A70A9E00C241E
:104F90003B191B785A1E0A257B191878BD49130046
:104FA0009B009B185B009B181B185B005B5A002B37
:104FB00021D17B191B78013BB74A0021D154200035
:104FC0003B181B785A1EB24B5200D35A1BB27A19A7
:104FD0001278013A8021090211410A0012B2D2432B
:104FE00012B2134019B23B181B785A1E89B2A84B53
:104FF0005200D1526FE00C257B191B785A1E0A26ED
:10500000BB191C78B91CA34813009B009B185B00BC
:105010009B181B195B001B5A0B80BB1C1B88DB08F1
:105020009AB27B1D1A70BB1C1B88DAB23B1D07218C
:105030000A401A707B1D1B785A1E954B5200D35A9A
:1050400019003B1D1B78013B802212021A411300FC
:105050000B401ED1BB191B78013B8F4A0121D15453
:105060007B191B785A1E8A4B5200D35A1AB2BB19AD
:105070001B78013B8021090219410B001BB213432D
:1050800019B27B191B785A1E89B2814B5200D1523A
:1050900021E00A203B181B78013B7F4A0021D154B4
:1050A0000C243B191B785A1E794B5200D35A1BB261
:1050B0003A181278013A8021090211410A0012B20D
:1050C000D24312B2134019B23B191B785A1E89B24F
:1050D0006F4B5200D1520A217B181A787B1801328B
:1050E0001A700A23FB181B780A2B00D84FE70C24F0
:1050F0003B191B781900012000F0F8FA20003B183A
:105100001B78013B654AD35C5A1E7B1D64498A5C4F
:105110001A703C1D7B1D1A7805003B181B78110086
:10512000180000F0E3FA030023707A1D7B1912784F
:105130001B789A4206D03B1D1B78013B564AD35C34
:10514000012B02D1544B01229A720C243B191B787B
:105150000B220E21180006F0D1FA0A2014F0E4FA0E
:1051600021007B181A787B18013A1A700C23FB185F
:105170001B78012B00D905E70923FB1801221A70BF
:105180001DE0484B1B7809217A1812789A4210D0FA
:105190007A180823FB1812781B789A4209D07B18DA
:1051A0001B78180010F098FC03000021180010F084
:1051B000BDFC09217B181A787B1801321A7009236B
:1051C000FB181B78052BDCD90F23FB181B78002B51
:1051D00025D10C23FB1802221A7019E00C243B196C
:1051E0001B7800220121180006F088FA3B191B7871
:1051F000013B2A4AD35C1A0013009B009B185B00FA
:10520000180014F091FA3B191A783B1901321A7000
:10521000254B1B780C22BA1812789A42DED90F233C
:10522000FB181B78002B2CD10BF0ACFCFEF7ACFF6D
:10523000642014F079FA0C23FB1802221A7019E08A
:105240000C243B191B7800221521180006F056FA91
:105250003B191B78013B114AD35C1A0013009B00D9
:105260009B185B00180014F05FFA3B191A783B1981
:1052700001321A700C4B1B780C22BA1812789A4221
:10528000DED90F23FB181B781800BD4605B0F0BD12
:10529000801A0020AC160020880B0020E81800209F
:1052A0003C230020580A00207C00002080B586B0F6
:1052B00002AF0200FB1D1A700E23FB1800221A70A9
:1052C0000F23FB1801221A7028E00F217A18FB1D0A
:1052D00012781B789A421BD0164B1B881B0A9BB274
:1052E000DAB2154B1A70134B1B88DAB2124B5A7094
:1052F000114B7A1812789A707B1818780323009350
:105300000A230022002106F0D1FA052014F00CFA3D
:105310000F217B181A787B1801321A700F23FB18A3
:105320001B78052BD1D90E23FB181B781800BD461E
:1053300004B080BD7A000020880B0020F0B58DB04D
:1053400000AF1F23F918087069460E0013211823B7
:10535000CB18D9190020087017211823CB18D91998
:105360000020087016211823CB18D91900200870C6
:1053700015201823C318D9190020087014201823E9
:10538000C318D91900200870D549097808000138D8
:1053900078623961002078613A697B691000400FBA
:1053A0003A617B61DD0005433B69DC003960002028
:1053B00078603C687D682300580F2B00DB00FB60A1
:1053C000FB680343FB602300DB00BB600B0007337B
:1053D000DB08DB006A46D31A9D466B4600333B620E
:1053E00016211823CB18DB1900221A7018E016209A
:1053F0001823C318DB191B783A6A0021D1541823EB
:10540000C318DB191A78B74B52000021D152182368
:10541000C318DB191A781823C318DB1901321A7064
:10542000AF4B1B78162218215218D21912789A42C3
:10543000DDD315211823CB18DB1918228A18D219AD
:10544000127801321A701F23FB181B78013B3A6A4D
:10545000080018240919C9190978D1541823C31848
:10546000DB1918228218D219127801321A70172308
:1054700018229B18DB1901221A7054E01F23FB1815
:105480001B785A1E17241823E318DB19187896493D
:1054900013009B009B185B009B181B185B005B5A5A
:1054A000002B36D01F23FB181B785A1E8D4B520041
:1054B000D35A1AB220001823C318DB191B78013BFA
:1054C000012199400B001BB2134319B21F23FB1893
:1054D0001B785A1E89B2834B5200D1521F23FB18EE
:1054E0001B785A1E1823C318DB1918787E4913003D
:1054F0009B009B185B009B181B185B005B5ADB082A
:105500009BB2013B3A6A152118200918C91909787C
:10551000D15417211823CB18DB191A781823CB186C
:10552000DB1901321A70172318229B18DB191B781C
:10553000062BA3D9142318229B18DB1900221A70FA
:1055400015221823D318DB1918215218D2191278F2
:1055500001321A70162318229B18DB1900221A70C8
:10556000A2E0162318229B18DB191B783A6AD35C39
:105570001A00152318215B18DB191B78013B9A428E
:1055800000D087E0172318229B18DB1901221A701C
:1055900078E016241823E318DB191A781725182346
:1055A000EB18DB191878504913009B009B185B001F
:1055B0009B181B185B005B5A002B59D01823E3186B
:1055C000DB191A781823EB18DB19187846491300F1
:1055D0009B009B185B009B181B185B005B5ADB0849
:1055E0009BB2013B3A6AD35C002B41D120001823C7
:1055F000C318DB191A783B4B5200D35A1AB22C004D
:105600001823E318DB191B78013B012199400B009B
:105610001BB2134319B21823C318DB191A7889B2C5
:10562000304B5200D1521823C318DB191A781823B3
:10563000E318DB1918782C4913009B009B185B00BA
:105640009B181B185B005B5ADB089BB2013B3A6A54
:10565000152118200918C9190978D15414221823C2
:10566000D318DB1918215218D219127801321A7086
:1056700017211823CB18DB191A781823CB18DB193C
:1056800001321A70172318229B18DB191B78062B7E
:1056900000D87EE716211823CB18DB191A781823B7
:1056A000CB18DB1901321A700D4B1B78162218210A
:1056B0005218D21912789A4200D252E714231822B3
:1056C0009B18DB191B78002B00D033E7132318221B
:1056D0009B18DB191B78B5461800BD460DB0F0BD10
:1056E0007C000020E0150020AC160020B0B594B07E
:1056F00000AF0200FB1D1A70BB1D0A1C1A700823A4
:10570000FB1800221A6004332E220021180020F01A
:10571000A8F83B23FB1800221A704F23FB18002225
:105720001A703A23FB1800221A704E23FB1800222D
:105730001A709F4B1A220021180020F092F8FB1DCE
:105740001B78013B9B4A0021D154FB1D1B78013B78
:10575000994A0021D1540123BB6432E0FB1D1B7820
:105760005A1E964913009B009B185B009B18BA6C4D
:105770009B185B005B5A002B20D0FB1D1B785A1E28
:105780008E4913009B009B185B009B18BA6C9B18FA
:105790005B005B5ADB089AB2BB1D1B789BB29A4236
:1057A0000CD1BB1D1B78013B824A0121D154804B97
:1057B000BA1D12781A70BB6CDBB2F5E0BB6C01331A
:1057C000BB64BB6C062BC9DD01237B6411E0FB1DB0
:1057D0001B787A6C9A4209D07B6C013B754AFF2199
:1057E000D1547B6C013B744A0021D1547B6C013352
:1057F0007B64734B1B781A007B6C9342E7DD77E088
:1058000008243A196B4B1100180000F0DBF8030074
:105810001A004F217B1801321A707A18BB1D1278BA
:105820001B789A426DD07B181B78013B3A190121F5
:10583000D1544323FB1801221A7054E04F243B1922
:105840001B785A1E43257B1918785C4913009B006E
:105850009B185B009B181B185B005B5A002B3CD00D
:105860003B191B785A1E7B191878544913009B006A
:105870009B185B009B181B185B005B5ADB089AB2F5
:105880003A217B181A707B181B78013B0822BA1842
:10589000D35C002B21D13B191B78013B454AD25CDC
:1058A0003B203B1801321A707B181B78013B414AA0
:1058B000D35C05003A1812789A420ED208007B1881
:1058C0001B78013B3B4A79190978D1543B181B7866
:1058D000013B394A39190978D15443217B181A7888
:1058E0007B1801321A704323FB181B78062BA5D9AD
:1058F0000823FB18180000F0A9F8031E00D17FE769
:1059000000E0C04613E04E22BB181B78BA18591CA1
:1059100011701900264B4F203A1812785A54010082
:105920007B181B785A1E7B1823498A5C1A704F23F8
:10593000FB181B78013B204AD35C002BE3D10123E9
:10594000FB632DE0FB1D1B785A1E1C4913009B00B6
:105950009B185B009B18FA6B9B185B005B5A002B33
:105960001BD0FB1D1B785A1E144913009B009B186B
:105970005B009B18FA6B9B185B005B5ADB089BB2C1
:10598000BA1D1278013A0B498A5C013A08498A5CCF
:10599000934202D1FB6BDBB206E0FB6B0133FB638E
:1059A000FB6B062BCEDD00231800BD4614B0B0BD46
:1059B0003C230020E818002004190020AC16002029
:1059C0007C00002080B584B000AF786039600F2182
:1059D0007B18FF221A700E23FB1800221A703B68F6
:1059E0001B78002B03D17B187A6812781A70002379
:1059F000BB601BE0BB687A68D3181B780F217A184C
:105A000012789A420FD9BB683A68D3181B78002BDA
:105A100009D1BB687A68D2187B1812781A700E23E5
:105A2000FB18BA681A70BB680133BB60064B1B7861
:105A30001A00BB689342DDDB0E23FB181B781800AD
:105A4000BD4604B080BDC0467C00002080B584B057
:105A500000AF78600F23FB1801221A700023BB608F
:105A60000CE0BB687A68D3181A780F217B18791874
:105A700009780A401A70BB680133BB60064B1B787B
:105A80001A00BB689342ECDB0F23FB181B7818004D
:105A9000BD4604B080BDC0467C000020F0B587B094
:105AA00002AF0200FB1D1A70854A864B11001800D8
:105AB0001FF058FE834B1800FAF730FB03009AB230
:105AC0008049FB1D187801235B42009332230FF0BD
:105AD0004DFF0F23FB1801221A701BE00F243B1906
:105AE0001A787949774B18001FF03CFE754B180067
:105AF000FAF714FB03009AB27249FB1D18780123D0
:105B00005B42009332230FF031FF3B191A783B19A7
:105B100001321A700F23FB181B78052BDED96B4955
:105B2000FB1D187801235B420093322303220FF000
:105B30001DFF0E23FB1800221A70ABE00E243B1948
:105B40001B785A1C62495F4B18001FF00BFE5D4B1F
:105B50001800FAF7E3FA03009AB25A49FB1D1878C5
:105B600001235B42009332230FF000FF3B191A78A8
:105B7000584B16214A43D35A1A0013005B009B1856
:105B80005B00554A99184F4B052218001FF09DFEE7
:105B90004C49FB1D187801235B42009332230522F8
:105BA0000FF0E4FE4D49FB1D187801235B42009382
:105BB000322301220FF0DAFE0D23FB1801221A70A6
:105BC00053E00E23FB181A780D23FB18187841496F
:105BD00013009B009B185B009B181B185B005B5A13
:105BE000002B06D13E49374B002218001FF0BAFDAA
:105BF00026E00E257B191A780D26BB191878354931
:105C000013009B009B185B009B181B185B005B5AE2
:105C1000DB089BB21C007B191A78BB1918782D4938
:105C200013009B009B185B009B181B185B005B5AC2
:105C30001A00072313402B49224822001FF092FD2F
:105C4000204B1800FAF76AFA03009AB21D49FB1DAF
:105C5000187801235B42009332230FF087FE0D2159
:105C60007B181A787B1801321A700D23FB181B78E9
:105C7000052BA6D91C49FB1D187801235B42009314
:105C8000322302220FF072FE0E217B181A787B1845
:105C900001321A70154B1B780E22BA1812789A42EC
:105CA00000D24BE71249FB1D187801235B42009399
:105CB000322301220FF05AFEC046BD4605B0F0BDAA
:105CC00098AF020868090020ACAF0208B4AF020820
:105CD000B8AF0208AC16002098A90208C4AF0208A9
:105CE000C8AF0208CCAF0208D4AF02087C00002085
:105CF000D8AF020890B587B002AF0200FB1D1A7042
:105D00003C4A3D4B110018001FF02CFD3A4B180087
:105D1000FAF704FA03009AB23749FB1D18780123F9
:105D20005B42009332230FF021FE0F23FB18012268
:105D30001A703EE00E23FB1801221A702EE00F208D
:105D40003B181B785A1E2D4B5200D35A19000E24B3
:105D50003B191B78013B802212021A4113000B40B1
:105D600016D03B181A783B191B78254922481FF09A
:105D7000F9FC214B1800FAF7D1F903009AB21E4939
:105D8000FB1D187801235B42009332230FF0EEFDD8
:105D90000E217B181A787B1801321A700E23FB181B
:105DA0001B780A2BCBD90F217B181A787B1801326C
:105DB0001A70144B1B780F22BA1812789A42B9D96C
:105DC000114A0D4B110018001FF0CCFC0A4B1800B3
:105DD000FAF7A4F903009AB20749FB1D18780123CA
:105DE0005B42009332230FF0C1FDC046BD4605B0B3
:105DF00090BDC046DCAF020868090020801A002070
:105E0000F8AF02087C0000200CB00208F0B589B0A1
:105E100002AF0200FB1D1A701223FB1800221A8029
:105E200013F0FAFD0300FB60FB6800221A70C74BF9
:105E30001B781A00C649C74B18001FF093FCC54ACF
:105E4000FB68110018001FF014FDC34B1B781A00EB
:105E5000C249C04B18001FF085FCBE4AFB68110008
:105E600018001FF006FDBE49BA4800230093042322
:105E700000221FF077FCB74AFB68110018001FF0E2
:105E8000F8FCB84AB849B34B18001FF06BFCB14A94
:105E9000FB68110018001FF0ECFCB44AB449AD4B8C
:105EA00018001FF05FFCAB4AFB68110018001FF0E0
:105EB000E0FCB04AA74B110018001FF053FCA54AA4
:105EC000FB68110018001FF0D4FC1723FB180122F7
:105ED0001A7048E017243B191A78A7499D4B1800FF
:105EE0001FF040FC9B4AFB68110018001FF0C1FC2A
:105EF0003B191B78A14AD35C042B27D89A00A04BEE
:105F0000D3181B689F469F4A924B110018001FF040
:105F100029FC1CE09C4A8F4B110018001FF022FC4A
:105F200015E09A4A8B4B110018001FF01BFC0EE085
:105F3000974A884B110018001FF014FC07E0954A9F
:105F4000844B110018001FF00DFC00E0C046814A90
:105F5000FB68110018001FF08CFC17217B181A78C1
:105F60007B1801321A701723FB181B78052BB1D947
:105F7000894A784B110018001FF0F4FB754AFB6842
:105F8000110018001FF075FC1623FB1801221A706F
:105F900043E016217B181B785A1E804B9200D35881
:105FA0001B68002B0DD17B181A787D49694B1800AE
:105FB0001FF0D8FB674AFB68110018001FF059FC5E
:105FC00025E01626BB191C78BB191B785A1E734B8B
:105FD0009200D3589B6A18000BF06EF903001D0065
:105FE000BB191B785A1E6F4B9200D35818000BF048
:105FF00063F903006C49574800932B0022001FF0FF
:10600000B1FB544AFB68110018001FF032FC162146
:106010007B181A787B1801321A701623FB181B782C
:10602000062BB6D9FB681800FAF778F803001A00B7
:10603000FB689A185D4B1000190003231A001FF02B
:1060400038FDFB681800FAF769F803001A00FB68CE
:106050009A18574B100019001D231A001FF029FD34
:10606000FB681800FAF75AF802001223FB181A808E
:106070001523FB1801221A7023E0344B1B785A1E9B
:106080004C4B5200D35A190015203B181B78013B8A
:10609000802212021A4113000B400CD03B181A78D0
:1060A00045492C4B18001FF05DFB2A4AFB68110084
:1060B00018001FF0DEFB15217B181A787B180132BF
:1060C0001A701523FB181B78052BD6D91223FB1841
:1060D0001C88FB681800FAF721F803009C420ED1D7
:1060E000FB681800FAF71AF803001A00FB689A1800
:1060F000324B1000190005231A001FF0DAFCFB6870
:106100001800FAF70BF803001A00FB689A18274BDF
:106110001000190003231A001FF0CBFCFB1D1B7895
:10612000002B0ED0FB681800F9F7F8FF03009AB2B5
:10613000F968FB1D187801235B42009332230FF0AE
:1061400015FCC046BD4607B0F0BDC046B41A0020DD
:106150002CB0020868090020580A002048B0020844
:1061600064B0020884B0020890B00208A8B0020827
:10617000B4B00208D0B00208E4B00208680A0020F7
:10618000E8B10208ECB00208F4B002080CB1020851
:1061900018B1020834B1020854B102080C390020C9
:1061A0006CB102089821002088B10208D4AF02081F
:1061B000B8B10208801A0020D8B10208E0B1020884
:1061C00090B585B000AF78600E23FB1800221A70DE
:1061D0000F23FB1800221A704A4A7B68110018002E
:1061E000F9F792FF031E03D1474B1B781BB285E0E2
:1061F000464A7B6811001800F9F786FF031E01D19B
:10620000FF237BE07B681B78232B25D17B68013340
:1062100018001DF02CFF02000E217B181A700A00D6
:10622000BB181B78002B0AD0394B1B781100BA1809
:1062300012789A4203D87B181B781BB25EE0324B6F
:106240001B780E22BA1812789A4203D12E4B1B7873
:106250001BB253E0662351E00F23FB1800221A7093
:106260001DE00F243B191A7813009B009B185B005C
:10627000284A9A187B6811001800F9F745FF031E99
:1062800007D17B681B78002B03D03B191B781BB20E
:1062900034E00F217B181A787B1801321A701C4BDE
:1062A0001B780F217A1812789A42DAD37B180022D1
:1062B0001A701DE00F243B191A7813009B009B18DD
:1062C0005B00154A9A187B6811001800F9F71CFF4B
:1062D000031E07D13B191B781B021BB2FE2213437E
:1062E0001BB20BE00F217B181A787B1801321A7051
:1062F0000F23FB181B78092BDCD964231800BD463B
:1063000005B090BDFCB10208B41A002000B202082A
:106310007C00002020190020BC090020B0B586B008
:1063200000AF02003960FB1D1A701323FB18002216
:106330001A7000237B6100237B610FE07B699A0068
:10634000404BD2183B6811001800F9F7DDFE031E20
:1063500001D1062371E07B6901337B617B69032BEB
:10636000ECDD01237B6112E07A6913009B009B182E
:106370005B00354A9A183B6811001800F9F7C4FE13
:10638000031E01D1072358E07B6901337B612F4B4A
:106390001B781A007B699342E6DB00237B6112E0E5
:1063A0007A6913009B009B185B00294A9A183B6886
:1063B00011001800F9F7A8FE031E01D107233CE0E5
:1063C0007B6901337B617B69092BE9DD214B224A23
:1063D0001A6019E01F4B1B681B681B68FB60FB6899
:1063E0001800F9F79BFE0300BB60BA68F9683B68C8
:1063F00018001FF059FA031E01D108231DE0154BA8
:106400001B685A68134B1A60124B1B68002BE1D1B2
:10641000FB1D1A7813009B009B185B000A4A9B180F
:106420003A68110018001FF03CFB13257C19FDF79A
:10643000E7FE030023707B191B781800BD4606B0E9
:10644000B0BDC046CCAA0208201900207C00002064
:10645000BC090020E41A0020F401002080B588B0B7
:1064600000AF02003960FB1D1A701723FB180022D1
:106470001A700023FB610023BB610023FB6129E04C
:10648000FA6913009B009B185B005B4A9A183B68F3
:1064900011001800F9F738FE031E18D1FB1D1B78F8
:1064A0005A1E564B5200D35A1AB20121FB69994029
:1064B0000B001BB2134319B2FB1D1B785A1E89B285
:1064C0004E4B5200D1521723FB181B7890E0FB690A
:1064D0000133FB61FB69092BD2DD0023BB610FE0B7
:1064E000BB699A00464BD2183B6811001800F9F7B7
:1064F0000BFE031E01D106237AE0BB690133BB61A9
:10650000BB69032BECDD0123BB6112E0BA69130008
:106510009B009B185B003B4A9A183B6811001800CF
:10652000F9F7F2FD031E01D1072361E0BB690133D6
:10653000BB61354B1B781A00BB699342E6DB334BDA
:10654000334A1A6019E0314B1B681B681B683B61BA
:106550003B691800F9F7E2FD0300FB60FA6839694E
:106560003B6818001FF0A0F9031E01D108233FE08B
:10657000264B1B685A68254B1A60244B1B68002B5E
:10658000E1D10023FB6118E01B49FA6913009B006D
:106590009B185B005B5C002B0CD1FA6913009B001D
:1065A0009B185B00144A9B183A68110018001FF0F2
:1065B00078FA05E0FB690133FB61FB69092BE3DD38
:1065C000FB1D1B785A1E0D4B5200D35A1AB20121E3
:1065D000FB6999400B001BB2134319B2FB1D1B78DA
:1065E0005A1E89B2054B5200D1521723FB181B7853
:1065F0001800BD4608B080BDBC0900204C1A002020
:10660000CCAA0208201900207C000020E81A0020F3
:10661000F401002080B586B000AFB9607A6019003F
:106620000F23FB18021C1A700E203B180A1C1A704C
:106630001623FB1820221A807A6880231B059A42B1
:1066400000D3D4E07B68DAB2E54B1A70E44B3A1819
:1066500012785A703B181B78082B00D9BDE19A00BC
:10666000E04BD3181B689F46BB681B78DAB2DC4B43
:106670009A700F23FB181B7803222021180005F0C5
:106680003DF8B4E1BB681B785BB2DAB2D44B9A70C8
:106690000F23FB181B7803222021180005F02EF889
:1066A000A5E1BB681B889BB2DAB2CD4B9A70BB6880
:1066B0001B889BB21B0A9BB2DAB2C94BDA700F235C
:1066C000FB181B7804222021180005F017F88EE132
:1066D000BB681B881BB2DAB2C14B9A70BB681B88BF
:1066E0001BB21B121BB2DAB2BD4BDA700F23FB18C0
:1066F0001B7804222021180005F000F877E1BB6820
:106700001B68DAB2B64B9A70BB681B681B0ADAB218
:10671000B34BDA70BB681B681B0CDAB2B04B1A7152
:10672000BB681B681B0EDAB2AD4B5A710F23FB1806
:106730001B7806222021180004F0E0FF57E1BB6817
:106740001B68DAB2A64B9A70BB681B681B12DAB2E0
:10675000A34BDA70BB681B681B14DAB2A04B1A712A
:10676000BB681B681B16DAB29D4B5A710F23FB18CE
:106770001B7806222021180004F0C0FF37E1BB6817
:106780001B78DAB2964B9A70BB6801331B78DAB289
:10679000934BDA70BB6802331B78DAB2904B1A71F4
:1067A000BB6803331B78DAB28D4B5A71BB68043374
:1067B0001B78DAB28A4B9A71BB6805331B78DAB260
:1067C000874BDA71BB6806331B78DAB2844B1A72D6
:1067D000BB6807331B78DAB2814B5A720F23FB1860
:1067E0001B780A222021180004F088FFFFE07C4B70
:1067F00000221A707A4B0E217A1812785A707B6830
:106800001B0EDAB2764B9A707B681B0CDAB2744BB3
:10681000DA707B681B0ADAB2714B1A717B68DAB2E4
:106820006F4B5A717B181B78082B00D9DEE09A0059
:106830006D4BD3181B689F46BB681B78DAB2684B58
:106840009A711623FB1819880F23FB181B7807224F
:10685000180004F053FFCAE0BB681B785BB2DAB2E1
:106860005F4B9A711623FB1819880F23FB181B78AE
:106870000722180004F042FFB9E0BB681B889BB2F6
:10688000DAB2574B9A71BB681B889BB21B0A9BB24A
:10689000DAB2534BDA711623FB1819880F23FB1851
:1068A0001B780822180004F029FFA0E0BB681B88B1
:1068B0001BB2DAB24A4B9A71BB681B881BB21B121F
:1068C0001BB2DAB2464BDA711623FB1819880F2374
:1068D000FB181B780822180004F010FF87E0BB6843
:1068E0001B68DAB23E4B9A71BB681B681B0ADAB2AE
:1068F0003B4BDA71BB681B681B0CDAB2384B1A725F
:10690000BB681B681B0EDAB2354B5A721623FB1894
:1069100019880F23FB181B780A22180004F0EEFEDA
:1069200065E0BB681B68DAB22D4B9A71BB681B68C7
:106930001B12DAB22A4BDA71BB681B681B14DAB27D
:10694000274B1A72BB681B681B16DAB2244B5A72AB
:106950001623FB1819880F23FB181B780A2218002E
:1069600004F0CCFE43E0BB681B78DAB21C4B9A7192
:10697000BB6801331B78DAB2194BDA71BB6802339A
:106980001B78DAB2164B1A72BB6803331B78DAB283
:10699000134B5A72BB6804331B78DAB2104B9A72ED
:1069A000BB6805331B78DAB20D4BDA72BB6806336D
:1069B0001B78DAB20A4B1A73BB6807331B78DAB25A
:1069C000074B5A731623FB1819880F23FB181B78E3
:1069D0000E22180004F092FE09E0C04607E0C0460F
:1069E000880B002004B2020828B20208C0463B6AA5
:1069F000002B13D016F0D2F903003B61C0460A4BBE
:106A00001B78002B07D016F0C9F902003B69D31A96
:106A10003A6A9A42F3D8044B1B7800E0002318002E
:106A2000BD4606B080BDC046D51A0020B0B584B0C2
:106A300002AF1E201DF022FB03007B607B681E223C
:106A4000002118001EF00DFF0C4B1B7D5A1E0C4B35
:106A50009200D258094B9B7D1D00084B5B7D1C00AA
:106A6000064B1B8B07497868019300942B001EF09E
:106A700079FE7B681800BD4602B0B0BDB81A002090
:106A80000000002074B2020890B587B004AF020085
:106A9000FB1D1A70BB1D0A1C1A700D4B19780C4B8C
:106AA0001C78BB1D1A78FB1D187801230393012362
:106AB0005B42029301235B42019302230093230074
:106AC00005F068F903001800BD4603B090BDC0464C
:106AD000B41A002080B588B006AF0200FB1D1A7002
:106AE000BB1D0A1C1A700023049300230393002388
:106AF000029300230193002300930023002200212E
:106B00000020FDF7E5FBFB1D1B785A1E1F4B920072
:106B1000D3581B68002B14D0BB1D1B785A1E1B4B6F
:106B20009200D3581B68002B0BD0FB1D1B7818005C
:106B30000BF0EEFEBB1D1B7818000BF0E9FE0023E6
:106B400020E0FB1D1B785A1E104B9200D3581B6887
:106B5000002B06D0FB1D1B7818000BF0D9FE00237C
:106B600010E0BB1D1B785A1E084B9200D3581B68BF
:106B7000002B06D0BB1D1B7818000BF0C9FE0023AC
:106B800000E068231800BD4602B080BD0C3900202B
:106B900080B584B000AFF860B960FB1D1A70FB6867
:106BA000002B2FD0BB68002B2CD0FB1D1B78033B88
:106BB000042B29D89A00164BD3181B689F46F968F6
:106BC000BB68022218001EF074FF1EE0F968BB6863
:106BD000022218001EF06DFF17E0F968BB6804225E
:106BE00018001EF066FF10E0F968BB680422180068
:106BF0001EF05FFF09E0F968BB68042218001EF070
:106C000058FF02E0C04600E0C046BD4604B080BD6B
:106C10004CB2020880B584B000AFF860B960FB1DCB
:106C20001A70BB68002B2FD0FB68002B2CD0FB1DEB
:106C30001B78033B042B29D89A00164BD3181B68EA
:106C40009F46B968FB68022218001EF032FF1EE062
:106C5000B968FB68022218001EF02BFF17E0B96824
:106C6000FB68042218001EF024FF10E0B968FB68DE
:106C7000042218001EF01DFF09E0B968FB68042219
:106C800018001EF016FF02E0C04600E0C046BD46F8
:106C900004B080BD60B20208B0B588B002AF7860C1
:106CA0000D23FB1800221A701723FB1800221A70FC
:106CB00000233B610E23FB1800221A8001235B4254
:106CC0001900012015F0A0FA12F0A6FE03003B61A6
:106CD000784B9A68E1231B039A421ED01623FB18B7
:106CE00001221A7014E0744B1B7816217A1812785E
:106CF0009A4207D0E1231A037B181B781100180071
:106D00000EF0CAFE16217B181A787B1801321A7011
:106D10001623FB181B78052BE5D9684B1B781C0044
:106D2000674B1B881A0013005B009B185B00654AC9
:106D30009A18614B1B786449644800931300220041
:106D40001EF010FD5C4B1C78614B1D68604B1B688E
:106D50001800F9F7E3F903009AB20A23290020008A
:106D60000EF05AFE544B1C78584B1800F9F7D6F920
:106D700003009AB255490A2320000EF04DFE554BF0
:106D80001B78012B00D091E0534B1A780D217B1812
:106D90001A70514B00221A704E4B00221A70464B4B
:106DA00018780C0079180A2301220EF035FE3B19E1
:106DB0001B787F2B3CD050DC0D2B05D04DDC082BF5
:106DC00036D00A2B6DD048E03B4B1C78434B1D68F6
:106DD000424B1B681800F9F7A1F903009AB20A2385
:106DE000290020000EF018FE1723FB181B785BB259
:106DF000002B05D13A4A3B4B110018001EF051FE02
:106E00002D4B18783B69374A012100F06FF8354A5D
:106E1000334B110018001EF044FE1723FB1800220C
:106E20001A70304B3222002118001EF01AFD3DE08E
:106E300017217B181B785BB2002B34DD7B181B7885
:106E40005BB2DBB2013BDAB27B181A707B181B789D
:106E50005BB2244A0021D15425E00D203B181B7859
:106E60005A1C214BD3181B781A00972313401CD0AF
:106E700017217B181B785BB2312B16DC3B181A7874
:106E800008007B181B785BB251B2164AD15401003E
:106E90007B181B785BB2DBB20133DAB27B181A7055
:106EA00003E0C04602E0C04600E0C04613F028F808
:106EB00065E7C046B81A0020580A0020B41A00201E
:106EC0007A00002098A9020874B502083C1B002033
:106ED0009C0000205E0A002089290020A0000020DC
:106EE000001C0020CC1B002068D90208F0B58DB032
:106EF00002AFBA607B600F23FB18021C1A700E23CE
:106F0000FB180A1C1A701423FB1800221A600433A1
:106F10000522002118001EF0A4FC00233B621E2362
:106F2000FB1800221A80BB68180000F09DFAC94BBC
:106F30001B78002B22D1C849BB68032218001EF021
:106F4000B3FC031E1AD1BB6803331900012000F003
:106F5000C1FA031E09D0C14A7B68110018001EF057
:106F600001FCBC4B00221A7005E0BA4B02221A70D9
:106F70007B680D221A7000237B6217E2B54B1B78E9
:106F8000002B18D0B649BB68062218001EF08CFCF6
:106F9000031E10D1AF4B00221A70B24B1900032010
:106FA00000F098FAB04A7B68110018001EF0DAFB76
:106FB00000237B62FAE1A74B1B78022B13D1BB683D
:106FC0001900022000F086FA031E06D0A34A7B684F
:106FD000110018001EF0C6FB02E07B680D221A703B
:106FE00000237B62E2E1BB682E2118001EF04EFCFC
:106FF00003003B623B6A002B00D1CEE13B6A033BBE
:107000009A49032218001EF04FFC031E00D1C4E170
:107010003B6A01331B785A1C954BD3181B781A0016
:107020000423134000D0B8E13A6ABB68D31A1A00AF
:10703000B96814257B1918001EF047FC1E26BC19E0
:107040007B191800FFF7BCF803002380BB1900224E
:107050009B5E884A127893420AD13B6A0133992297
:1070600092007968180012F049FC03007B629DE1F0
:107070001E23FB1800229B5E642B08D17E4A7B688E
:10708000110018001EF06EFB00237B628EE11E23B0
:10709000FB1800229B5E662B08D1784A7B681100A2
:1070A00018001EF05FFB00237B627FE11E23FB18AC
:1070B00000229B5EFF2B48D1714B1A220021180041
:1070C0001EF0CFFB3B6A5C1CBB681800F9F726F882
:1070D00005001426BB191800F9F720F80300EB1A75
:1070E0005A1E684B210018001EF0EFFB614B1D7803
:1070F000BB681800F9F712F803009CB2BB1918001E
:10710000F9F70CF803009BB2E31A9BB21722FF2198
:10711000280004F0A9FA3B6A0133992292007968A9
:10712000180012F0EBFB03007B627B681800F8F795
:10713000F5FF03001A007B689A18534B10001900E2
:107140001D231A001EF0B5FC30E11E22BB181B885F
:10715000DBB2FE2B59D1BB1800229B5E1B121BB267
:10716000DAB24A4B1A70464B1A22002118001EF060
:1071700078FB3B6A5C1CBB681800F8F7CFFF050082
:107180001423FB181800F8F7C9FF0300EB1A5A1E66
:107190003C4B210018001EF098FB364B1D783B4BF2
:1071A0001E78BB681800F8F7B9FF03009CB21423DF
:1071B000FB181800F8F7B2FF03009BB2E31A9BB26A
:1071C00017223100280004F04FFA2A4B1B785A1E70
:1071D0002F4B5200D35A1A002C4B1B781A41130024
:1071E0000122134009D03B6A013399229200796849
:1071F000180012F083FB03007B621423FB187A68EB
:10720000244978681EF0AEFAD0E03B6A0133224987
:10721000062218001EF048FB031E43D11F4B1A78AC
:1072200060218A431A701E243B191B88DBB200229E
:107230001921180004F062FA642012F075FA0D4B5F
:1072400018783B191B88D9B2154B1A78002309F01E
:107250008FFE7FE0321C0020A0B50208A4B5020812
:10726000F8B5020800B6020804B6020848B60208DB
:1072700068D90208B41A00204CB6020874B6020895
:10728000301A0020880B00209CB60208331C002016
:107290004C1A0020BCB60208E8B60208D41A002036
:1072A000580A00203B6A5C1CBB681800F8F736FFE0
:1072B00005001426BB191800F8F730FF0300EB1A7D
:1072C0005A1E614B210018001EF0FFFA1E23FB1806
:1072D0001B88DDB2BB681800F8F720FF03009CB2E2
:1072E000BB191800F8F71AFF03009BB2E31A9BB210
:1072F000013B9BB21A001721280004F0FFF91E235E
:10730000FB1800229A5E51497B6818001EF02AFA89
:107310007B681B78002B13D00E23FB181B78002BE7
:107320000ED07B681800F8F7F9FE03009AB279686E
:107330000F23FB1818780123009332230EF016FB5D
:107340007B681800F8F7EAFE02007B68002118004D
:107350001EF087FA3E4B1B7860221340DBB2602B95
:1073600018D1FA239B001900012014F04DFF394B6E
:107370001B78002B0ED0384B1B8801339AB2364B4A
:107380001A801E23FB1800229B5E7A6833497868B6
:107390001EF0E8F900237B6208E099239A007968DF
:1073A000BB68180012F0AAFA03007B627B681B78A6
:1073B000002B14D00E23FB181B78002B0FD07B68FA
:1073C0001800F8F7ABFE03009AB279680F23FB1898
:1073D000187801235B42009332230EF0C7FA7B68D2
:1073E0001800F8F79BFE02007B68002118001EF0D1
:1073F00038FA7B6A002B00D095E51423FB1809228C
:10740000002118001EF02DFA154B1B78002B17D108
:107410000E23FB181B78002B12D0124B1C68114B4B
:107420001B681800F8F77AFE03009AB20F23FB18C6
:10743000187801235B420093322321000EF096FA64
:10744000C046BD460BB0F0BD880B0020F0B6020868
:10745000D41A0020D51A0020641B002014B702089B
:10746000321C0020A400002080B584B000AF7860FA
:107470000023FB6020E0FB687A68D2180B217B18A0
:1074800012781A707B181B785A1C114BD3181B7872
:107490001A0003231340012B03D17B181B782033E0
:1074A00002E00B23FB181B78FA6879688A18DBB2B4
:1074B0001370FB680133FB60FB687A68D3181B7894
:1074C000002BD8D1C046C046BD4604B080BDC046E2
:1074D00068D9020890B587B000AF02003960FB1D83
:1074E0001A7000237B6100233B613E4B1B785A1EC0
:1074F00013009B009B189B003B4A9B18FB60FB1DE5
:107500001B78032B05D065DC012B08D0022B0CD097
:1075100060E0FB6801221A7409F012FC5CE03B6831
:10752000180000F063F8030057E0FB68DB68002BED
:107530002FD0FB68DB681800F8F7F0FD03003B6113
:10754000FB68DC683B681800F8F7E8FD02003B695F
:10755000D3180233190020001CF0DEFF0300BB60CB
:10756000BB68002B01D10E2337E0FB68BA68DA60F4
:10757000FB68DA683B69D31813221A70FB68DA6873
:107580003B690133D3183A68110018001EF089FADC
:1075900022E03B681800F8F7C1FD03000133180032
:1075A0001CF06CFD03001A00FB68DA60FB68DB6806
:1075B000002B07D1FB681422002118001EF051F99E
:1075C0000E230AE0FB68DB683A68110018001EF021
:1075D00068FA01E0FF2300E000231800BD4607B071
:1075E00090BDC0465D0A0020681B0020B0B58AB07F
:1075F00000AF78602723FB1800221A7000233B623B
:107600000023FB610023BB611723FB1800221A70C3
:107610001623FB1800221A701523FB1800221A707B
:10762000A44B1B78042B01D90E233EE1A14B1B7800
:107630001A0013009B009B189B009F4A9B183B61FC
:107640003B690A22002118001EF00BF97B681B78A9
:10765000622B00D08FE07B6802331B782E2B00D08A
:1076600089E07B6801331B782F2B00D883E07B688F
:1076700001331B78352B00D97DE07B6801331A7804
:1076800017243B19303A1A703B6901221A703B6982
:107690003A1912789A707B680333884907221800D8
:1076A0001EF002F9031E18D13B690522DA70200092
:1076B0003B181A78824913005B009B18CB180233E1
:1076C0001B781A00012313404DD13B181B7801226F
:1076D000052118000CF090FB45E07B6803337949E5
:1076E0000E2218001EF0E0F8031E18D13B69062296
:1076F000DA7017203B181A78714913005B009B1849
:10770000CB1802331B781A00022313402BD13B18ED
:107710001B780122062118000CF06EFB23E07B6829
:1077200003336949082218001EF0BEF8031E18D161
:107730003B690722DA7017203B181A78604913005A
:107740005B009B18CB1802331B781A0003231340ED
:1077500009D13B181B780122072118000CF04CFBC3
:1077600001E06723A1E0534B1B780133DAB2514BA0
:107770001A70002399E07968544B312218001EF0EA
:10778000A4F8524B312200219954514A4F4B110019
:1077900018001EF0AFF803003B624D4B19000020AB
:1077A0001EF0A8F80300FB61494B190000201EF0F1
:1077B000A1F80300BB613B6A002B01D1672374E091
:1077C00016257C193B6A1800FCF700FF03002370A4
:1077D00029007B181B78002B14D0FB69002B11D1DA
:1077E000BB69002B0ED13B6902221A703B697A18E3
:1077F0001278DA702F4B1B780133DAB22D4B1A70E6
:10780000002352E0FB69002B4ED0BB69002B4BD00C
:1078100015257C19BB691800FCF7D8FE03002370FE
:1078200029007B181B78002B0CD03B6904221A70AE
:107830003B691622BA181278DA703B697A18127806
:10784000DA711BE03B6903221A703B691622BA18F1
:107850001278DA70BB6918001CF0FEFB02000B0006
:1078600010001900FBF708FE031CFB603B690633A0
:107870000C22B918042218001EF01BF9FB6918002D
:10788000FCF7D6FE03001A003B695A703B695B782F
:10789000002B01D1672308E0064B1B780133DAB2D5
:1078A000044B1A70002300E067231800BD460AB09D
:1078B000B0BDC0465D0A0020681B002034B7020836
:1078C000783A00203CB702084CB70208341C00206C
:1078D00058B7020890B587B000AF0200FB1D1A70C0
:1078E0001723FB1800221A7000233B610023FB6062
:1078F000FB1D1A78674913009B009B189B005B5C7B
:10790000042B00D1BCE000DDBCE0032B2BD000DD5C
:10791000B8E0012B03D0022B00D1B5E0B2E0FB1D93
:107920001A78172439195B4813009B009B189B0099
:10793000C31802331B780B70FB1D1A7855491300CE
:107940009B009B189B00CB18033319783B191A78BE
:10795000514813005B009B181B5C994201D1012325
:1079600094E0002392E0FB1D1A784A4913009B0023
:107970009B189B00CB1803331B781022BA181100F8
:10798000180009F0D4FCFB1D1A7813009B009B180B
:107990009B00404A9B18991D0C23FB1804221800D9
:1079A0001EF087F8FB1D1A783A4913009B009B18BC
:1079B0009B00CB1801331B78062B00D95EE09A00A0
:1079C000364BD3181B689F463B69FA68111C181C7C
:1079D000F8F780FD031E00D151E0012356E03B691A
:1079E000FA68111C181CF8F78FFD031E00D146E041
:1079F00001234BE03B69FA68111C181CF8F770FD75
:107A0000031E00D13BE03B690021181CF8F762FD22
:107A1000031E00D033E0012338E03B69FA68111CF3
:107A2000181CF8F77BFD031E00D128E001232DE090
:107A30003B69FA68111C181CF8F75CFD031E00D1A5
:107A40001DE03B690021181CF8F744FD031E00D01F
:107A500015E001231AE03B69FA68111C181CF8F7BD
:107A600039FD031E00D00AE03B690021181CF8F71D
:107A700031FD031E00D002E0012307E0C04604E010
:107A8000C04602E0C04600E0C04600231800BD46E4
:107A900007B090BD681B0020783A00205CB7020850
:107AA00080B582B000AF7B1D00221A70BB1D002282
:107AB0001A8000233B6011F0AFFF03003B60BB1D49
:107AC00000221A8043E0BB1D1A88274913009B003F
:107AD0009B189B00CB1810331B78002B32D0BB1D9A
:107AE0001B88DBB21800FFF7F5FE031E2AD01F4BE0
:107AF0001A7860218A43111C20220A431A7010E070
:107B00001B4B18783B681B4A0021FFF7EFF93B68D5
:107B10001800F8F703FB02003B68002118001DF075
:107B2000A0FEBB1D1A88104913009B009B189B00E8
:107B3000CB180C331B680F4A1100180000F01EF818
:107B4000031EDDD1BB1D1A88BB1D01321A800A4BF2
:107B50001B781A00BB1D1B889342B4D37B1D1B7876
:107B60001800BD4602B080BD681B0020D41A00205A
:107B7000580A0020681C00205D0A002090B583B0E0
:107B800000AF78603960314B1B785A1E30491300C2
:107B90009B009B189B00CB180C331B68002B01D15A
:107BA00000234FE02B4B1B68002B02D1294B7A6836
:107BB0001A60284B1B681B78002B04D1254B002230
:107BC0001A6000233EE0234B1B68132118001DF0B0
:107BD0005DFE0200204B1A601F4B1B68002B1BD060
:107BE0001C4B19681C4B1A681A4B1B68D31A1A00D5
:107BF0003B6818001DF069FE174B1A68154B1B688F
:107C0000D31A1A003B689B1800221A70124B1B688B
:107C10005A1C104B1A6014E00E4B19683B68312255
:107C200018001DF052FE3B68313300221A70094BD8
:107C30001C683B681800F8F771FA0300E218054B5E
:107C40001A6001231800BD4603B090BD5D0A0020F4
:107C5000681B00209C1C0020A01C002080B500AFE9
:107C6000BFF34F8FC046044B044ADA60BFF34F8F17
:107C7000C046C046FDE7C04600ED00E00400FA053E
:107C800080B500AFC046BD4680BD000080B500AFE6
:107C9000464B180011F00AFE454B180011F006FE85
:107CA000444B180011F002FE434B180011F0FEFD8A
:107CB000424B180011F0FAFD414B180011F0F6FD8F
:107CC000404B180011F0F2FD3F4B180011F0EEFD93
:107CD0003E4B180011F0EAFD3D4B180011F0E6FD97
:107CE0003C4B180011F0E2FD3B4B180011F0DEFD9B
:107CF0003A4B180011F0DAFD394B180011F0D6FD9F
:107D0000384B180011F0D2FD374B180011F0CEFDA2
:107D1000364B180011F0CAFD354B180011F0C6FDA6
:107D2000344B180011F0C2FD334B180011F0BEFDAA
:107D3000324B180011F0BAFD314B180011F0B6FDAE
:107D4000304B180011F0B2FD2F4B180011F0AEFDB2
:107D50002E4B180011F0AAFD2D4B180011F0A6FDB6
:107D60002C4B180011F0A2FD2B4B180011F09EFDBA
:107D70002A4B180011F09AFD294B180011F096FDBE
:107D8000284B180011F092FD274B180011F08EFDC2
:107D9000264B20221A70254B21221A7009F0C2FAB4
:107DA000FFF76EFFC046BD4680BDC04670B80208F2
:107DB00008B80208A4B8020884BA0208D4BA0208B3
:107DC0000CBB02085CBB0208CCBB020808BC020862
:107DD00048BC0208ECBC020868BD0208C0BD02082D
:107DE00010BE0208A8BE0208FCBE020854BF02086A
:107DF000D4BF020810C0020860C00208B0C0020868
:107E000010C1020858C10208A0C10208E8C1020856
:107E100028C2020870C2020850C30208CCC302087C
:107E200014C4020864C40208D4C402085C0A002016
:107E300080B586B000AFF860B9607A600B4B7B61AB
:107E40007A69FB68110018001DF02BFE7B69180091
:107E5000F8F764F90200FB689B18180014F090F81A
:107E600000231800BD4606B080BDC046E4C4020829
:107E700080B586B000AFF860B9607A600B4B7B616B
:107E80007A69FB68110018001DF00BFE7B69180071
:107E9000F8F744F90200FB689B18180014F016F973
:107EA00000231800BD4606B080BDC04634C5020898
:107EB00090B585B000AFF860B9607A601E4B1B7852
:107EC00019001E4A0B009B005B185B009B5C002B9B
:107ED00009D11B4B1968184B1B781A00FB68180056
:107EE0001DF040FC11E0174B1968134B1B781C0068
:107EF000114B1B781A0013009B009B185B000F4A64
:107F00009B18F86822001DF02DFC80239B010E4871
:107F10000122190017F01BFAC82011F005FC80237C
:107F20009B0109480022190017F011FA00231800DC
:107F3000BD4605B090BDC046B41A002020190020EF
:107F4000A8000020AC00002000040050B0B588B0AC
:107F500002AFF860B9607A601523FB1800221A702E
:107F6000694A7B680121180011F05EFD0200674B31
:107F70001A60664B1B68002B2AD1654B1968654B4C
:107F80001B781A00FB6818001DF0ECFB624B1A68A6
:107F9000FB68110018001DF06CFC604B1C78FB683E
:107FA0001800F8F7BBF803009AB2F96801235B42A6
:107FB0000093322320000DF0D9FC594B594A1A6026
:107FC000594B01221A700A2011F0AEFBFFF746FE52
:107FD0004E4B18684C4B1B681A00544B19001DF08F
:107FE00063FC031E00D07AE0514A7B68022118002E
:107FF00011F01AFD02004F4B1A604F4A7B680321B3
:10800000180011F011FD02004C4B1A60494B1B681F
:108010001B785BB2232B0AD1464B1B680133180037
:108020001CF025F802001723FB181A7003E0152333
:10803000FB1868221A70414B1B681B785BB2702BCF
:108040000AD13E4B1B68013318001CF010F80200E7
:108050001623FB181A7003E01523FB1868221A7008
:108060002C4B1B7817257A1912789A421FD0344B63
:108070001A7860218A431A70324B16243A19127802
:108080001A707B191B7801221A21180003F036FBA5
:10809000642011F049FB1F4B1878204B1A783B19CC
:1080A0001C787B191978230008F062FF1BE0162466
:1080B0003B1918780023009319230022002103F0B4
:1080C000F5FB642011F030FB124B1878114B197836
:1080D000124B1A783B191B7808F04AFF03E015236E
:1080E000FB1868221A701523FB181B78682B06D121
:1080F000154B1A68FB68110018001DF0D2FC002314
:108100001800BD4606B0B0BDF41C0020F81C0020CD
:10811000B0000020B41A002068000020580A002097
:10812000F03F0220EFBEADDE5A0A002078C50208FB
:10813000FC1C0020001D0020041D0020081D002044
:10814000D41A0020880B0020B4000020B0B588B0FD
:1081500002AFF860B9607A6017257B1900221A70A7
:10816000324B1A68FB68110018001DF09AFC304B66
:108170001C78FB681800F7F7D1FF03009AB2F96882
:1081800001235B420093322320000DF0EFFB7C19AA
:10819000FCF75EFB030023707B191B78002B23D1B7
:1081A000244B1968244B1B781A00FB6818001DF03B
:1081B000D9FA1F4B1C78FB681800F7F7AFFF0300D4
:1081C0009AB2F96801235B420093322320000DF03C
:1081D000CDFB174B1B781800FDF760FC144B1B7888
:1081E0001800FDF787FD16E0144B1A68FB681100B4
:1081F00018001DF056FC0E4B1C78FB681800F7F7B2
:108200008DFF03009AB2F96801235B420093322389
:1082100020000DF0ABFB0A4AFB68110018001DF0AE
:10822000A1FA00231800BD4606B0B0BDB80000207A
:10823000580A0020BC0000207C000020C000002064
:108240007CC5020880B584B000AFF860B9607A6080
:10825000FFF704FDB0B586B000AFF860B9607A6092
:108260001723FB1800221A702D4A7B680121180081
:1082700011F0DAFB02002B4B1A60294B1B68092B0B
:1082800004DD284B1B68093300221A70264B1A782C
:10829000244B1B6817257C1919001000FEF73EF8C7
:1082A000030023707B191B78002B0AD11F4B196820
:1082B0001D4B1B781A001B4B1B68F8681DF052FA07
:1082C00028E01723FB181B78062B08D1184B1968D8
:1082D000144B1A68FB6818001DF044FA1AE01723C3
:1082E000FB181B78072B08D1124B19680D4B1A6825
:1082F000FB6818001DF036FA0CE01723FB181B78FA
:10830000082B07D10C4B1968064B1A68FB6818003C
:108310001DF028FA00231800BD4606B0B0BDC046C7
:108320000C1D0020101D0020B41A0020C4000020E5
:10833000C8000020CC000020D0000020B0B594B0D0
:1083400000AFF860B9607A604F23FB1800221A7002
:108350002023FB1800221A60043323220021180076
:108360001DF07FFA4C23FB1800221A804A243B1987
:1083700000221A8014257B1900221A600433062279
:10838000002118001DF06DFA9C4A7B68012118003D
:1083900011F04AFB02009A4B1A60994B1968974BEF
:1083A0001B681A007B1918001DF08FFA3B19012277
:1083B0001A804923FB1800221A701BE04923FB187E
:1083C0001A7813009B009B185B008E4A9A1814239E
:1083D000FB1811001800F7F797FE031E04D14A237B
:1083E000FB1800221A800AE049217B181A787B18B2
:1083F00001321A704923FB181B78092BDED9824BF6
:1084000002221A70FA68814B100019000A231A0020
:108410001DF04FFB7C4B1B785BB219007C4A7B68DC
:10842000180011F001FB02007A4B1A605DE0794BF5
:108430001968774B1B681A0020243B1918001DF09F
:1084400044FA734B1B6820003A180021D1544C2584
:108450007C193B181800FDF7B3FE030023807B193D
:1084600000229B5E002B45DB7B191B88DBB24F256E
:108470007C191422BA1811001800FDF7EFFF030051
:1084800023707B191B78002B36D15F4B1B785BB2B6
:10849000022B0EDDFB681800F7F740FE03001A0000
:1084A000FB689A185C4B1000190003231A001DF09A
:1084B00000FB2023FA18FB68110018001DF0D9F901
:1084C000514B1B785BB2DBB20133DBB25AB24E4B7D
:1084D0001A704D4B1B785BB219004D4A7B6818002F
:1084E00011F0A2FA02004B4B1A604A4B1B68002B9A
:1084F0009DD102E0C04600E0C0464C23FB1800229C
:108500009B5E002B08DA454B19682023FA18FB689C
:1085100018001DF027F96CE03B4B1B785BB2022B77
:1085200008D13F4B19681423FA18FB6818001DF096
:1085300019F95EE04F23FB181B78002B15D14A2355
:10854000FB1800229B5E002B0FD0364B19681423BA
:10855000FA1820243B1918001DF004F93A19FB6899
:10856000110018001DF085F943E04F23FB181B781C
:10857000002B15D14A23FB1800229B5E002B0FD144
:10858000294B19681423FA1820243B1918001DF0F0
:10859000E9F83A19FB68110018001DF06AF928E0A3
:1085A0004F23FB181B78062B08D1204B1968142386
:1085B000FA18FB6818001DF0D5F81AE04F23FB18D5
:1085C0001B78072B08D11A4B19681423FA18FB687B
:1085D00018001DF0C7F80CE04F23FB181B78082B80
:1085E00007D1144B19681423FA18FB6818001DF002
:1085F000B9F800231800BD4614B0B0BD141D00200A
:10860000181D0020BC0900201C1D002080C5020888
:10861000201D0020241D00208CC50208D40000204D
:10862000D8000020DC000020E0000020E400002052
:10863000E8000020EC00002080B584B000AFF860B6
:10864000B9607A600020FDF7E1FB00231800BD4609
:1086500004B080BD90B589B002AFF860B9607A60AF
:1086600017217B1800221A70334B1B78012B04D979
:108670007C180DF0E7FA030023702F4B1B781A00CB
:108680002E49FB6818001DF06DF82D4B1C78FB6817
:108690001800F7F743FD03009AB2F96801235B4223
:1086A0000093322320000DF061F9264AFB68110087
:1086B00018001DF057F8224B1C78FB681800F7F7DC
:1086C0002DFD03009AB2F96801235B420093322327
:1086D00020000DF04BF91A4B1B781800FDF7DEF95E
:1086E000174B1B781800FDF705FB1723FB181B78A9
:1086F000022B15D1144AFB68110018001DF032F846
:108700000F4B1C78FB681800F7F708FD03009AB2BE
:10871000F96801235B420093322320000DF026F913
:108720000A4AFB68110018001DF01CF8002318000D
:10873000BD4607B090BDC0467C00002090C5020831
:10874000580A0020ACC50208C0C502087CC5020852
:10875000F0B58BB002AFF860B9607A601D23FB18EA
:1087600000221A700023BB6100237B611F23FB18CA
:1087700000221A701E243B1900221A701823FA18BE
:108780007B680121180011F04FF902002F4B1A608D
:108790002E4B1B68BA692E4918001DF085F8031E80
:1087A00003D13B1901221A700CE0284B1B68BA69EF
:1087B000284918001DF078F8031E03D11E23FB186A
:1087C00002221A701423FA187B680221180011F093
:1087D0002BF90200204B1A601F4B1B681B785BB201
:1087E000702B09D11C4B1B68013318001BF03FFC98
:1087F00002001F23FB181A701D26BC191F257B19A8
:108800001A781E23FB181B78110018000BF0F6F8DD
:1088100003002370BB191B78002B12D10B4B1B6874
:10882000BA699B1800221A700C4B1968074B1A681A
:108830007B191C787B191B78F868009323001CF0C7
:1088400091FF00231800BD4609B0F0BD281D00208F
:1088500004C6020810C602082C1D0020F0000020EB
:10886000F0B587B000AFF860B9607A601623FB18E6
:1088700000221A7000233B6117243B1900221A7052
:108880001023FA187B680121180011F0CDF80200BE
:10889000164B1A60154B1B681B785BB2702B08D106
:1088A000124B1B68013318001BF0E1FB02003B195F
:1088B0001A701626BC1917257B191B7818000BF0A7
:1088C000D1F903002370BB191B78002B08D1084B8A
:1088D00019687B191A787B191B78F8681CF042FF1D
:1088E00000231800BD4607B0F0BDC046301D002073
:1088F000F4000020F0B5C64600B592B004AFF860B1
:10890000B9607A603723FB1800221A7000237B625B
:1089100000233B620023FB610023BB6100237B61DA
:108920003023FB1800221A800023FB623623FB1839
:1089300000221A703523FB1800221A703423FB180A
:1089400000221A702B23FB1800221A703323FB1805
:1089500000221A702423FA187B680121180011F0F4
:1089600063F80200CB4B1A60CA4B1B68CA49042249
:1089700018001CF099FF031E00D020E22023FA18F3
:108980007B680221180011F04FF80200C34B1A60F7
:10899000C04B1B68181D7B6A043B1A00C04B1900B2
:1089A0001CF082FF031E00D0A3E0BC4B1B683A6A98
:1089B000BC4918001CF078FF031E1CD1BA4B1A7872
:1089C00060210A431A70B84B1B785B07DB0FDBB2E0
:1089D0001B021AB2B44B1B785B069B0FDBB21BB2B7
:1089E00013431BB29AB28A235B00110018000AF0ED
:1089F00035F900F0FDFCA94B1B683A6AAB49180039
:108A00001CF052FF031E1FD1A74B1A7860218A4326
:108A1000111C20220A431A70A34B1B785B07DB0F43
:108A2000DBB21B021AB2A04B1B785B069B0FDBB2BA
:108A30001BB213431BB29AB28A235B0011001800C9
:108A40000AF00CF900F0D4FC944B1B683A6A984980
:108A500018001CF029FF031E1FD1934B1A786021C8
:108A60008A43111C40220A431A708F4B1B785B0704
:108A7000DB0FDBB21B021AB28B4B1B785B069B0F22
:108A8000DBB21BB213431BB29AB28A235B00110004
:108A900018000AF0E3F800F0ABFC804B1B683A6A60
:108AA000844918001CF000FF031E1CD17E4B1A786D
:108AB00060218A431A707C4B1B785B07DB0FDBB2AB
:108AC0001B021AB2784B1B785B069B0FDBB21BB202
:108AD00013431BB29AB28A235B00110018000AF0FC
:108AE000BDF800F085FC3723FB1868221A7000F0EF
:108AF0007FFC684B1B68181D7B6A043B1A006E4B99
:108B000019001CF0D1FE031E2BD1644B1B683A6A7E
:108B1000644918001CF0C8FE031E1CD1624B1A7871
:108B200004210A431A70604B1B785B07DB0FDBB232
:108B30001B021AB25C4B1B785B069B0FDBB21BB2AD
:108B400013431BB29AB28A235B00110018000AF08B
:108B500085F800F04DFC3723FB1868221A7000F0EE
:108B600047FC4C4B1B68181D7B6A043B1A00534B97
:108B700019001CF099FE031E2DD1484B1B681800EC
:108B80001BF06FFA0300FB62FA6AE1231B039A42AF
:108B90001BD84B4BFA6A9A60494B9B689AB28C235C
:108BA0005B00110018000AF059F8454B9B681B0C3C
:108BB0009AB21A23FF33110018000AF04FF8362337
:108BC000FB1801221A7000F013FC3723FB186822EF
:108BD0001A7000F00DFC2F4B1B68181D7B6A043BBC
:108BE0001A00384B19001CF05FFE031E22D12B4BDC
:108BF0001B6818001BF035FA020030217B181A8020
:108C00000A00BB181B88002B0ED02D4B1100BA1880
:108C100012881A807B181A881623FF331100180057
:108C20000AF01CF800F0E4FB3723FB1868221A70E6
:108C300000F0DEFB174B1B68181D7B6A043B1A0013
:108C4000214B19001CF030FE031E3FD1134B1B6853
:108C500018001BF006FA020030217B181A800A0067
:108C6000BB181B88002B0ED0154B1100BA181288A8
:108C70005A807B181A888B235B001100180009F0BA
:108C8000EDFF00F0B5FB3723FB1868221A7000F0E7
:108C9000AFFBC046341D00201CC60208381D002052
:108CA00024C6020830C60208D41A002034C60208BE
:108CB0003CC6020840C6020848C6020850C6020860
:108CC000B81A00205CC6020868C60208D74B1B68A9
:108CD000181D7B6A043B1A00D54B19001CF0E4FDFB
:108CE000031E2ED1D34B1B6818001BF0BAF90200EB
:108CF00030217B181A800A00BB181B88002B1AD061
:108D0000BB181B88FF2B16D8BB181B88DAB2CA4BBE
:108D10001A71C94B5B791B021AB2C74B1B791BB284
:108D200013431BB29AB21823FF331100180009F045
:108D300095FF00F05DFB3723FB1868221A7000F0E6
:108D400057FBBA4B1B68181D7B6A043B1A00BB4BD0
:108D500019001CF0A9FD031E2CD1B64B1B6818008E
:108D60001BF07FF9020030217B181A800A00BB1823
:108D70001B88002B19D0BB181B88FF2B15D8BB18DC
:108D80001B88DAB2AC4B5A71AB4B5B791B021AB23F
:108D9000A94B1B791BB213431BB29AB21823FF33A2
:108DA0001100180009F05AFF22E33723FB1868224C
:108DB0001A701DE33723FB1867221A7018E39B4BC8
:108DC0001B689F49042218001CF06EFD031E00D092
:108DD000A2E02023FA187B680221180010F024FE7C
:108DE0000200944B1A601C23FA187B6803211800B8
:108DF00010F01AFE0200934B1A601823FA187B68D1
:108E00000421180010F010FE02008F4B1A6014238A
:108E1000FA187B680521180010F006FE02008B4B43
:108E20001A60844B1B6818001BF01BF902003523E5
:108E3000FB181A70834B1B6818001BF012F9020014
:108E40003423FB181A70804B1B6818001BF009F9BB
:108E500002002B23FB181A707C4B1B68002B1FD0C1
:108E60007A4B1B687A49022218001CF01DFD031E74
:108E700004D13323FB1801221A7011E0734B1B68D5
:108E80007449022218001CF00FFD031E04D1332385
:108E9000FB1802221A7003E03723FB1868221A70AD
:108EA0003723FB181B78002B00D0A1E23523FB18D9
:108EB0001B78172B09D83423FB181B783B2B04D8BD
:108EC0002B23FB181B783B2B04D93723FB18682274
:108ED0001A708DE20CF040F8574B987D564B597D37
:108EE000554B1A8B544B1D7D3723FC183323FB182D
:108EF0001B7803933523FB181B7802933423FB184C
:108F00001B7801932B23FB181B7800932B000BF08D
:108F100059FF030023706BE2444B1B684E49042247
:108F200018001CF0C1FC031E00D05DE22023FA18DB
:108F30007B680221180010F077FD02003D4B1A609B
:108F40001C23FA187B680321180010F06DFD020045
:108F50003C4B1A601823FA187B680421180010F0A3
:108F600063FD0200384B1A601423FA187B68052150
:108F7000180010F059FD0200344B1A60324B1B6888
:108F800018001BF06EF802002B23FB181A702F4BF1
:108F90001B6818001BF065F802003023FB181A80CC
:108FA000244B1B682D49062218001CF07DFC031E73
:108FB00004D13523FB1801221A7079E01D4B1B6880
:108FC0002749072218001CF06FFC031E04D135232B
:108FD000FB1802221A706BE0164B1B68214909220C
:108FE00018001CF061FC031E04D13523FB1803227A
:108FF0001A705DE00F4B1B681B49082218001CF01B
:1090000053FC031E04D13523FB1804221A704FE0D1
:10901000084B1B681549062218001CF045FC031E6E
:1090200026D13523FB1805221A7041E0341D00209B
:1090300078C60208381D0020B81A00208CC6020825
:10904000B8BE02083C1D0020401D0020441D002029
:10905000A0C60208A4C602080CBF0208A8C60208DF
:10906000B0C60208B8C60208C4C60208D0C60208C4
:10907000BF4B1B68BF49082218001CF015FC031EDB
:1090800004D13523FB1806221A7011E0B84B1B6877
:10909000B949062218001CF007FC031E04D1352331
:1090A000FB1807221A7003E03723FB1868221A7096
:1090B000B24B1B68B249072218001CF0F5FB031ED7
:1090C00008D0AE4B1B68AF49022218001CF0ECFB25
:1090D000031E04D13423FB1801221A7000E1A74BB0
:1090E0001B68A949082218001CF0DEFB031E08D0EB
:1090F000A24B1B68A549022218001CF0D5FB031ED9
:1091000004D13423FB1802221A70E9E09B4B1B6840
:109110009F49052218001CF0C7FB031E08D0974B7F
:109120001B689C49022218001CF0BEFB031E04D1E0
:109130003423FB1803221A70D2E0904B1B68964927
:10914000052218001CF0B0FB031E08D08B4B1B68D7
:109150009249022218001CF0A7FB031E04D13423FD
:10916000FB1804221A70BBE0844B1B688C49032255
:1091700018001CF099FB031E08D0804B1B6889491E
:10918000022218001CF090FB031E04D13423FB18AC
:1091900005221A70A4E0794B1B6883490422180049
:1091A0001CF082FB031E08D0744B1B687F4902220F
:1091B00018001CF079FB031E04D13423FB1806228F
:1091C0001A708DE06D4B1B687949042218001CF061
:1091D0006BFB031E08D0694B1B68764902221800FE
:1091E0001CF062FB031E04D13423FB1807221A7003
:1091F00076E0624B1B687049052218001CF054FB96
:10920000031E08D05D4B1B686C49022218001CF03D
:109210004BFB031E04D13423FB1808221A705FE0B5
:10922000564B1B686649092218001CF03DFB031EC3
:1092300008D0524B1B686349022218001CF034FB13
:10924000031E04D13423FB1809221A7048E04B4B4B
:109250001B685D49072218001CF026FB031E08D07E
:10926000464B1B685949022218001CF01DFB031EC7
:1092700004D13423FB180A221A7031E03F4B1B68DB
:109280005349082218001CF00FFB031E08D03B4B6B
:109290001B685049022218001CF006FB031E04D173
:1092A0003423FB180B221A701AE0344B1B684A490E
:1092B000082218001CF0F8FA031E08D02F4B1B6878
:1092C0004649022218001CF0EFFA031E04D1342391
:1092D000FB180C221A7003E03723FB1868221A705F
:1092E0003723FB181B78002B00D081E02B22BB1802
:1092F0001B78002B0FD0BB181B781F2B0BD83021ED
:109300007B181A88FA23DB009A4204D37B181B8847
:10931000334A934204D93723FB1868221A7067E056
:109320000BF01AFE2F4B1B7C2E4A527C2D49897C58
:109330002C48C07C37243C1935257D192D78A8464A
:1093400030257D192D88AC462B257D192E783425A6
:109350007D192D7803900291019200934346624655
:10936000310028000BF02EFD0300237040E0C046C2
:10937000381D0020D8C60208E4C602083C1D0020A3
:10938000ECC60208F4C60208F8C6020804C70208C0
:1093900008C7020810C7020814C702081CC7020841
:1093A00020C7020824C7020828C7020830C70208DD
:1093B00034C702083CC7020840C7020848C7020871
:1093C0004CC7020858C702085CC7020864C70208F5
:1093D00068C7020874C7020878C7020884C7020871
:1093E00034080000B81A00203723FB1867221A70CF
:1093F0003723FB181B78002B22D1214B1B687A6A7C
:109400009B1800221A701F4B19681D4B1A681E4BBF
:109410001B68F8681CF0A6F93623FB181B78012B93
:1094200027D11A4B1A68FB68110018001CF021FAAA
:10943000174B1A68FB68110018001CF01AFA18E0A4
:109440003723FB181B78672B07D1124B1A68FB6870
:10945000110018001CF025FB0BE03723FB181B78CC
:10946000682B06D10C4B1A68FB68110018001CF021
:1094700018FB00231800BD460EB080BCB846F0BDF6
:10948000341D0020F8000020381D0020FC000020C2
:1094900000010020040100200801002080B588B0F0
:1094A00000AFF860B9607A601F23FB1800221A70C1
:1094B0000023BB6100237B611E23FB1800221A706E
:1094C0001D23FB1800221A701C23FB1800221A709F
:1094D0001823FA187B680121180010F0A5FA020081
:1094E000BB4B1A60BA4B1B68BA49042218001CF027
:1094F000DBF9031E00D0CAE0B54B1B68181DBB6921
:10950000043B1A00B44B19001CF0CEF9031E31D1F4
:10951000B24B1B7860221340DBB2602B07D1B04BFB
:109520001968B04AFB6818001CF01CF931E1AB4B1C
:109530001B7860221340DBB2202B07D1A84B19689F
:10954000A94AFB6818001CF00DF922E1A34B1B7817
:1095500060221340DBB2002B07D1A14B1968A34A4C
:10956000FB6818001CF0FEF813E11F23FB186822AB
:109570001A700EE1964B1B68181DBB69043B1A005C
:109580009B4B19001CF090F9031E13D1934B1B78D1
:1095900004221340DBB2002B07D0914B1968914A8B
:1095A000FB6818001CF0DEF8F3E01F23FB186822AC
:1095B0001A70EEE0864B1B68181DBB69043B1A004D
:1095C0008C4B19001CF070F9031E07D18A4B9A6866
:1095D0008A49FB6818001CF0C5F8DAE07C4B1B6870
:1095E000181DBB69043B1A00854B19001CF05CF97F
:1095F000031E08D1804B1B881A008049FB681800A5
:109600001CF0B0F8C5E0724B1B68181DBB69043B29
:109610001A007C4B19001CF047F9031E08D1764B49
:109620005B881A007549FB6818001CF09BF8B0E0D5
:10963000674B1B68181DBB69043B1A00724B19006D
:109640001CF032F9031E08D16B4B1B791A006B49D1
:10965000FB6818001CF086F89BE05D4B1B68181D2A
:10966000BB69043B1A00694B19001CF01DF9031E6D
:1096700008D1614B5B791A006049FB6818001CF047
:1096800071F886E01F23FB1867221A7081E0504BA7
:109690001B685F49052218001CF006F9031E00D064
:1096A00073E01423FA187B680221180010F0BCF94B
:1096B0000200584B1A601E23FB1800221A701D234B
:1096C000FB1800221A701AE0524B18681D23FB1871
:1096D0001A7813009B009B185B004F4A9B181900D7
:1096E000F6F712FD031E04D11E23FB1801221A7087
:1096F0000AE01D217B181A787B1801321A701D238D
:10970000FB181B78092BDFD91E23FB181B78002BB5
:1097100009D1424B19683F4B1A68FB6818001CF0CE
:1097200021F8002350E03E4B19683A4B1A68FB6859
:1097300018001CF017F81C23FB1801221A701CE0FB
:109740001C217B181B785A1E364B5200D35A1A0024
:109750001D23FB181B781A4113000122134006D069
:109760007B181B78FA683049F8681BF0FBFF1C2156
:109770007B181A787B1801321A702C4B1B781C222C
:10978000BA1812789A42DBD903E01F23FB1867222C
:109790001A701F23FB181B78672B07D1244B1A68FC
:1097A000FB68110018001CF07CF90CE01F23FB186B
:1097B0001B78682B07D11F4B1968054B1A68FB688B
:1097C00018001BF0CFFF00231800BD4608B080BD75
:1097D000481D00201CC6020824C60208D41A002016
:1097E0000C01002030C6020888C7020840C60208E3
:1097F00048C6020850C60208B81A00208CC70208E2
:109800005CC6020868C6020878C602088CC6020850
:109810006CBB02084C1D0020BC0900201001002078
:10982000140100204C1A002094C702087C0000207C
:10983000180100201C01002090B587B000AFF8602F
:10984000B9607A601723FB1800221A7000233B616D
:109850001023FA187B680121180010F0E5F80200C7
:109860002A4B1A60294B1B683A69294918001CF0D9
:109870001BF8031E11D1274B274A13CA13C313CA5F
:1098800013C312681A60FAF791FD244B1A68FB683B
:10989000110018001CF005F926E01C4B1B683A6902
:1098A0001F4918001CF000F8031E19D100221621D0
:1098B000FF2001F023FF1B4B02221A7064200FF0DF
:1098C00033FFFAF7CDFD07F037FB64200FF02CFFD4
:1098D000154B1A68FB68110018001CF0E2F803E051
:1098E0001723FB1868221A701723FB181B78682BA4
:1098F00006D10E4B1A68FB68110018001CF0D1F855
:1099000000231800BD4607B090BDC046501D002082
:109910009CC70208B81A0020800000202001002007
:10992000A4C702085A0A00202401002028010020B0
:10993000F0B589B004AFF860B9607A600BF00CFB49
:109940002C4B5B7B182B14D12B4B1968294B9B7C20
:109950001C00284B5B7C1D00264B1B7C1A00254BF2
:10996000DB89F868019300922B0022001BF0FAFEBD
:109970003AE0204B5B7B0C2B36D11E4BDB7C012B62
:1099800017D11E4B19681B4B9B7C1D00194B5B7C30
:109990001E00184B1B7C1A00164BDB891C00F86854
:1099A000174B02930194009233002A001BF0DAFE59
:1099B0001AE0104BDB7C022B16D1104B19680D4BB3
:1099C0009B7C1D000B4B5B7C1E000A4B1B7C1A0012
:1099D000084BDB891C00F8680A4B02930194009243
:1099E00033002A001BF0BEFE00231800BD4605B060
:1099F000F0BDC046B81A00202C0100203001002024
:109A0000ACC70208B0C7020890B585B000AFF860D7
:109A1000B9607A600BF0A0FA074B1C68FDF706F8F6
:109A20000200FB68210018001BF09CFE00231800B8
:109A3000BD4605B090BDC0463401002090B58BB046
:109A400000AFF860B9607A602723FB1800221A7013
:109A500000237B6100233B611423FA187B680121FA
:109A600018000FF0E1FF03003B623B6A1B785BB21A
:109A7000702B09D13B6A013318001AF0F8FA020082
:109A80002623FB181A7003E02723FB1868221A709C
:109A90001023FA187B68022118000FF0C5FF03009D
:109AA000FB61FB6918001AF0E2FA0300BB6127238F
:109AB000FB181B78682B07D10E4B1A68FB68110046
:109AC00018001BF0EEFF0FE0BA6926243B191B7843
:109AD000110018000BF0E0FF074B19683B191B78C9
:109AE000BA69F8681BF03EFE00231800BD460BB0B3
:109AF00090BDC046380100203C01002090B587B0E1
:109B000000AFF860B9607A601B4B1A681B49FB68AC
:109B100018001BF027FE1723FB1800221A7011E013
:109B200017243B191B789B00154A944663441B6815
:109B3000FA681449F8681BF015FE3B191A783B19AE
:109B400001321A701723FB181B78022BE8D9FB6827
:109B50001800F6F7E3FA03001A00FB689A180A4B9C
:109B60001000190003231A001BF0A3FF00231800A4
:109B7000BD4607B090BDC04640010020B4C70208F2
:109B80009075FF1FB8C70208C0C7020890B587B01C
:109B900000AFF860B9607A6016243B1900221A8081
:109BA00013F036F902003B191A803B191B88114A41
:109BB000934207D1104B1968104AFB6818001BF03C
:109BC000D1FD07E00C4B19680D4AFB6818001BF02B
:109BD000C9FDC0460B4B1C6813F00EF903001B0BAC
:109BE000FA68F86821001BF0BDFD00231800BD468F
:109BF00007B090BD6704000044010020C4C70208FC
:109C0000D0C702084801002080B584B000AFF860DA
:109C1000B9607A60074B1968074B1B681B041A0C64
:109C2000FB6818001BF09EFD00231800BD4604B021
:109C300080BDC0464C010020E075FF1FF0B58FB01D
:109C400004AFF860B9607A601823FB18B54A13CAEC
:109C500013C312881A80B44B1C78B44B1D68B34BE5
:109C60001B681800F6F75AFA03009AB201235B4208
:109C700000933223290020000BF078FE2723FB18E5
:109C800001221A702623FB1800221A7036E12620C2
:109C90003B181A78A64913009B009B189B005B5C3D
:109CA000002B1AD0A34B1C682723FB181D783B18E8
:109CB0001A789F4913009B009B189B00CB18103308
:109CC0001B7819001823FA180B00DB005B1AD31855
:109CD000F8682A0021001BF045FD2623FB181A789E
:109CE000934913009B009B189B005B5C012B03D0E6
:109CF000032B00D175E0BBE02623FB181A788C49B2
:109D000013009B009B189B00CB1803331B78072B79
:109D100045D064DC052B02D0062B20D05FE0864BBB
:109D20001C6826203B181A78814913009B009B1859
:109D30009B00CB1802331B781D003B181A787C4916
:109D400013009B009B189B00CB180C331B68FA6810
:109D5000F86800932B0021001BF004FD40E0774BD6
:109D60001C6826203B181A78714913009B009B1829
:109D70009B00CB1802331B781D003B181A786C49E6
:109D800013009B009B189B00CB180C331B68FA68D0
:109D9000F86800932B0021001BF0E4FC20E0684BE6
:109DA0001C6826203B181A78614913009B009B18F9
:109DB0009B00CB1802331B781D003B181A785C49B6
:109DC00013009B009B189B00CB180C331B68FA6890
:109DD000F86800932B0021001BF0C4FC00E0C04693
:109DE00046E026243B191A7813009B009B189B0021
:109DF0004F4A9B18991D1423FB18042218001BF0CE
:109E000058FE504B1D6820003B181A784849130033
:109E10009B009B189B00CB1803331B785A1E4A49A2
:109E200013005B009B189B00CB1808331E683B187F
:109E30001A783F4913009B009B189B00CB180133F5
:109E40001B785A1E13005B009B18404A9C187B69C4
:109E5000181CF9F7C9FA02000B00F968F8680292B9
:109E60000393009433000A0029001BF07BFCC046DA
:109E700010E0374B1968374BFA68F8681BF072FC32
:109E8000344B1800F6F74AF90200324B0021180053
:109E90001BF0E7FC26257B191A78254913009B0047
:109EA0009B189B00CB180C331B682A4A1100180022
:109EB000FDF764FE031EDCD1274B1A68FB68110016
:109EC00018001BF0D6FC184B1C78FB681800F6F73E
:109ED00025F903009AB2F96801235B42009332230B
:109EE00020000BF043FD2722BB18BA18127801326C
:109EF0001A707B191A787B1901321A70174B1B786C
:109F00002622BA1812789A4200D2C0E6144B1A6878
:109F1000FB68110018001BF0C4FD00231800BD46AB
:109F20000BB0F0BDD8C70208580A0020500100202D
:109F3000681B002054010020580100205C01002013
:109F40006001002064010020C401002080B70208E5
:109F500068010020541D00206C0100205D0A0020D3
:109F60007001002080B588B000AFF860B9607A60F9
:109F700000233B611F23FB1800221A701023FA18DC
:109F80007B68012118000FF04FFD0300BB61BB6926
:109F900018001AF066F8020017217B181A700A00E0
:109FA000BB181B78002B05D0184B1B78BA181278F9
:109FB0009A4203D91F23FB18FF221A701F23FB1894
:109FC0001B78002B16D11723FB181B785A1E10493B
:109FD00013009B009B189B00CB18103301221A70B2
:109FE00006F0AEFE0B4B1A68FB68110018001BF060
:109FF00058FD06E0084B1A68FB68110018001BF0BA
:10A0000050FD00231800BD4608B080BD5D0A002049
:10A01000681B0020740100207801002080B588B002
:10A0200000AFF860B9607A6000233B611F23FB1822
:10A0300000221A701023FA187B68012118000FF013
:10A04000F3FC0300BB61BB6918001AF00AF80200B8
:10A0500017217B181A700A00BB181B78002B05D03B
:10A06000184B1B78BA1812789A4203D91F23FB1891
:10A07000FF221A701F23FB181B78002B16D1172301
:10A08000FB181B785A1E104913009B009B189B005D
:10A09000CB18103300221A7006F052FE0B4B1A68D0
:10A0A000FB68110018001BF0FCFC06E0084B1A6866
:10A0B000FB68110018001BF0F4FC00231800BD46DB
:10A0C00008B080BD5D0A0020681B00207C010020D4
:10A0D0008001002090B589B000AFF860B9607A6067
:10A0E00000233B611F23FB1800221A701023FA186B
:10A0F0007B68012118000FF097FC0300BB61BB696E
:10A10000180019F0AEFF020017217B181A700A0020
:10A11000BB181B78002B05D05F4B1B78BA18127840
:10A120009A4203D91F23FB18FF221A701F23FB1822
:10A130001B78002B00D096E017243B191B785A1E81
:10A14000564913009B009B189B0000225A543B1950
:10A150001B785A1E514913009B009B189B00CB187B
:10A16000013300221A703B191B785A1E13009B0002
:10A170009B189B00494A9B180233042200211800B7
:10A180001BF06FFB3B191B785A1E444913009B00C0
:10A190009B189B00CB18103300221A703B191B78B8
:10A1A0005A1E3E4913009B009B189B00CB180C3392
:10A1B0001B68180019F06CFF20003B181B785A1E12
:10A1C000364913009B009B189B00CB180C330022D0
:10A1D0001A601E23FB183A1812781A7034E01E20F9
:10A1E0003B181A782D4913009B009B189B005B5C61
:10A1F000002B23D001007B181B785A1E13009B00F4
:10A200009B189B00254A98180C007B181A7813009D
:10A210009B009B189B00214A9B18142219001BF0DD
:10A2200048FC3B191A7813009B009B189B001B4AA3
:10A230009B181422002118001BF013FB1E217B1811
:10A240001A787B1801321A70134B1B781E22BA1829
:10A2500012789A42C3D3104B1B78013BDAB20E4BF3
:10A260001A7006F06DFD1F23FB181B78002B07D119
:10A270000B4B1A68FB68110018001BF012FC06E07B
:10A28000084B1A68FB68110018001BF00AFC002339
:10A290001800BD4609B090BD5D0A0020681B002073
:10A2A000840100208801002090B58BB000AFF860D9
:10A2B000B9607A600023BB6100237B612723FB1810
:10A2C00000221A701823FA187B68012118000FF079
:10A2D000ABFB03003B623B6A1B785BB2702B09D17E
:10A2E0003B6A0133180019F0C2FE02002623FB1856
:10A2F0001A7003E02723FB1867221A701423FA1838
:10A300007B68022118000FF08FFB0300FB61FB69E3
:10A310001B785BB2702B09D1FB690133180019F06F
:10A32000A6FE02002523FB181A7003E02723FB1862
:10A3300067221A702722BB181B78002B0DD1BC187E
:10A340002523FB181A782623FB181B781100180008
:10A35000FCF79AFB0300237003E02723FB18672216
:10A360001A702723FB181B78002B0BD1124B19688E
:10A370002623FB181A782523FB181B78F8681BF096
:10A38000F1F913E02723FB181B78672B07D10B4B40
:10A390001A68FB68110018001BF083FB06E0084BED
:10A3A0001A68FB68110018001BF07BFB00231800E3
:10A3B000BD460BB090BDC0468C010020900100202E
:10A3C0009401002090B58BB000AFF860B9607A605E
:10A3D0000023BB6100237B612723FB1800221A7036
:10A3E0001823FA187B68012118000FF01DFB0300E9
:10A3F0003B623B6A1B785BB2702B09D13B6A01332D
:10A40000180019F034FE02002623FB181A7003E02E
:10A410002723FB1867221A701423FA187B6802217D
:10A4200018000FF001FB0300FB61FB691B785BB2B6
:10A43000702B09D1FB690133180019F018FE0200D6
:10A440002523FB181A7003E02723FB1867221A70D4
:10A450002722BB181B78002B0DD1BC182523FB1815
:10A460001A782623FB181B7811001800FCF732FB22
:10A470000300237003E02723FB1867221A702723A9
:10A48000FB181B78002B0BD1124B19682623FB18E5
:10A490001A782523FB181B78F8681BF063F913E082
:10A4A0002723FB181B78672B07D10B4B1A68FB6817
:10A4B000110018001BF0F5FA06E0084B1A68FB685B
:10A4C000110018001BF0EDFA00231800BD460BB078
:10A4D00090BDC046980100209C010020A0010020F2
:10A4E000B0B58EB002AFF860B9607A600023FB614E
:10A4F0002F23FB1800221A701823FB18A54A127884
:10A500001A700023BB621C23FA187B680121180013
:10A510000FF08AFA03007B629F4A7B6A11001800E1
:10A52000F5F7F2FD031E00D0AEE0BB6A002B00D0B1
:10A530002BE12E23FB1801221A709EE0974B1B780B
:10A540002E243A1912789A4200D190E019F0CAFFED
:10A550000300DAB218257B191A7079193B1918789B
:10A56000642300930A2301220BF000FA3B191B78A5
:10A5700018000BF0B1FA03001B685B6ADAB2142111
:10A580007B181A707B191A787B181B789A4204D1B1
:10A590002F23FB1800221A7003E02F23FB1806223A
:10A5A0001A702F23FB181B78002B18D17C4B1968CD
:10A5B0002E23FB181A78FB6818001BF0D3F8774B92
:10A5C0001C78FB681800F5F7A9FD03009AB2F9683A
:10A5D000642300930A2320000BF0C8F91CE02F230A
:10A5E000FB181B78062B17D16E4B19682E23FB180E
:10A5F0001A78FB6818001BF0B5F8684B1C78FB68EC
:10A600001800F5F78BFD03009AB2F96864230093F4
:10A610000A2320000BF0AAF9634B1A68FB681100AB
:10A6200018001BF03EFA5D4B1C78FB681800F5F72C
:10A6300075FD03009AB2F968642300930A23200091
:10A640000BF094F902E0012012F0B2FB534B1B789F
:10A650005A1EBB6A591C554813005B009B189B018E
:10A66000C3185B5C002BEED0BB6A0133BB622E21AA
:10A670007B181A787B1801321A702E23FB181B786E
:10A68000052B00D85AE780E07B6A1B785BB2702B01
:10A6900000D073E07B6A0133180019F0E8FC020077
:10A6A00023243B191A703B191B78002B37D03B1918
:10A6B0001B78052B33D82F23FB181B78002B1CD1BC
:10A6C00019F010FF0300DAB218217B181A707918FC
:10A6D0003B19187864230093322301220BF046F9CA
:10A6E0002E23FB181B7818000BF0F6F903001B68EB
:10A6F0005B6ADAB21423FB181A701823FB181A7855
:10A700001423FB181B789A4204D12F23FB18002234
:10A710001A7008E02F23FB1806221A7003E02F237B
:10A72000FB1866221A702F23FB181B78002B09D107
:10A730001B4B19682323FB181A78FB6818001BF0C1
:10A7400011F822E02F23FB181B78662B07D1184B3A
:10A750001A68FB68110018001BF0A3F915E02F23FD
:10A76000FB181B78062B10D10E4B19682323FB18FE
:10A770001A78FB6818001AF0F5FF06E00D4B1A680E
:10A78000FB68110018001BF08CF900231800BD466F
:10A790000CB0B0BDE8C7020830C60208580A002055
:10A7A000A4010020A8010020AC010020D81D002039
:10A7B000B0010020B4010020B0B58CB000AFF8604B
:10A7C000B9607A600023FB610023BB6100237B61D9
:10A7D0001C23FA187B68012118000FF025F90300EB
:10A7E000BB621823FA187B68022118000FF01CF9CD
:10A7F00003007B622F4ABB6A11001800F5F784FC46
:10A80000031E07D02C4ABB6A11001800F5F77CFC28
:10A81000031E42D0BB6A0133180019F022FC02006B
:10A820002323FB181A70254A7B6A11001800F5F7DC
:10A830006BFC031E04D12F23FB1800221A700BE0BF
:10A840001F4A7B6A11001800F5F75EFC031E03D156
:10A850002F23FB1801221A7023243B191B781800A0
:10A8600009F0A6FB14257A192F23FB1819783B1938
:10A870001B78180009F0E8FB7A19FB681100180032
:10A880001BF00FF97B69181CF8F7AEFD02000B00F6
:10A890000C49F8681AF066FF06E00B4B1A68FB6873
:10A8A000110018001BF0FDF800231800BD460CB085
:10A8B000B0BDC046ECC70208F0C70208F4C70208E2
:10A8C000F8C7020800C80208B801002090B587B098
:10A8D00000AFF860B9607A6000237B6100233B61C0
:10A8E0001023FA1814243B191100180009F07CFCFD
:10A8F0003A19FB68110018001BF0D3F87B69181C8B
:10A90000F8F772FD02000B000449F8681AF02AFFFC
:10A9100000231800BD4607B090BDC0461CC8020801
:10A9200090B587B000AFF860B9607A6000237B61B2
:10A9300000233B611023FA1814243B19110018005E
:10A9400009F052FC3A19FB68110018001BF0A9F835
:10A950003B69181CF8F748FD02000B000449F86831
:10A960001AF000FF00231800BD4607B090BDC04696
:10A9700040C8020890B58DB000AFF860B9607A6049
:10A980000023FB610023BB6100237B611C23FA18B9
:10A990007B68012118000FF047F80300BB62182301
:10A9A000FA187B68022118000FF03EF803007B6262
:10A9B0002C4ABB6A11001800F5F7A6FB031E07D04E
:10A9C000294ABB6A11001800F5F79EFB031E3CD014
:10A9D000BB6A0133180019F044FB02002323FB1863
:10A9E0001A70224A7B6A11001800F5F78DFB031ECE
:10A9F00004D12F23FB1800221A700BE01C4A7B6A3B
:10AA000011001800F5F780FB031E03D12F23FB185C
:10AA100001221A7023243B191B78180009F0C8FA88
:10AA20001423FA182F23FB1819783B191B781800E8
:10AA300009F0C8FC7B69181CF8F7D6FC02000B0073
:10AA40000C49F8681AF08EFE06E00B4B1A68FB689A
:10AA5000110018001BF025F800231800BD460DB0AA
:10AA600090BDC046ECC70208F0C70208F4C7020850
:10AA7000F8C702086CC80208BC010020B0B586B057
:10AA800000AFF860B960BB1D1A8017257C19FB6800
:10AA9000180006F011FC030023707B191B78204A74
:10AAA000D35C002B0BD07B191B781D4AD35C012B88
:10AAB00005D07B191B781A4AD35C032B22D11724AB
:10AAC0003B191B78180007F0F9FE20003B181B7893
:10AAD0005A1E144B9200B968D1503B181B78104A8B
:10AAE0000221D1543B181B785A1E0F4B92000021B3
:10AAF000D150BB1D1A88B968FB68180007F00AFE20
:10AB0000002309E01723FB181B78054AD35C022BAE
:10AB100001D1172300E017231800BD4606B0B0BDD1
:10AB2000680A002098210020AC21002080B584B064
:10AB300000AF0200FB1D1A70FB1D1B783B4AD35C63
:10AB4000022B09D0FB1D1B785A1E394B9200D3589B
:10AB5000180013F049FF64E0FB1D1B785A1E344BAC
:10AB60009200D358180013F03FFFFB1D1B785A1EAC
:10AB7000304B9200D358002B09D0FB1D1B78013BB2
:10AB80002D4A99008A58511C2B4A9B009950FB1D55
:10AB90001B785A1E284B9200D258FB1D1B78591E59
:10ABA000244B8900CB589A4208D2FB1D1B785A1EB1
:10ABB000224B5200D35ADBB20D2B32D1FB1D1B7836
:10ABC0005A1E1E4B5200D35A1B0A9AB20F217B18F1
:10ABD0001A70FB1D1B785A1E184B5200D25A0E23B6
:10ABE000FB181A707B181B78002B03D07B181B787E
:10ABF000012B08D1FB1D1B78180007F089FE104BB4
:10AC000001221A700DE0FB1D1B78180007F080FE72
:10AC10000E23FB181B78180007F07AFE084B012260
:10AC20001A70C046BD4604B080BDC046680A002008
:10AC30000C390020C0210020AC2100201823002066
:10AC4000C001002080B500AF0B4B1B6808221A62C0
:10AC50000A4B1B6808221A62094B1B6808221A62F9
:10AC6000084B1B6808221A62074B1B6808221A62ED
:10AC7000C046BD4680BDC046F82B00208C2C00206D
:10AC8000202D0020B42D0020482E002080B58CB04F
:10AC900002AFFA239A00694969486A4B019303237A
:10ACA0000093002310F07DF8FA239A006649674864
:10ACB000674B019305230093002310F072F8FA23E9
:10ACC0009A0064496448654B019303230093002371
:10ACD00010F067F8FCF7DAFFFA239A006049614840
:10ACE000614B019303230093002310F05AF8FA23D9
:10ACF0009A005E495E485F4B019304230093012351
:10AD000010F04FF8FA239A005B4959485B4B0193C6
:10AD100004230093022310F044F8FA239A005849C0
:10AD20005348584B019304230093032310F039F840
:10AD3000FA239A0054494E48544B0193042300933C
:10AD4000042310F02EF8FA239A0051494848514B39
:10AD5000019304230093052310F023F800237B6262
:10AD60002423FB18012118000EF0F2FC02004A4BCC
:10AD70005A6000233B622023FB18012118000EF0CB
:10AD8000E7FC0200454B5A600023FB611C23FB18C3
:10AD9000012118000EF0DCFC02003F4B9A600023FA
:10ADA000BB611823FB18012118000EF0D1FC020032
:10ADB0003A4B9A6000237B611423FB180121180091
:10ADC0000EF0C6FC0200344BDA6000233B61102316
:10ADD000FB18012118000EF0BBFC02002F4BDA60BB
:10ADE0000023FB600C23FB18012118000EF0B0FCBF
:10ADF0000200294B1A610023BB600823FB180121C4
:10AE000018000EF0A5FC0200244B1A6100237B60A1
:10AE10003B1D012118000EF09BFC02001E4B5A61E5
:10AE200000233B603B00012118000EF091FC020062
:10AE30001A4B5A61C046BD460AB080BD00D2020816
:10AE4000A1AE0008482200200CD20208CDC00008A4
:10AE50005022002018D20208713F02084C22002024
:10AE600024D20208996C0008542200202CD2020837
:10AE700085CC00083422002038D202083822002075
:10AE800044D202083C22002050D202084022002076
:10AE90005CD20208442200205822002074220020A4
:10AEA00080B582B000AF78603A4B1B78032B2FD06F
:10AEB00043DC012B02D0022B15D03EE080239B0106
:10AEC00035480122190014F042FA50200EF02CFCF3
:10AED00080239B0130480022190014F038FA2D4BD2
:10AEE00000221A702AE080239B012B4801221900BE
:10AEF00014F02DFA64200EF017FC80239B012648E5
:10AF00000022190014F023FA224B00221A7015E0D7
:10AF100080239B0120480122190014F018FA1E20FA
:10AF20000EF002FC80239B011B480022190014F044
:10AF30000EFA184B00221A7000E0C04608F0DCFA46
:10AF4000FCF7AEFD154B1B78002B15D005F0E4FC8B
:10AF5000124B00221A7080239B010F480122190016
:10AF600014F0F5F9C82011F023FF80239B010A4853
:10AF70000022190014F0EBF9094B1B780122534011
:10AF8000DBB2002B02D0074B00221A700EF0B8FF84
:10AF90008AE7C0465A0A0020000400502C220020F4
:10AFA0003D3A00203C3A002080B500AF064B1B68BC
:10AFB00006491800F5F7CEF803001A00044B1A6092
:10AFC000C046BD4680BDC046EC01002010270000F1
:10AFD0003022002080B588B000AF0023FB61002341
:10AFE000BB6100237B611E4B1B68FA229100180095
:10AFF000F5F7B0F80300013B3B611A4BFB601A4BBD
:10B00000BB608023DB047B60FB681B683A69D31A52
:10B01000FB6110F0FFF90300BB61BB681B687A6835
:10B02000134007D0BB690133BB61FB681B683A69F9
:10B03000D31AFB61BA6913009B009B185B007B610C
:10B040000A4B1B681900F869F5F784F803001A0029
:10B050007B699B187B617B691800BD4608B080BD89
:10B06000EC01002018E000E004ED00E030220020B8
:10B07000F0B589B002AFB9607A6019000F23FB18F0
:10B08000021C1A700E203B180A1C1A7000237B61E8
:10B0900001007B181A78282308201B18DB191B785D
:10B0A0009A4207D17B181B781A00DD4B0221995474
:10B0B0006723B0E10E23FB181B78002B06D0282352
:10B0C00008229B18DB191B78002B01D16723A2E112
:10B0D0000F23FB181B78002B5BD128250826AB1902
:10B0E000DB191B780D2B18D10E23FB181B781800C9
:10B0F0000AF0F2FC0400AB19DB191B7818000AF007
:10B10000EBFC0100BB689BB21A002000FFF7B6FC05
:10B110000300172B1BD117237DE10E23FB181B788F
:10B1200018000AF0D9FC0400282308229B18DB1918
:10B130001B7818000AF0D0FC03000122190020003F
:10B14000FFF79CFC0300172B01D1172363E17A68FA
:10B1500013005B019B1A9B009B18DB001A00FA236B
:10B1600099001000F4F7F6FF030019000E243A19B5
:10B17000AC48AD4B00931300002211F08FFA03008E
:10B180007B613B191B785A1EA84B9200B968D150BD
:10B19000C1E00F23FB181B78012B3DD12823082287
:10B1A0009B18DB191B7818000AF096FC04000E238C
:10B1B000FB181B7818000AF08FFC0300012219000D
:10B1C0002000FFF75BFC0300172B01D1172322E1BE
:10B1D0007A6813005B019B1A9B009B18DB001A0026
:10B1E000FA2399001000F4F7B5FF03001900282492
:10B1F00008256319DB198B488B4A0092002211F055
:10B200004DFA03007B616319DB191B785A1E874BCB
:10B210009200B968D1507EE00F23FB181B78022BF7
:10B2200077D10E23FB181B7818000AF055FC040098
:10B23000282308229B18DB191B7818000AF04CFC05
:10B240000300012219002000FFF718FC0300172B50
:10B2500001D11723DFE07A6813005B019B1A9B0082
:10B260009B18DB001A00FA2399001000F4F772FF14
:10B27000030019000E257A196A486B4B00931300DE
:10B28000002211F00BFA03007B617B191B785A1E18
:10B29000664B9200B968D150282308229B18DB190D
:10B2A0001B7818000AF018FC04007B191B781800A2
:10B2B0000AF012FC0300012219002000FFF7DEFB58
:10B2C0000300172B01D11723A5E07A6813005B0157
:10B2D0009B1A9B009B18DB001A00FA2399001000B0
:10B2E000F4F738FF03001900282408256319DB1937
:10B2F0004C484D4A0092002211F0D0F903007B61C6
:10B300006319DB191B785A1E484B9200B968D1505B
:10B3100001E067237FE00F22BB181B78002B14D1BC
:10B32000BB181B789BB21B0299B2282308229B18DA
:10B33000DB191B7818000E23FB181B785A1E0B18FC
:10B3400099B23B4B5200D15244E00F22BB181B78FC
:10B35000012B14D1BB181B789BB21B0299B20E2390
:10B36000FB181B781800282308229B18DB191B7870
:10B370005A1E0B1899B22E4B5200D1522AE00F24BC
:10B380003B191B78022B25D13B191B789BB21B0262
:10B3900099B228250823EA18D3191B7818000E261D
:10B3A000BB191B785A1E0B1899B2214B5200D1526F
:10B3B0003B191B789BB21B0299B2BB191B78180072
:10B3C0000823EB18DB191B785A1E0B1899B2184B7F
:10B3D0005200D1520F23FB181B781A04282308218E
:10B3E0005B18DB191B781B02D3180E22BA181278CF
:10B3F0009B181A000F4B1A607B69002B0AD00FF0C4
:10B40000FBFF0200786901235B42009300230121C6
:10B4100011F094F900231800BD4607B0F0BDC046F6
:10B42000680A002070D2020839B40008C021002048
:10B43000182300202423002090B585B000AF786049
:10B440000F203B1800221A700E243B1900221A709C
:10B450000D217B1800221A701E4B1B681A0C7B18DA
:10B460001A701C4B1B681A0A3B191A70194B1A6880
:10B470003B181A707B181B78022B16D025DC002B8A
:10B4800002D0012B07D020E00F23FB181B781800F7
:10B4900007F03EFA1AE00E23FB181B78180007F09D
:10B4A00037FA0D4B01221A7010E00F23FB181B789E
:10B4B000180007F02DFA0E23FB181B78180007F070
:10B4C00027FA054B01221A7000E0C046C046BD466F
:10B4D00005B090BD24230020C0010020F0B587B046
:10B4E00002AF0200FB1D1A700F23FB1800221A7016
:10B4F0000E243B1900221A700D257B1900221A70A8
:10B50000164B00221A70FB1D1B785A1E791914481D
:10B510001300DB009B1ADB001B5C0B70114B1A78CD
:10B5200026003C197B191B7819001000FAF7DEF889
:10B5300003002370FB1D1B789BB27A191178BA198E
:10B540001078009300230A00002100F0AFF90F23C8
:10B55000FB181B781800BD4605B0F0BDBA090020E5
:10B56000700A0020B41A002080B586B002AF020035
:10B57000FB1D1A70BB1D0A1C1A700F23FB1800223A
:10B580001A70134B00221A70124BFA1D12781A709F
:10B59000FB1D1B78FF2B0AD1BB1D1B789BB20093B0
:10B5A0000023FF220021002000F080F909E0BB1DEC
:10B5B0001B789BB200930023FE220021002000F0A4
:10B5C00075F90F23FB181B781800BD4604B080BD29
:10B5D000BA0900207800002080B582B000AF0200D8
:10B5E000FB1D1A70FB1D1B78052B2CD89A00184BDD
:10B5F000D3181B689F46174B1868002302220021AE
:10B6000010F044FE20E0144B1868002302220021B1
:10B6100010F03CFE18E0114B1868002302220021B4
:10B6200010F034FE10E00E4B1868002302220021B7
:10B6300010F02CFE08E00B4B1868002302220021BA
:10B6400010F024FE00E0C046C046BD4602B080BDFA
:10B650007CD2020834220020382200203C22002024
:10B660004022002044220020B0B584B002AF050083
:10B670000C0010001900FB1D2A1C1A70BB1D221C97
:10B680001A703B1D021C1A80BB1C0A1C1A80184B26
:10B6900001221A70174BBA1D12781A70BB1D1B7845
:10B6A000FF2B0CD13B1D1A88FB1D1978BB1C1B8876
:10B6B00000931300FF22002000F0F8F80BE03B1D80
:10B6C0001A88FB1D1978BB1C1B8800931300FE22EF
:10B6D000002000F0EBF8BB1C1A88074B0021180073
:10B6E0001AF0BFF800231800BD4602B0B0BDC04636
:10B6F000BA09002078000020880B0020B0B586B081
:10B7000002AF040008001100FB1D221C1A703B1D33
:10B71000021C1A80BB1C0A1C1A800F23FB18002273
:10B720001A700E257B1900221A70FB1D1B78FF2B47
:10B7300020D0194B1A787C19FB1D1B7819001000BA
:10B74000F9F7D4FF03002370134B19783B1D1C88B5
:10B75000FB1D1A787B191878BB1C1B8800932300EB
:10B7600000F0A4F8BB1C1A880C4B002118001AF03A
:10B7700078F809E0084B1878BB1C19883B1D1A881B
:10B780000B00FF21FFF770FF0F23FB181B78180039
:10B79000BD4604B0B0BDC046B41A0020880B0020DE
:10B7A000F0B587B000AF04000800BA6019000F259B
:10B7B0007B19221C1A700C23FB18021C1A80BB1D5B
:10B7C0000A1C1A801623FB18BA1D12881A8014232B
:10B7D000FB1800221A801223FB1800221A80112164
:10B7E0007B1800221A701023FB1800221A702C4BB1
:10B7F0001A787C187B191B7819001000F9F776FF6E
:10B800000300237041E01223FA181623FB181B884B
:10B8100099B22E2900D92E23138014243B191B889A
:10B82000BA68D11812257B191A881E4B18001AF015
:10B8300040F91626BB19B91928003A180988128848
:10B840008A1A1A803B1939193A18098812888A18F5
:10B850001A80BB191B88002B06D0134B1A78802145
:10B8600049420A431A7004E00F4B1A787F210A40BC
:10B870001A701223FB181A880C23FB1819880F233F
:10B88000FB181B781800FFF739FF1623FB181B88DD
:10B89000002BB8D100231800BD4607B0F0BDC0464C
:10B8A000B41A0020880B0020D41A0020B0B586B04E
:10B8B00000AF05000C0010001900FB1D2A1C1A70B7
:10B8C000BB1D221C1A707B1D021C1A70BB1C0A1C9B
:10B8D0001A801023FB1800221A700F23FB18002275
:10B8E0001A700E23FB1800221A701723FB1800226F
:10B8F0001A701623FB1800221A701523FB18002259
:10B900001A70FB1D1B78002B03D17B1D1B78002BAD
:10B9100017D0FB1D1B78002B07D17B1D1B78FF2B3D
:10B9200003D07B1D1B78FE2B0BD1FB1D1B78002B3E
:10B9300009D0BB1D1B78002B05D07B1D1B78002B6D
:10B9400001D1672318E200200FF0E8FB0300BB6081
:10B95000052100200FF0FCFBCA4B48221A70C94B8E
:10B960005A225A70FB1D1B78002B0BD1BB1D1B7874
:10B97000002B07D17B1D1B78FF2B07D07B1D1B786D
:10B98000FE2B03D0BB1C1B88002B18D128203B1892
:10B990001B885A1E16243B19BB498A5C1A703B1837
:10B9A0001B885A1E1300DB009B1ADB00B74A99184C
:10B9B0003B191A78B64B18001AF07BF829E1BB1D29
:10B9C0001B78002B03D1BB1DB24A12781A70B24B00
:10B9D0001B7801221340DBB2002B05D01722BB18C5
:10B9E000BA18127801321A70BB1C1B88FF2B04D9BD
:10B9F000A94B1A7802210A431A70A24B1622BA18D0
:10BA000012789A709F4B7A1D1278DA709D4BBA1D8E
:10BA100012781A71A04B1A789A4B5A7117203B185A
:10BA20001B780633BA1C1288D1B2964AD1549A4B6D
:10BA30001B7802221340DBB2002B0ED03B183A18C1
:10BA4000127801321A70BB1C1B881B0A9AB23B1871
:10BA50001B780633D1B28B4AD15428243B191B885A
:10BA60002E2B1AD817257B191B78DA1D854BD01879
:10BA70008A4B1B881A008A4BD1183B191B881A0065
:10BA80001AF017F83B191B88DAB27B191B78D31808
:10BA9000DAB21623FB1804321A70824B1B78002B83
:10BAA00000D1B6E0804B1B78FF2B52D01223FB183D
:10BAB00001221A8035E012203B181B885A1E7B4B4E
:10BAC0005200D35A1A00784B1B781A4113000122F6
:10BAD000134020D015217B187A18127801321A7081
:10BAE00028243B191A887B181B78D3182C2B10DCC0
:10BAF0001723FB181B78DA1D3B191B88D2187B18FB
:10BB00001B78D318013B3A181288D1B25D4AD15440
:10BB100001E0692330E112217B181A887B18013279
:10BB20001A80634B1B781A001223FB181B88934260
:10BB3000C1D91723FB181B78DA1D2823FB181B8893
:10BB4000D21815217B181B78D3184E4A791809781A
:10BB5000D154554B1B78FF2B16D128217B181B88FD
:10BB60002C2B11D8534B1B780133DAB2514B1A707E
:10BB70001723FB181B78DA1D7B181B88D3184D4A36
:10BB80001178404AD1542EE0474B1B78FF2B01D14E
:10BB90006923F1E0444B1B78FF2B1ED028217B1832
:10BBA0001A8815203B181B78D3182B2B15DC414B1A
:10BBB0001B780133DAB23F4B1A701723FB181B783E
:10BBC000DA1D7B181B88D2183B181B78D318013359
:10BBD000384A11782B4AD15405E0334B1B78FF2BA0
:10BBE00001D06923C8E0304B1B78FF2B06D1162209
:10BBF000BB18BA18127801321A700AE01523FA1825
:10BC000016217B1812781B78D318DAB27B1802320F
:10BC10001A701C4B16257A1912789A707B191B78AA
:10BC200003331A001749244B180019F042FF7B19FF
:10BC30001B789BB203339AB27B191B78DC1C1E4B1A
:10BC40001100180006F002FF03001A000D4B1A55F0
:10BC5000194B38220021180019F003FE7B1D1B78B8
:10BC6000FF2B2BD07B1D1B78FE2B27D07B191B783D
:10BC70009BB204339AB20349FB1D1878322309F0B2
:10BC8000CBFE6AE0200A0020600A0020700A002033
:10BC9000230A0020B41A0020D41A002056230020C2
:10BCA000880B0020BA090020780000204C1A0020E0
:10BCB0007C000020590A0020E0220020BB1C1B88C9
:10BCC000002B07D1BB1D1B78002B03D1BB1D2C4AB9
:10BCD00012791A70BB1D1B781800F9F72FFB11237E
:10BCE000FB1801221A7033E0264B1B785A1E264B94
:10BCF0005200D35A1A0011203B181B78013B1A41FD
:10BD00001300012213401AD016243B191B789BB252
:10BD100004339AB21A493B181878322309F07CFE92
:10BD20001A4B1B78002B0AD03B191B789BB20433AB
:10BD30009AB21349FB1D1878322309F06DFE0A20D0
:10BD400009F024FA11217B181A787B1801321A7035
:10BD50001123FB181B78052BC6D9BB6819000020DE
:10BD60000FF0F6F90A4B1B78002B02D0084B022289
:10BD70001A701023FB181B781800BD4606B0B0BD22
:10BD8000200A0020B41A0020E0150020B909002084
:10BD9000D51A0020F0B58BB006AF05000C001000DE
:10BDA0001900FB1D2A1C1A70BB1D221C1A707B1D5A
:10BDB000021C1A703B1D0A1C1A700B243B1900222E
:10BDC0001A700F23FB1800221A700E23FB18002292
:10BDD0001A700D23FB1800221A70B04B1B78BA1D85
:10BDE00012789A4248D0FB6ADAB2AD4B1A70FB6AFD
:10BDF0001B0ADAB2AA4B5A70FB6A1B0CDAB2A84BC8
:10BE00009A70FB6A1B0EDAB2A54BDA703B6BDAB2A2
:10BE1000A34B1A713B6B1B0ADAB2A14B5A713B6BF5
:10BE20001B0CDAB29E4B9A713B6B1B0EDAB29C4B29
:10BE3000DA719B4A202308215B18DB191B781372E7
:10BE4000974BFA1D12785A72954B3A1D12789A72D6
:10BE5000934B7A1D1278DA722C235B18DB191A784F
:10BE60008F4B1A73BB1D1B780D221C211800FFF786
:10BE700045FC3B191B780CE10C23FB1800221A70BF
:10BE8000B6E03B1D1A78BB1D1B7811001800F9F7AE
:10BE90002DFC0C217B181B78824AD35C002B00D12F
:10BEA000A0E07B181B7801337E4AD35C002B10D0B6
:10BEB0007B181B787B4AD05C7B181B780133794A4E
:10BEC000D35C0E22BC181900F9F710FC0300237094
:10BED0000EE00C23FB181B78724AD25C0E23FC1870
:10BEE000BB1D1B7819001000F9F700FC030023703C
:10BEF0003B1D1A78BB1D1B7811001800F9F7F6FBE3
:10BF00000C23FB181B78674AD35C3A1D12789A42BF
:10BF100005D10D23FB187A1D12781A7010E00C2140
:10BF20007B181B785F4AD05C7B181B78013B5D4A0D
:10BF3000D35C0D22BC181900F9F7D8FB030023705D
:10BF4000FB6ADAB2564B1A70FB6A1B0ADAB2544B20
:10BF50005A70FB6A1B0CDAB2514B9A70FB6A1B0ECB
:10BF6000DAB24F4BDA703B6BDAB24D4B1A713B6B66
:10BF70001B0ADAB24A4B5A713B6B1B0CDAB2484BC4
:10BF80009A713B6B1B0EDAB2454BDA71444A20239F
:10BF900008215B18DB191B781372414B0E22BA186B
:10BFA00012785A723E4B0D22BA1812789A722C23CC
:10BFB0005B18DB191A783A4BDA723B1D1A78BB1DF5
:10BFC0001B7811001800F9F791FB0C23FB181B7864
:10BFD000344AD35C0C221B211800FFF78FFB0A2088
:10BFE0000DF0A2FB0C217B181A787B1801321A7015
:10BFF0000C23FB181B78192B00D842E7FB1D1B787C
:10C000000D2B43D0BA1D3B1D12781B789A4205D1E7
:10C010000F23FB187A1D12781A700BE00F23FC18FF
:10C020003B1D1A78BB1D1B7811001800F9F75EFB49
:10C0300003002370FB1D1C783A6BF96A2025082049
:10C040002B18DB1918780F26BB191B7800932300D7
:10C05000FFF70EF82C2308201B18DB191B78002B88
:10C0600014D0FB1D1C783A6BF96A2B18DB19187871
:10C0700000230493002303930023029300230193DE
:10C08000BB191B7800932300F8F722F90B23FB1848
:10C090001B781800BD4605B0F0BDC046B41A00209C
:10C0A000880B00203C23002080B500AFBFF34F8FEA
:10C0B000C046044B044ADA60BFF34F8FC046C04607
:10C0C000FDE7C04600ED00E00400FA05F0B58BB0D6
:10C0D00000AF78602723FB1800221A701023FB188A
:10C0E00000221A6000221A710823FB1800221A602D
:10C0F00000221A711A23FB1800221A7001235B42D6
:10C100001900012010F080F8D54B00221A7000F0C1
:10C11000A8FD1923FB18D24A12781A70D04B1B784D
:10C120001A00D04B9200D3581B68DBB2CC4A12786D
:10C13000110040225242D31ADAB2CB4B5A54C84BA8
:10C140001B781A00C84B9A5CC54B1B781900C74B6B
:10C150005B5C9A4200D125E2C14B1A7818243B1946
:10C1600001321A703B191B785A1EBD4B1B781900FF
:10C17000BE4B5B5C1800BE4913005B009B189B0123
:10C18000CB181B5C0D2B4BD13B191B78B94AD35CE8
:10C19000002B45D100233B620DE0B64A3B6AD31821
:10C1A0001B78032B04D1B34A3B6AD31800221A70C0
:10C1B0003B6A01333B623B6A052BEEDD18203B18DE
:10C1C0001B78AC4A0321D154AB4B3A1812781A7041
:10C1D000AA4B3A1812781A703B181B785A1EA04BBB
:10C1E0001B781900A14B5B5C1800A14913005B0090
:10C1F0009B189B01CB181A5CA14B1A70A14B1868B5
:10C2000000230222002110F041F89F4B1B78012BE4
:10C2100002D19E4B01221A709B4B01221A70ABE196
:10C2200018217B181B78934AD35C032B15D17B18FC
:10C230001B785A1E8A4B1B7819008C4B5B5C1800CC
:10C240008B4913005B009B189B01CB181A5C8C4B2D
:10C250001A708E4B01221A708EE118243B191B783C
:10C260005A1E7F4B1B781900804B5B5C180080497D
:10C2700013005B009B189B01CB181B5C482B0BD158
:10C280003B191B787B4AD35C002B05D13B191B78EB
:10C29000784A0721D1546FE118243B191B785A1EA4
:10C2A0006F4B1B781900714B5B5C180070491300D1
:10C2B0005B009B189B01CB181B5C5A2B0BD13B19C5
:10C2C0001B786C4AD35C072B05D13B191B78694A54
:10C2D0000821D15450E118243B191B785A1E604B99
:10C2E0001B781900614B5B5C1800614913005B000F
:10C2F0009B189B01CB181B5C5A2B0BD03B191B784E
:10C300005C4AD35C072B05D13B191B78594A0021A5
:10C31000D15431E11826BB191B78564AD35C082B3F
:10C320004CD1BB191B78534A0121D154BB191B783E
:10C330005A1E4B4B1B7819004C4B5B5C1D0019249B
:10C340003B1919783B191B785148C35C1C004848BD
:10C3500013005B009B189B01C3185D5D4D482300D3
:10C36000DB001B1BDB000A0092005218D100891A67
:10C37000CA0011005B18C31802332A1C1A70192452
:10C380003B191B780822BA180321D154BB191B781A
:10C390005A1E334B1B781900344B5B5C1800344930
:10C3A00013005B009B189B01CB181A5C3B191B7890
:10C3B0000132D1B21022BA18D154DDE018217B1815
:10C3C0001B782C4AD35C012B00D0D5E019203B18F8
:10C3D0001B781022BA18D35C012B5DD97B181B780F
:10C3E0005A1E1F4B1B781900204B5B5C1E003B182C
:10C3F000197805003B181B782548C35C1C007B1985
:10C400001B7808257819C35C1D00194813005B00D0
:10C410009B189B01C3189E5D1E482300DB001B1B5D
:10C42000DB000A0092005218D100891ACA001100DC
:10C430005B18C318321C5A5519203B181B78082466
:10C440003A19D25C0132D1B23A19D1543B181B7857
:10C4500010203A18D25C013AD1B23A18D1548BE08C
:10C460008A2900208C160020842900207C290020A5
:10C47000D81D0020680A0020580A0020D91A002080
:10C480008929002054220020E82300205E0A002091
:10C49000F4230020FC2300201823FB181B785A1ECD
:10C4A000E04B1B781900E04B5B5C1E0019257B19E3
:10C4B00019787B191B78DD48C35C1C007B191B783D
:10C4C00008203818C35C1D00D94813005B009B1876
:10C4D0009B01C3189E5DD7482300DB001B1BDB00BC
:10C4E0000A0092005218D100891ACA0011005B1884
:10C4F000C318321C5A5519203B181B7808243A19C6
:10C50000D25C0132D1B23A19D1543B181B781024B5
:10C510003A19D25C013AD1B23A19D1543B181B787E
:10C52000C24AD25C0132D1B2C04AD1543B181B7806
:10C53000BE4AD35C052B04D13B181B78BB4A0021B3
:10C54000D154BD4B1B781900BC4B1822BA18127875
:10C550005A54B94B1B780133DAB2B74B1A70B64B49
:10C560001B78052B02D1B44B00221A701823FB183C
:10C570001B78B34A0021D154AA4B1B78AA4AD25C3B
:10C580000132D1B2A84AD154A64B1B781A00A64B4F
:10C590009B5CC02B18D1A34B1B781A00A24B002127
:10C5A000995411E09F4B1B781A00A64B9A5C9D4B47
:10C5B0001B7819009C4B5B5C9A4205D1994B1B7808
:10C5C0000133DAB2974B1A709B4B1A789E4B1B784B
:10C5D0009A4200D145E39C4B1B78190018203B1868
:10C5E000964A525C1A7019257B193A181278013A4A
:10C5F0001A707B1919787B191B78944AD35C1A003E
:10C600008C481300DB009B1ADB000A0092005218D2
:10C61000D100891ACA0011005B1848221A547B19EC
:10C6200019787B191B78894AD35C1A00814813005A
:10C63000DB009B1ADB000A0092005218D100891A15
:10C64000CA0011005B18C31801335A221A707B19F3
:10C6500019787B191B787D4AD35C1A001724381986
:10C66000744C1300DB009B1ADB000A009200521886
:10C67000D100891ACA0011005B18E31802331B7835
:10C6800003707B1919787B191B78704AD35C1A00E8
:10C690001626B819674C1300DB009B1ADB000A0052
:10C6A00092005218D100891ACA0011005B18E318D1
:10C6B00003331B780370664B1B78BA1912789A42C1
:10C6C00063D0BB191B78002B5FD0BB191B78FF2BE5
:10C6D0005BD0BB191B78FE2B57D07B191B785D4AAA
:10C6E000172439190978D1547B191A781300DB0003
:10C6F0009B1ADB00584A98187B1919787B191B780C
:10C70000524AD35C1A001300DB009B1ADB000A00BC
:10C7100092005218D100891ACA0011005B18DA1C65
:10C72000444BD1183B191B781A0019F0C2F9182094
:10C730003B181B785A1E48491300DB009B1ADB008C
:10C74000CB1802331B789B08DBB21A1C0123134061
:10C75000DAB2424B01210A4090001A7804218A4340
:10C76000111C021C0A431A703C4B1B780422134014
:10C77000DBB2002B02D03A4B03221A701823FB18AD
:10C780001B781800FEF7AAFE4AE219243B19197813
:10C790003B191B782D4AD35C1A0026481300DB0096
:10C7A0009B1ADB000A0092005218D100891ACA00B5
:10C7B00011005B181A5C2B4B1A703B1919783B1946
:10C7C0001B78224AD35C1A001A481300DB009B1A1C
:10C7D000DB000A0092005218D100891ACA00110029
:10C7E0005B18C31801331A781E4B5A703B1919781D
:10C7F0003B191B78154AD35C1A000E481300DB0066
:10C800009B1ADB000A0092005218D100891ACA0054
:10C8100011005B18C31802331A78124B9A70002368
:10C82000FB6141E08A2900207C290020F4230020BC
:10C83000D81D0020FC2300207A2900207429002024
:10C84000680A00208429002079290020EC23002098
:10C85000B41A0020600A0020700A0020D41A0020B8
:10C860005A0A0020B02300201922BB181978BB18DF
:10C870001B78DE4AD35C1A00FB69DC1CFB69D81C00
:10C88000DB4D1300DB009B1ADB000A0092005218FC
:10C89000D100891ACA0011005B18EB181A5DD54B3C
:10C8A0001A54FB690133FB611726BB191B78FA691F
:10C8B0009A42D9DBBB191B789BB203339AB215237A
:10C8C000FC18CC4B1100180006F0C0F803002370D0
:10C8D000C94B1B8801339AB2C74B1A8019257B19A3
:10C8E00019787B191B78C14AD35C1A00BB191B78D5
:10C8F000D81CBF4C1300DB009B1ADB000A0092001F
:10C900005218D100891ACA0011005B18E3181B5C89
:10C910001522BA1812789A4200D07BE1B74B1B88D7
:10C9200001339AB2B54B1A807B191B78B44A340094
:10C93000B9190978D1547B191A781300DB009B1AB6
:10C94000DB00B04A98187B1919787B191B78A74A25
:10C95000D35C1A001300DB009B1ADB000A00920074
:10C960005218D100891ACA0011005B18DA1CA04BBA
:10C97000D1183B191B781A0019F09BF82723FB18D4
:10C9800000221A701622BB181B78FF2B04D0BB188C
:10C990001B78FE2B00D01CE11623FB181B78FF2B05
:10C9A00042D118243B191B785A1E3B191B78013BB6
:10C9B0009349CB5C591E93481300DB009B1ADB00A4
:10C9C000C3185A5C904B1B78DBB29A422CD03B19AF
:10C9D0001B785A1E3B191B78013B8949CB5C591EB9
:10C9E00088481300DB009B1ADB00C3185A5C864B97
:10C9F000111C1970854B1A703B191B781900FF2008
:10CA0000FEF7B2FD3B191B785A1E3B191B78013B00
:10CA10007B49CB5C591E7B481300DB009B1ADB0073
:10CA2000C31800225A541EE01623FB181B78FF2B54
:10CA300019D118217B181B785A1E7B181B78013BD3
:10CA40006F49CB5C591E6F481300DB009B1ADB005B
:10CA5000C3185A5C6C4B1B78DBB29A4203D1272374
:10CA6000FB1803221A701623FB181B78FE2B00D02C
:10CA700090E018243B191B785A1E3B191B78013B88
:10CA80005F49CB5C591E5F481300DB009B1ADB003B
:10CA9000C3185A5C5C4B1B78DBB29A4200D179E038
:10CAA0003B191B785A1E3B191B78013B5449CB5C40
:10CAB000591E54481300DB009B1ADB00C3185A5C54
:10CAC000514B111C1970514B1A703B191B781900EE
:10CAD000FE20FEF749FD3B191B785A1E3B191B78B7
:10CAE000013B4749CB5C591E46481300DB009B1AAB
:10CAF000DB00C31800225A543B191B785A1E3B19FD
:10CB00001B78013B3E49CB5C981E1A23F9183D4C1B
:10CB10001300DB009B1ADB00E3181B5C0B70272360
:10CB2000FB1866221A701B23FB1800221A7028E0DB
:10CB300018217B181B785A1E7B181B78013B304943
:10CB4000CB5C991E1A23FB181B78C91A1B23FB18F0
:10CB50001B78C9182B481300DB009B1ADB00C31895
:10CB60005A5C2B4B1B789A4205D12723FB180022D5
:10CB70001A70C0462DE01B217B181A787B180132F1
:10CB80001A701B23FA181A23FB1812781B789A4282
:10CB9000CED31EE01623FB181B78FE2B19D11821CB
:10CBA0007B181B785A1E7B181B78013B1449CB5C01
:10CBB000591E14481300DB009B1ADB00C3185A5C93
:10CBC000114B1B78DBB29A4203D12723FB180322B7
:10CBD0001A702723FB181B78002B21D11823FB1870
:10CBE0001B781800FEF7F8FC1AE0C046EC23002082
:10CBF000FC230020B0230020902900208C29002055
:10CC0000600A0020700A00207B290020590A0020B9
:10CC1000B41A0020174B1B8801339AB2154B1A80A7
:10CC200019203B181B78144AD25C0132D1B2124A47
:10CC3000D1543B181B78104AD35C052B04D13B1808
:10CC40001B780D4A0021D1540C4B1B780133DAB20A
:10CC50000A4B1A70094B1B78052B02D1074B002297
:10CC60001A70074B1B78042B01D8FFF752FAFFF715
:10CC700045FAC0468E290020EC23002079290020A7
:10CC80008A290020B0B586B000AF78601723FB1862
:10CC900000221A701123FB1800221A707A681023E0
:10CCA000FB181A701723FB1800221A7001235B422D
:10CCB000190001200FF0A8FA10243B191B78013B42
:10CCC000E34AD35C002B00D126E33B191B785A1EA4
:10CCD0000F23F918DF481300DB009B1ADB001B5CF5
:10CCE0000B703B191B785A1E1623F918D9481300EC
:10CCF000DB009B1ADB00C31801331B780B70152572
:10CD00007B1900221A703B191B785A1ED249D14850
:10CD10001300DB009B1ADB00C31802331B780B7077
:10CD2000CD4B1B7801221340DBB2002B08D011231E
:10CD3000FB1801221A707B197A19127801321A70C5
:10CD4000C54B1B7802221340DBB2002B29D01025E3
:10CD50007B191B785A1E15243B191B78191DBD48D9
:10CD60001300DB009B1ADB00C3185B5C1B0299B24B
:10CD70007B191B785A1E25003B191B78D81CB54C13
:10CD80001300DB009B1ADB00E3181B5C1A00122364
:10CD9000FB188A181A807B197A19127801321A70D6
:10CDA00011E01023FB181B785A1E1523FB181B7863
:10CDB000D91CA8481300DB009B1ADB00C3185A5C7F
:10CDC0001223FB181A80A44B1B7808221340DBB2F5
:10CDD000002B0CD0A04B1A7808218A431A70162316
:10CDE000FB181B7800222C211800FEF787FC152267
:10CDF000BB18BA18127804321A701723FB181B7864
:10CE0000002B00D088E21223FB181B88312B0ADC90
:10CE1000002B00DA6BE2312B00D968E29A008F4BCD
:10CE2000D3181B689F468E4A93425CD05FE217235B
:10CE3000FC181523FB181A781023FB1819781623F1
:10CE4000FB181B78180000F0CFFA0300237063E290
:10CE50001723FC181523FB181A781023FB181978D0
:10CE60001623FB181B78180000F0F8FA0300237053
:10CE700052E280239B017B480122190012F067FADD
:10CE80004AE280239B0177480022190012F05FFAE2
:10CE900042E280239B01734A1900100012F074FAD9
:10CEA0003AE21723FC181523FB181A781023FB18F5
:10CEB00019781623FB181B78180000F039FB0300C3
:10CEC000237029E21723FC181523FB181A78102366
:10CED000FB1819781623FB181B78180000F0B0FB1C
:10CEE0000300237018E21723FC181523FB181A7887
:10CEF0001023FB1819781623FB181B78180000F074
:10CF000003FC0300237007E21723FC181523FB180A
:10CF10001A781023FB1819781623FB181B781800B1
:10CF200000F0E6FD03002370F6E11723FC1815233B
:10CF3000FB181A781023FB1819781623FB181B7896
:10CF4000180000F047FE03002370E5E11723FC18EA
:10CF50001523FB181A781023FB1819781623FB18D1
:10CF60001B78180000F0B4FE03002370D4E11723EF
:10CF7000FC181523FB181A781023FB1819781623B0
:10CF8000FB181B78180000F009FF03002370C3E1B1
:10CF90001723FC181523FB181A781023FB1819788F
:10CFA0001623FB181B78180000F06EFF0300237097
:10CFB000B2E11723FC181623FB181B78180008F0A1
:10CFC00095FE03002370A7E11723FC181523FB1817
:10CFD0001A781023FB1819781623FB181B781800F1
:10CFE00000F0E8FF0300237096E11723FC181523D7
:10CFF000FB181A781023FB1819781623FB181B78D6
:10D00000180001F03FF80300237085E11723FC1896
:10D010001523FB181A781023FB1819781623FB1810
:10D020001B78180001F0F6F80300237074E1172351
:10D03000FC181523FB181A781023FB1819781623EF
:10D04000FB181B78180001F00BF90300237063E153
:10D05000600A0020700A0020D41A00209CD2020826
:10D06000B2050000000400501723FC181523FB181C
:10D070001A781023FB1819781623FB181B78180050
:10D0800001F016F90300237046E11723FC1815235D
:10D09000FB181A781023FB1819781623FB181B7835
:10D0A000180001F0D9F90300237035E11723FC18AB
:10D0B0001523FB181A781023FB1819781623FB1870
:10D0C0001B78180001F052FA0300237024E11723A3
:10D0D000FC181523FB181A781023FB18197816234F
:10D0E000FB181B78180001F065FA0300237013E1A8
:10D0F0001723FC181523FB181A781023FB1819782E
:10D100001623FB181B78180001F09EFA0300237009
:10D1100002E11723FC181523FB181A781023FB18BB
:10D1200019781623FB181B78180001F02FFD030057
:10D130002370F1E01723FC181523FB181A7810232D
:10D14000FB1819781623FB181B78180001F0C4FD92
:10D1500003002370E0E01723FC181523FB181A784E
:10D160001023FB1819781623FB181B78180002F0FF
:10D170000DF803002370CFE01723FC181523FB18CC
:10D180001A781023FB1819781623FB181B7818003F
:10D1900002F0AAF903002370BEE01723FC18152340
:10D1A000FB181A781023FB1819781623FB181B7824
:10D1B000180002F04FFE03002370ADE01723FC18A7
:10D1C0001523FB181A781023FB1819781623FB185F
:10D1D0001B78180002F06AFE030023709CE01723FE
:10D1E000FC181523FB181A781023FB18197816233E
:10D1F000FB181B78180002F0ADFE030023708BE0D3
:10D200001723FC181523FB181A781023FB1819781C
:10D210001623FB181B78180002F002FF030023708E
:10D220007AE01723FC181523FB181A781023FB1833
:10D2300019781623FB181B78180002F015FF03005D
:10D24000237069E01723FC181523FB181A781023A4
:10D25000FB1819781623FB181B78180002F022FF20
:10D260000300237058E01723FC181523FB181A78C5
:10D270001023FB1819781623FB181B78180002F0EE
:10D280002FFF0300237047E01723FC181523FB181A
:10D290001A781023FB1819781623FB181B7818002E
:10D2A00003F0FEF90300237036E01723FC18152362
:10D2B000FB181A781023FB1819781623FB181B7813
:10D2C000180003F027FA0300237025E01723FC1849
:10D2D0001523FB181A781023FB1819781623FB184E
:10D2E0001B78180003F050FA0300237014E0172392
:10D2F000FC181523FB181D781223FB181A8810231D
:10D30000FB1819781623FB1818782B0003F0AEFAD7
:10D310000300237000E0C04617243B191B78012B43
:10D320000AD11623FB181B78002200211800FEF7F3
:10D33000E5F93B1900221A7010217B181B785A1E40
:10D340001300DB009B1ADB00154A98180C007B18B1
:10D350001B78013B134AD35C1A00002118F081FAB4
:10D360003B191B78013B0F4A0021D1543B191B7814
:10D370000D4AD35C022B10D03B191B780A4AD35CB0
:10D38000032B0AD03B191B78074AD35C042B04D02B
:10D390003B191B78044A0021D1540CF0B1FD81E403
:10D3A000700A0020600A0020680A0020B0B584B02E
:10D3B00000AF05000C0010001900BB1D2A1C1A80CC
:10D3C0007B1D221C1A703B1D021C1A70FB1C0A1CC0
:10D3D0001A700F217B1801221A707B181B78180015
:10D3E000BD4604B0B0BD000090B585B000AF0400EC
:10D3F00008001100FB1D221C1A70BB1D021C1A70B4
:10D400007B1D0A1C1A700F23FB1800221A70114B87
:10D4100001221A70104B1B7860221340DBB2602B84
:10D4200006D00D4B1B7860221340DBB2202B0AD1B3
:10D430000F23FC18FB1D1B78002202211800FEF7A9
:10D440005DF9030023700F23FB181B781800BD46FD
:10D4500005B090BD5A0A0020D41A002090B587B0BC
:10D4600002AF040008001100FB1D221C1A70BB1D36
:10D47000021C1A707B1D0A1C1A700F23FB18002255
:10D480001A70244B1B78002B3AD1234B1B781900C0
:10D49000224A0B009B005B185B009B5C002B07D1B2
:10D4A000FB1D1A781E491F4B180018F05BF90EE09F
:10D4B000FB1D1C78FB1D1A7813009B009B185B005A
:10D4C000164A9B1818491748220018F04BF9114BBF
:10D4D0001C78144B1800F2F721FE03009AB2114990
:10D4E00001235B4200933223200008F03FFA031E21
:10D4F00006D00F217B18FF221A707B181B7805E0DD
:10D500000A4B00221A700F23FB181B781800BD4627
:10D5100005B090BD580A0020B41A00202019002040
:10D5200064D302086023002078D30208D51A0020B3
:10D53000B0B586B002AF040008001100FB1D221C2C
:10D540001A70BB1D021C1A707B1D0A1C1A700F2555
:10D550007B1900221A70FB1D1B789BB21B0299B22B
:10D56000BB1D1B785A1E7B1D1B78981C2F4C13006B
:10D57000DB009B1ADB00E3181B5C1800BB1D1B784B
:10D580005A1E0B1899B22A4B9200D152BB1D1B7820
:10D590005A1E7B1D197825481300DB009B1ADB00FF
:10D5A000C3185B5C1B0299B2BB1D1B785A1E7B1D06
:10D5B0001B78581C1D4C1300DB009B1ADB00E31882
:10D5C0001B5C1A00BB1D1B78013B8A1891B2184ADC
:10D5D0009B00D31802330A1C1A80164B02221A70C1
:10D5E000154B1B881B0A9BB2DAB2144B1A70124BF4
:10D5F0001B88DAB2114B5A70104BBA1D12789A7010
:10D6000002200CF091F87C19BB1D187803230093BD
:10D610000B2300220021FEF749F9030023707B1938
:10D620001B781800BD4604B0B0BDC046700A00208B
:10D63000B81500205A0A00207A000020880B00202C
:10D64000B0B584B000AF040008001100FB1D221C1F
:10D650001A70BB1D021C1A707B1D0A1C1A700F2544
:10D660007B1900221A70FB1D1B789BB21B0299B21A
:10D67000BB1D1B785A1E7B1D1B78981C1F4C13006A
:10D68000DB009B1ADB00E3181B5C1800BB1D1B783A
:10D690005A1E0B1899B21A4B9200D152BB1D1B781F
:10D6A0005A1E7B1D197815481300DB009B1ADB00FE
:10D6B000C3185B5C1B0299B2BB1D1B785A1E7B1DF5
:10D6C0001B78581C0D4C1300DB009B1ADB00E31881
:10D6D0001B5C1A00BB1D1B78013B8A1891B2084ADB
:10D6E0009B00D31802330A1C1A80064B00221A70C2
:10D6F0007B191B781800BD4604B0B0BD700A00202D
:10D70000B8150020D51A002090B585B000AF0400F0
:10D7100008001100FB1D221C1A70BB1D021C1A7090
:10D720007B1D0A1C1A700F243B1900221A70BB1DA6
:10D730001B785A1E7B1D1978EB481300DB009B1ADF
:10D74000DB00C3185A5CE94B1A70BB1D1B785A1ECC
:10D750007B1D1B78591CE4481300DB009B1ADB007F
:10D76000C3185A5CE14B5A70BB1D1B785A1E7B1DB7
:10D770001B78991CDC481300DB009B1ADB00C318E4
:10D780005A5CDA4B9A70BB1D1B785A1E7B1D1B78A6
:10D79000D91CD5481300DB009B1ADB00C3185A5C68
:10D7A000D24BDA70BB1D1B785A1E7B1D1B78191DCE
:10D7B000CD481300DB009B1ADB00C3185A5CCB4B2F
:10D7C0001A71BB1D1B785A1E7B1D1B78591DC6483C
:10D7D0001300DB009B1ADB00C3185A5CC34B5A7161
:10D7E000BB1D1B785A1E7B1D1B78991DBE4813005C
:10D7F000DB009B1ADB00C3185A5CBC4B9A71BB1D43
:10D800001B785A1E7B1D1B78D91DB7481300DB00FF
:10D810009B1ADB00C3185A5CB44BDA71BB1D1B7832
:10D820005A1E7B1D1B7808331900AF481300DB001C
:10D830009B1ADB00C3185A5CAC4B1A72BB1D1B78D9
:10D840005A1E7B1D1B7809331900A7481300DB0003
:10D850009B1ADB00C3185A5CA44B5A72BB1D1B7881
:10D860005A1E7B1D1B780A3319009F481300DB00EA
:10D870009B1ADB00C3185A5C9C4B9A72BB1D1B7829
:10D880005A1E7B1D1B780B33190097481300DB00D1
:10D890009B1ADB00C3185A5C944BDA72BB1D1B78D1
:10D8A0005A1E7B1D1B780C3319008F481300DB00B8
:10D8B0009B1ADB00C3185A5C8C4B1A73BB1D1B7878
:10D8C0005A1E7B1D1B780D33190087481300DB009F
:10D8D0009B1ADB00C3185A5C844B5A73BB1D1B7820
:10D8E0005A1E7B1D1B780E3319007F481300DB0086
:10D8F0009B1ADB00C3185A5C7C4B9A73BB1D1B78C8
:10D900005A1E7B1D1B780F33190077481300DB006C
:10D910009B1ADB00C3185A5C744BDA73BB1D1B786F
:10D920005A1E7B1D1B78103319006F481300DB0053
:10D930009B1ADB00C3185A5C6C4B1A74BB1D1B7816
:10D940005A1E7B1D1B781133190067481300DB003A
:10D950009B1ADB00C3185A5C644B5A74BB1D1B78BE
:10D960005A1E7B1D1B78123319005F481300DB0021
:10D970009B1ADB00C3185A5C5C4B9A74BB1D1B7866
:10D980005A1E7B1D1B781333190057481300DB0008
:10D990009B1ADB00C3185A5C544BDA74BB1D1B780E
:10D9A0005A1E7B1D1B78143319004F481300DB00EF
:10D9B0009B1ADB00C3185A5C4C4B1A75BB1D1B78B5
:10D9C0005A1E7B1D1B781533190047481300DB00D6
:10D9D0009B1ADB00C3185A5C444B5A75BB1D1B785D
:10D9E0005A1E7B1D1B78163319003F481300DB00BD
:10D9F0009B1ADB00C3185A5C3C4B9A75BB1D1B7805
:10DA00005A1E7B1D1B781733190037481300DB00A3
:10DA10009B1ADB00C3185A5C344BDA75BB1D1B78AC
:10DA20005A1E7B1D1B78183319002F481300DB008A
:10DA30009B1ADB00C3185A5C2C4B1A76BB1D1B7853
:10DA40005A1E7B1D1B781933190027481300DB0071
:10DA50009B1ADB00C3185A5C244B5A76BB1D1B78FB
:10DA60005A1E7B1D1B781A3319001F481300DB0058
:10DA70009B1ADB00C3185A5C1C4B9A76BB1D1B78A3
:10DA80005A1E7B1D1B781B33190017481300DB003F
:10DA90009B1ADB00C3185A5C144BDA76BB1D1B784B
:10DAA0005A1E7B1D1B781C3319000F481300DB0026
:10DAB0009B1ADB00C3185A5C0C4B1A77BB1D1B78F2
:10DAC0005A1E7B1D1B781D33190007481300DB000D
:10DAD0009B1ADB00C3185A5C044B5A773B191B781E
:10DAE0001800BD4605B090BD700A0020A82900208E
:10DAF000B0B584B000AF040008001100FB1D221C6B
:10DB00001A70BB1D021C1A707B1D0A1C1A700D2393
:10DB1000FB1800221A700F23FB1800221A70BB1D7D
:10DB20001B781800F7F7C2FB274B02221A7032202D
:10DB30000BF0FAFD0E23FB1801221A702AE00E21C9
:10DB40007B181B785A1E214B9200D35A002B1BD0F6
:10DB50000F243B191B781E4A0D0079180978D154FF
:10DB60003B191B785A1C1A4BD0187B191B78013BA8
:10DB70009A00164BD3180422190017F09AFF3B198C
:10DB80003A19127805321A700E217B181A787B1810
:10DB900001321A700E23FB181B78052BCFD90F23E7
:10DBA000FB181B789AB20D257C19FB1D1B780D21E3
:10DBB0001800FDF7A3FD030023707B191B781800E4
:10DBC000BD4604B0B0BDC0465A0A0020B8150020BA
:10DBD000880B0020B0B584B000AF0400080011002D
:10DBE000FB1D221C1A70BB1D021C1A707B1D0A1C17
:10DBF0001A700E23FB1800221A700D203B18002209
:10DC00001A70BB1D1B78013B2D4AD15C0C257B197A
:10DC10007A1D12788A1A1A703C187B191B78052114
:10DC20001800F2F797FA030023700F23FB18002265
:10DC30001A7033E0BB1D1B785A1E7B1D18780F2508
:10DC40007B1919780B009B005B18C1181D48130045
:10DC5000DB009B1ADB00C3185B5C013B9A001A4B8C
:10DC6000D418BB1D1B785A1E7B1D1B78581C7B19B2
:10DC700019780B009B005B18C1181300DB009B1A7E
:10DC8000DB005A180F4BD31804221900200017F09C
:10DC900010FF7B191A787B1901321A700F23FA18BA
:10DCA0000D23FB1812781B789A42C3D3074B00222E
:10DCB0001A700E23FB181B781800BD4604B0B0BDC7
:10DCC000600A0020700A0020CC150020D51A002020
:10DCD000B0B584B000AF040008001100FB1D221C89
:10DCE0001A70BB1D021C1A707B1D0A1C1A700E23B1
:10DCF000FB1800221A700F23FB1801221A7026E06D
:10DD00000F257A19BB1D12781B789A4219D07B19FE
:10DD10001B78180007F0E0FE0400BB1D1B785A1E9C
:10DD20007B1D19787B191B78CB18591E1A481300D4
:10DD3000DB009B1ADB00C3185B5C1900200007F0B6
:10DD4000F5FE0F217B181A787B1801321A700F2309
:10DD5000FB181B78052BD3D9BB1D1B78180007F0C7
:10DD6000BBFE0400BB1D1B785A1E7B1D1B780A33AB
:10DD7000190009481300DB009B1ADB00C3185B5C29
:10DD80001900200007F0D2FE0E23FB181B781800A4
:10DD9000BD4604B0B0BDC046700A002090B587B043
:10DDA00002AF040008001100FB1D221C1A70BB1DED
:10DDB000021C1A707B1D0A1C1A700F23FB1800220C
:10DDC0001A70BB1D1B785A1E7B1D19782B48130037
:10DDD000DB009B1ADB00C3185B5C002B0FD1BB1D63
:10DDE0001B785A1E7B1D1B78591C24481300DB002E
:10DDF0009B1ADB00C3185A5C214B1A7037E0BB1D1D
:10DE00001B785A1E7B1D19781C481300DB009B1AD7
:10DE1000DB00C3185B5C012B29D11A4B00221A705E
:10DE2000BB1D1B785A1E7B1D1B78591C1348130001
:10DE3000DB009B1ADB00C3185A5C124B5A70BB1DE7
:10DE40001B785A1E7B1D1B78991C0C481300DB00A5
:10DE50009B1ADB00C318585C0F23FC1803230093A4
:10DE6000102300220021FDF721FD030023700F2362
:10DE7000FB181B781800BD4605B090BD700A002045
:10DE8000B41A0020880B002090B585B000AF0400C4
:10DE900008001100FB1D221C1A70BB1D021C1A7009
:10DEA0007B1D0A1C1A700F23FB1800221A70BB1D61
:10DEB0001B78013B374AD15C0E243B197A1D12783E
:10DEC0008A1A1A70344B1B787F229343DBB2002BE3
:10DED0001FD0324B1B881A00314BD018BB1D1B784A
:10DEE0005A1E7B1D19781300DB009B1ADB005A18A1
:10DEF0002C4BD1183B191B781A0017F0DAFD3B198F
:10DF00001B789AB2254B1B88D3189AB2234B1A80E0
:10DF100038E0224B1B881A00214BD018BB1D1B7800
:10DF20005A1E7B1D19781300DB009B1ADB005A1860
:10DF30001C4BD1180E243B191B781A0017F0B9FDA1
:10DF40003B191B789AB2154B1B88D3189AB2134B06
:10DF50001A80124B1B8816211800F2F7FBF80300F9
:10DF60009BB2DAB2104B1A700C4B1B881A000C498A
:10DF70000E4B180017F09DFD084B00221A800C4B29
:10DF800002221A700F23FB181B781800BD4605B03B
:10DF900090BDC046600A0020D41A00200E2B00203D
:10DFA000F0290020700A00207C000020AC16002020
:10DFB0005A0A0020B0B584B000AF04000800110078
:10DFC000FB1D221C1A70BB1D021C1A707B1D0A1C33
:10DFD0001A700E23FB1800221A70BB1D1B78013B20
:10DFE000244AD15C0D23FB187A1D12788A1A1A7004
:10DFF0000F23FB1800221A702AE0FB1D1B785A1E03
:10E000001D4B5200D35A19B2BB1D1B785A1E7B1DE3
:10E0100018780F257B191B78C018184C1300DB00EB
:10E020009B1ADB00E3181B5C013B802212021A41A1
:10E0300013001BB20B4319B2FB1D1B785A1E89B289
:10E040000D4B5200D1527B191A787B1901321A708C
:10E050000F23FA180D23FB1812781B789A42CCD3A1
:10E06000074B00221A700E23FB181B781800BD46C0
:10E0700004B0B0BD600A0020801A0020700A0020A1
:10E08000D51A0020B0B586B000AF0400080011001A
:10E09000FB1D221C1A70BB1D021C1A707B1D0A1C62
:10E0A0001A701523FB1800221A70BB1D1B78013B48
:10E0B000564AD15C1423FB187A1D12788A1A1A70FA
:10E0C00000233B610F23FB1800221A70BB1D1B7835
:10E0D0005A1E7B1D19784E481300DB009B1ADB008B
:10E0E000C3185B5C1906BB1D1B785A1E7B1D1B7871
:10E0F000581C474C1300DB009B1ADB00E3181B5C29
:10E100001B04C918BB1D1B785A1E7B1D1B78981C4D
:10E110003F4C1300DB009B1ADB00E3181B5C1B0267
:10E12000C918BB1D1B785A1E7B1D1B78D81C384C88
:10E130001300DB009B1ADB00E3181B5CCB183B6170
:10E14000BB1D1B785A1E7B1D1B78191D3048130000
:10E15000DB009B1ADB00C3185B5CFF2B18D1172375
:10E16000FB1801221A700DE03A6917243B191B783D
:10E170001100180007F090FC21007B181A787B181A
:10E1800001321A701723FB181B78052BECD935E0E8
:10E190001623FB1800221A7028E0BB1D1B785A1E9C
:10E1A0007B1D1B78191D1623FB181B78C8180F251B
:10E1B0007919174C1300DB009B1ADB00E3181B5C7A
:10E1C0000B707B191B78002B0AD07B191B78052B51
:10E1D00006D83A697B191B781100180007F05CFC1F
:10E1E00016217B181A787B1801321A701623FA1838
:10E1F0001423FB1812781B789A42CED31523FB18F0
:10E200001B781800BD4606B0B0BDC046600A0020AD
:10E21000700A0020B0B584B000AF040008001100FF
:10E22000FB1D221C1A70BB1D021C1A707B1D0A1CD0
:10E230001A700F257B1900221A7002F0A3FC7C19BA
:10E24000F5F7A2FF03002370044B01221A707B191B
:10E250001B781800BD4604B0B0BDC0465A0A002065
:10E26000B0B584B000AF040008001100FB1D221CF3
:10E270001A70BB1D021C1A707B1D0A1C1A700F2518
:10E280007B1900221A707C19F6F7EAF80300237054
:10E2900002F052FE64200BF047FA044B02221A707F
:10E2A0007B191B781800BD4604B0B0BD5A0A002087
:10E2B000B0B588B000AF040008001100FB1D221C9F
:10E2C0001A70BB1D021C1A707B1D0A1C1A701F23BA
:10E2D000FB1800221A701C23FB1800221A80BB1D99
:10E2E0001B78013B564AD15C1B243B197A1D1278DE
:10E2F0008A1A1A70BB1D1B785A1E1A2579195148A3
:10E300001300DB009B1ADB001B5C0B700BF084FB23
:10E3100003007B617B191B78FF2B14D1BB1D1B787D
:10E320005A1E7B1D19781300DB009B1ADB005A185C
:10E33000444BD1183B191B78013B1A00424B180083
:10E3400017F0B7FB31E01A23FB181B78FE2B19D10D
:10E35000BB1D1B785A1E7B1D19781300DB009B1A0E
:10E36000DB005A18374BD1181B23FB181A781323DC
:10E37000FB181B78D31A023B1A00334B180017F016
:10E3800098FB12E0BB1D1B785A1E7B1D19781300E9
:10E39000DB009B1ADB005A182A4BD1181B23FB18F1
:10E3A0001A78294B180017F084FB13243B19274ACD
:10E3B00012781A70254BBA1D12781A7099239A0098
:10E3C0007969214B18000BF099FA0300FB601F4B91
:10E3D0003A1912781A701E4B1B7860221340DBB278
:10E3E000602B1DD17B691800F1F798FE0200796956
:10E3F000184B180017F05DFB7B691800F1F78EFED3
:10E40000030099B21F23FC187A69FB1D18780B00D2
:10E410001821FDF7C5F9030023700A200BF084F9D9
:10E42000FB68002BC1D1084B32220021180017F0E5
:10E4300018FA1F23FB181B781800BD4608B0B0BDA2
:10E44000600A0020700A0020102B0020580A0020CB
:10E45000D41A0020880B0020B0B586B000AF0400AD
:10E4600008001100FB1D221C1A70BB1D021C1A7033
:10E470007B1D0A1C1A701723FB1800221A70142423
:10E480003B1900221A80BB1D1B78013B324AD15C2C
:10E4900013257B197A1D12788A1A1A700BF0BCFAB0
:10E4A0000300FB60FB681800F1F738FE0200FB6810
:10E4B0000021180017F0D5F9284B1B787F229343D1
:10E4C000DBB2002B1DD03B191B88FA68D018BB1D8E
:10E4D0001B785A1E7B1D19781300DB009B1ADB008A
:10E4E0005A181F4BD1187B191B781A0017F0E1FA44
:10E4F0007B191B7899B23B193A1912888A181A802D
:10E5000023E014243B191B88FA68D018BB1D1B7824
:10E510005A1E7B1D19781300DB009B1ADB005A186A
:10E520000F4BD1181323FB181B781A0017F0C1FAF0
:10E530003B1900221A800B4B00221A700A4B1868F4
:10E540000023002200210DF0A1FE1723FB181B78E9
:10E550001800BD4606B0B0BD600A0020D41A0020E5
:10E56000700A0020D51A00205422002090B585B0F2
:10E5700000AF040008001100FB1D221C1A70BB1D17
:10E58000021C1A707B1D0A1C1A700F23FB18002234
:10E590001A70054B054A1A60054B01221A700A20B1
:10E5A0000BF0C2F8FDF780FDF03F0220EFBEADDEBC
:10E5B0005A0A0020B0B586B002AF0400080011006E
:10E5C000FB1D221C1A70BB1D021C1A707B1D0A1C2D
:10E5D0001A700F257B1900221A70BB1D1B785A1E5A
:10E5E0007B1D197816481300DB009B1ADB00C3184B
:10E5F000585C00230093192300220021FDF756F9EF
:10E6000064200BF091F80F4B1C78BB1D1B785A1E31
:10E610007B1D19780A481300DB009B1ADB00C31826
:10E62000595CBB1D1A78FB1D18780B00210002F005
:10E630009FFC7B191B781800BD4604B0B0BDC046D6
:10E64000700A0020B41A0020F0B589B002AF0400AF
:10E6500008001100FB1D221C1A70BB1D021C1A7041
:10E660007B1D0A1C1A701623FB1800221A70BB1D92
:10E670001B78013BB64AD15C15257B197A1D1278AF
:10E680008A1A1A70BB1D1B785A1E7B1D1B780B3310
:10E6900018001726B919AF4C1300DB009B1ADB00DA
:10E6A000E3181B5C0B707B191B780F2B0FD1BB1D64
:10E6B0001B785A1E7B1D1B780D331800B919A54C09
:10E6C0001300DB009B1ADB00E3181B5C0B701523A7
:10E6D000FB181B78112B10D1BB1D1B785A1E7B1DFC
:10E6E0001B780F3318001723F9189A4C1300DB001E
:10E6F0009B1ADB00E3181B5C0B70BB1D1B785A1EBA
:10E700007B1D19781300DB009B1ADB005A18914B14
:10E71000D1181023FB1805221800F8F77BFABB1D4F
:10E720001B785A1E7B1D1B78191D1300DB009B1ADA
:10E73000DB005A18874BD1180C23FB180522180050
:10E74000F8F768FA1723FB181B78002B00D003E1B9
:10E75000BB1D1B785A1E7B1D1B78093319007D4891
:10E760001300DB009B1ADB00C3185B5C002B43D05B
:10E77000BB1D1B785A1E7B1D1B780A331900754878
:10E780001300DB009B1ADB00C3185B5C002B33D04B
:10E79000BB1D1B785A1E7B1D1B78083319006D4862
:10E7A0001300DB009B1ADB00C3185C5C3D69FE684C
:10E7B000BB1D1B785A1E7B1D1B7809331900654849
:10E7C0001300DB009B1ADB00C3185B5C9C46BB1D7F
:10E7D0001B785A1E7B1D1B780A3319005D481300F5
:10E7E000DB009B1ADB00C3185B5C009363463200BE
:10E7F00029002000FCF73CFCBB1D1B785A1E7B1D2A
:10E800001B780B33190053481300DB009B1ADB0005
:10E81000C3185B5C002B43D0BB1D1B785A1E7B1DAD
:10E820001B780C3319004B481300DB009B1ADB00EC
:10E83000C3185B5C002B33D0BB1D1B785A1E7B1D9D
:10E840001B780833190043481300DB009B1ADB00D8
:10E85000C3185C5C3D69FE68BB1D1B785A1E7B1D9E
:10E860001B780B3319003B481300DB009B1ADB00BD
:10E87000C3185B5C9C46BB1D1B785A1E7B1D1B7816
:10E880000C33190033481300DB009B1ADB00C3185C
:10E890005B5C00936346320029002000FCF7E8FB34
:10E8A000BB1D1B785A1E7B1D1B780D331900294890
:10E8B0001300DB009B1ADB00C3185B5C002B00D14C
:10E8C0005BE1BB1D1B785A1E7B1D1B780E331900A4
:10E8D00020481300DB009B1ADB00C3185B5C002B95
:10E8E00000D14AE1BB1D1B785A1E7B1D1B780833E3
:10E8F000190018481300DB009B1ADB00C3185C5C8E
:10E900003D69FE68BB1D1B785A1E7B1D1B780D33AD
:10E91000190010481300DB009B1ADB00C3185B5C76
:10E920009C46BB1D1B785A1E7B1D1B780E3319009D
:10E9300008481300DB009B1ADB00C3185B5C0093E4
:10E940006346320029002000FCF792FB15E1C04627
:10E95000600A0020700A0020BB1D1B785A1E7B1D18
:10E960001B780833190088481300DB009B1ADB0072
:10E97000C3185B5C1900E42004F070F9BB1D1B7820
:10E980005A1E7B1D197880481300DB009B1ADB00A0
:10E99000C3185B5C1B0299B2BB1D1B785A1E7B1D02
:10E9A0001B78581C784C1300DB009B1ADB00E31823
:10E9B0001B5CCB189BB21900E52004F04FF9BB1D7E
:10E9C0001B785A1E7B1D1B78991C6F481300DB00B7
:10E9D0009B1ADB00C3185B5C1B0299B2BB1D1B7842
:10E9E0005A1E7B1D1B78D81C674C1300DB009B1A3A
:10E9F000DB00E3181B5CCB189BB21900E62004F087
:10EA00002DF9BB1D1B785A1E7B1D1B78191D5E48F6
:10EA10001300DB009B1ADB00C3185B5C1B0299B27E
:10EA2000BB1D1B785A1E7B1D1B78581D564C1300AE
:10EA3000DB009B1ADB00E3181B5CCB189BB21900B0
:10EA4000E72004F00BF9BB1D1B785A1E7B1D1B78B9
:10EA5000991D4D481300DB009B1ADB00C3185B5C5B
:10EA60001B0299B2BB1D1B785A1E7B1D1B78D81D3B
:10EA7000454C1300DB009B1ADB00E3181B5CCB1832
:10EA80009BB21900E82004F0E9F8BB1D1B785A1E60
:10EA90007B1D1B78093319003B481300DB009B1AD0
:10EAA000DB00C3185B5C1B0299B2BB1D1B785A1EAE
:10EAB0007B1D1B780A331800334C1300DB009B1AB4
:10EAC000DB00E3181B5CCB189BB21900E92004F0B3
:10EAD000C5F81523FB181B78132B23D1BB1D1B78FE
:10EAE0005A1E7B1D1B780B33190027481300DB00CF
:10EAF0009B1ADB00C3185B5C1B0299B2BB1D1B7821
:10EB00005A1E7B1D1B780C3318001F4C1300DB00B2
:10EB10009B1ADB00E3181B5CCB189BB21900EA20A0
:10EB200004F09CF81523FB181B78152B23D1BB1D73
:10EB30001B785A1E7B1D1B780D33190012481300D9
:10EB4000DB009B1ADB00C3185B5C1B0299B2BB1D88
:10EB50001B785A1E7B1D1B780E3318000A4C1300BD
:10EB6000DB009B1ADB00E3181B5CCB189BB219007F
:10EB7000EB2004F073F8FDF797FA1623FB181B78C7
:10EB80001800BD4607B0F0BD700A0020F0B5D646AB
:10EB90004F464646C0B58AB004AF040008001100D5
:10EBA000FB1D221C1A70BB1D021C1A707B1D0A1C47
:10EBB0001A701723FB1800221A70BB1D1B785A1EEF
:10EBC0007B1D19781300DB009B1ADB005A18404BA1
:10EBD000D1181022BB1805221800F8F71BF8BB1D2E
:10EBE0001B785A1E7B1D1B78191D1300DB009B1A16
:10EBF000DB005A18364BD1180C22BB18052218001E
:10EC0000F8F708F8BB1D1B785A1E7B1D1B781900EE
:10EC100009312F481300DB009B1ADB00C3185A5C34
:10EC200094462C4B1A789046BB1D1B785A1E7B1DB0
:10EC30001B7819000B3126481300DB009B1ADB0000
:10EC4000C3185A5C9146BB1D1B785A1E7B1D1B784E
:10EC500019000A311E481300DB009B1ADB00C318A1
:10EC60005A5C9246BB1D1B785A1E7B1D1B781900EF
:10EC7000083117481300DB009B1ADB00C318595CEE
:10EC80003869FC68BB1D1B785A1E7B1D1B781D0054
:10EC90000C350F4E1300DB009B1ADB00F3185B5D95
:10ECA0005A1E9341DBB203930294019000915346A4
:10ECB0004A4641466046FDF76DF81723FB181B785E
:10ECC0001800BD4606B0E0BCBA46B146A846F0BD45
:10ECD000700A0020B41A0020B0B586B000AF04005E
:10ECE00008001100FB1D221C1A70BB1D021C1A70AB
:10ECF0007B1D0A1C1A701723FB1800221A70BB1DFB
:10ED00001B785A1E7B1D1978EB481300DB009B1AF9
:10ED1000DB00C3185B5C002B00D0AFE0BB1D1B7891
:10ED20005A1E7B1D1B78991CE3481300DB009B1ABD
:10ED3000DB00C3185B5C1906BB1D1B785A1E7B1DCC
:10ED40001B78D81CDC4C1300DB009B1ADB00E3189B
:10ED50001B5C1B04C918BB1D1B785A1E7B1D1B782E
:10ED6000181DD54C1300DB009B1ADB00E3181B5C5D
:10ED70001B02C918BB1D1B785A1E7B1D1B78581D12
:10ED8000CD4C1300DB009B1ADB00E3181B5CCB1897
:10ED90003B61BB1D1B785A1E7B1D1B78591CC64846
:10EDA0001300DB009B1ADB00C3185B5C082B00D947
:10EDB000DCE19A00C14BD3181B689F463B691A7867
:10EDC000BF4B1A70FB1D1B7801221F211800FCF796
:10EDD00095FCD0E13B691B785BB2DAB2B84B1A7094
:10EDE000FB1D1B7801221F211800FCF787FCC2E1E4
:10EDF0003B69B34903221800F7F7CAFEFB1D1B78D5
:10EE000002221F211800FCF779FCB4E13B69AC49F0
:10EE100004221800F7F7BCFEFB1D1B7802221F21FD
:10EE20001800FCF76BFCA6E13B69A5490522180018
:10EE3000F7F7AEFEFB1D1B7804221F211800FCF71C
:10EE40005DFC98E13B699E4906221800F7F7A0FE99
:10EE5000FB1D1B7804221F211800FCF74FFC8AE1E0
:10EE60003B69974907221800F7F792FEFB1D1B78B4
:10EE700008221F211800FCF741FC7CE1BB1D1B7818
:10EE80005A1E7B1D19788C481300DB009B1ADB008F
:10EE9000C3185B5C022B00D0B2E0BB1D1B785A1E6E
:10EEA000BB1D1B78013B8749CB5C591E8248130070
:10EEB000DB009B1ADB00C31800225A54BB1D1B78D1
:10EEC0005A1E7B1D1B78591C1300DB009B1ADB00AC
:10EED0005A18794BD3180F257C191800F5F776FBD3
:10EEE000030023707B191B78002B07D1FB1D1B78B7
:10EEF00001221F211800FCF701FC3CE10F203B1808
:10EF00001B785A1E704913005B009B189B005B58CE
:10EF10003B613B181B785A1E6B4913005B009B1822
:10EF20009B00CB1804331A78654B1A70644B1B781E
:10EF3000082B00D91CE19A00644BD3181B689F462C
:10EF40003B691A785E4B5A70FB1D1B7802221F2109
:10EF50001800FCF7D3FB0EE13B691B785BB2DAB219
:10EF6000574B5A70FB1D1B7802221F211800FCF71B
:10EF7000C5FB00E13B69564903221800F7F708FE7C
:10EF8000FB1D1B7803221F211800FCF7B7FBF2E0E2
:10EF90003B694F4904221800F7F7FAFDFB1D1B7867
:10EFA00003221F211800FCF7A9FBE4E03B69484954
:10EFB00005221800F7F7ECFDFB1D1B7805221F2129
:10EFC0001800FCF79BFBD6E03B694149062218007C
:10EFD000F7F7DEFDFB1D1B7805221F211800FCF74B
:10EFE0008DFBC8E03B693A4907221800F7F7D0FDCE
:10EFF000FB1D1B7809221F211800FCF77FFBBAE0DC
:10F00000BB1D1B785A1E7B1D19782B481300DB0093
:10F010009B1ADB00C3185B5C022B00D8ABE0BB1D66
:10F020001B785A1E7B1D197823481300DB009B1A9E
:10F03000DB00C3185B5C1A1F264B9200D358DBB26F
:10F040000F221340DAB21E4B1A701D4B1B78002B97
:10F0500007D1FB1D1B7801221F211800FCF74EFB76
:10F0600089E0BB1D1B785A1E7B1D197812481300BE
:10F07000DB009B1ADB00C3185B5C1A1F154B920068
:10F08000D3581B0C144A944663443B610C4B1B78C9
:10F09000082B6FD89A00114BD3181B689F463B6909
:10F0A0001A78074B5A70FB1D1B7802221F2118008B
:10F0B000FCF724FB5FE0C046700A002094D30208EE
:10F0C000880B0020600A0020C4010020B8D3020889
:10F0D000890B00201416002000000120DCD3020858
:10F0E0003B691B785BB2DAB2264B5A70FB1D1B786A
:10F0F00002221F211800FCF701FB3CE03B6922497A
:10F1000003221800F7F744FDFB1D1B7803221F2183
:10F110001800FCF7F3FA2EE03B691B4904221800A3
:10F12000F7F736FDFB1D1B7803221F211800FCF7A3
:10F13000E5FA20E03B69144905221800F7F728FD9D
:10F14000FB1D1B7805221F211800FCF7D7FA12E0DF
:10F150003B690D4907221800F7F71AFDFB1D1B78C4
:10F1600009221F211800FCF7C9FA04E0C04602E09A
:10F17000C04600E0C0461723FB181B781800BD46A8
:10F1800006B0B0BD880B0020890B0020F0B58BB015
:10F1900000AF0600080011001F23FB18321C1A7074
:10F1A0001E23FB18021C1A701D23FB180A1C1A7060
:10F1B0000F2318229B18DB1900221A70C34B1A6800
:10F1C0005B68032A01D1002B08D0C04B1A685B682A
:10F1D000022A00D0C6E0002B00D0C3E01E257B1918
:10F1E0001B785A1E1D243B191978B9481300DB00FF
:10F1F0009B1ADB00C3185A5CB64B1A707B191B783C
:10F200005A1E3B191978B2481300DB009B1ADB0029
:10F21000C3185B5C082B00D9A2E09A00AE4BD31850
:10F220001B689F46AD4B10221A709AE01E23FB18F4
:10F230001B785A1E1D23FB181B78591CA448130069
:10F24000DB009B1ADB00C3185B5C3B6100237B6126
:10F250009E4B39697A6919605A6082E01E23FB1857
:10F260001B785A1E1D23FB181B78591C9848130045
:10F27000DB009B1ADB00C3185B5C5BB2BB60DB1777
:10F28000FB60924BB968FA6819605A6069E01E2306
:10F29000FB181B785A1E1D23FB181B78591C1300E2
:10F2A000DB009B1ADB005A18894BD118874B0322CD
:10F2B0001800F7F7AFFC54E01E23FB181B785A1E0A
:10F2C0001D23FB181B78591C1300DB009B1ADB0065
:10F2D0005A187F4BD1187D4B04221800F7F79AFC7F
:10F2E0003FE01E23FB181B785A1E1D23FB181B78BA
:10F2F000591C1300DB009B1ADB005A18744BD11801
:10F30000724B05221800F7F785FC2AE01E23FB1834
:10F310001B785A1E1D23FB181B78591C1300DB0099
:10F320009B1ADB005A186A4BD118684B062218004A
:10F33000F7F770FC15E01E23FB181B785A1E1D23DF
:10F34000FB181B78591C1300DB009B1ADB005A18B2
:10F350005F4BD1185D4B07221800F7F75BFC00E00C
:10F36000C046A2E0594B1A685B681100194300D0EF
:10F370009BE05B4B1B78082B00D995E09A00594B1A
:10F38000D3181B689F461E23FB181B785A1E1D238B
:10F39000FB1819784E481300DB009B1ADB00C318DA
:10F3A0005B5C3B6000237B60484B39687A6819607E
:10F3B0005A607AE01E23FB181B785A1E1D23FB1887
:10F3C000197843481300DB009B1ADB00C3185B5C11
:10F3D0005BB21C00DB171D003C4B1C605D6064E0F1
:10F3E0001E23FB181B785A1E1D23FB1819781300C7
:10F3F000DB009B1ADB005A18354BD118334B032224
:10F400001800F7F707FC50E01E23FB181B785A1E64
:10F410001D23FB1819781300DB009B1ADB005A1818
:10F420002B4BD118294B04221800F7F7F3FB3CE0D3
:10F430001E23FB181B785A1E1D23FB181978130076
:10F44000DB009B1ADB005A18214BD1181F4B0522F9
:10F450001800F7F7DFFB28E01E23FB181B785A1E65
:10F460001D23FB1819781300DB009B1ADB005A18C8
:10F47000174BD118154B06221800F7F7CBFB14E0F9
:10F480001E23FB181B785A1E1D23FB181978130026
:10F49000DB009B1ADB005A180D4BD1180B4B0722CF
:10F4A0001800F7F7B7FB00E0C0460C4B1B78102B99
:10F4B00002D00A4B00221A700F2318229B18DB1966
:10F4C0001B781800BD460BB0F0BDC046A01600204A
:10F4D000700A00207D00002000D40208D51A002008
:10F4E000A816002024D40208F0B585B000AF0600AD
:10F4F00008001100FB1D321C1A70BB1D021C1A7083
:10F500007B1D0A1C1A700B23FB1800221A70DB4BA0
:10F5100000221A70BB1D1B785A1E7B1D1978D84813
:10F520001300DB009B1ADB00C3185B5C002B00D1CF
:10F530003CE3BB1D1B785A1E7B1D1978D048130075
:10F54000DB009B1ADB00C3185B5C1E2B00D91EE39B
:10F55000BB1D1B785A1E7B1D1978C9481300DB00A0
:10F560009B1ADB00C3185B5C5A1EC64B9200D35833
:10F570001B0CC54A94466344FB60BB1D1B785A1E96
:10F580007B1D1B78591CBE481300DB009B1ADB0057
:10F59000C3185B5C082B00D991E29A00BB4BD318CF
:10F5A0001B689F46BB1D1B785A1E7B1D1978B448EB
:10F5B0001300DB009B1ADB00C3185B5C5A1EB14BC7
:10F5C0009200D3580F22134030D1012014F056FD81
:10F5D0000300FB60FB68002B25D0FB68E0221206CD
:10F5E000944663441904BB1D1B785A1E7B1D1B786F
:10F5F000581CA34C1300DB009B1ADB00E3181B5CB8
:10F600001D00BB1D1B785A1E7B1D18789C4C1300D7
:10F61000DB009B1ADB00E3181B5C5A1E4919994B4F
:10F620009200D15002E0954B12221A70934B1B7836
:10F63000122B00D145E2BB1D1B785A1E7B1D1B7887
:10F64000981CF9688E4C1300DB009B1ADB00E31852
:10F650001B5C0B7035E2BB1D1B785A1E7B1D197895
:10F6600087481300DB009B1ADB00C3185B5C5A1E43
:10F67000844B9200D3580F22134030D1012014F054
:10F68000FDFC0300FB60FB68002B25D0FB68E0223B
:10F690001206944663441904BB1D1B785A1E7B1D39
:10F6A0001B78581C764C1300DB009B1ADB00E31818
:10F6B0001B5C1D00BB1D1B785A1E7B1D1878704CEF
:10F6C0001300DB009B1ADB00E3181B5C5A1E491970
:10F6D0006C4B9200D15002E0684B12221A70674BBB
:10F6E0001B78122B00D1EEE1BB1D1B785A1E7B1D2F
:10F6F0001B78991C62481300DB009B1ADB00C318BF
:10F700005A5CFB6852B21A70DDE1BB1D1B785A1EB1
:10F710007B1D19785A481300DB009B1ADB00C318C5
:10F720005B5C5A1E574B9200D3580F22134030D1C6
:10F73000022014F0A3FC0300FB60FB68002B25D023
:10F74000FB68E0221206944663441904BB1D1B7833
:10F750005A1E7B1D1B78581C494C1300DB009B1A5A
:10F76000DB00E3181B5C1D00BB1D1B785A1E7B1DB4
:10F770001878434C1300DB009B1ADB00E3181B5C7A
:10F780005A1E49193F4B9200D15002E03B4B1222C6
:10F790001A703A4B1B78122B00D196E1F868BB1D0A
:10F7A0001B785A1E7B1D1B78991C1300DB009B1ACB
:10F7B000DB005A18324BD31803221900F7F72AFA44
:10F7C00083E1BB1D1B785A1E7B1D19782C48130042
:10F7D000DB009B1ADB00C3185B5C5A1E294B9200AE
:10F7E000D3580F22134030D1022014F047FC0300FD
:10F7F000FB60FB68002B25D0FB68E02212069446D4
:10F8000063441904BB1D1B785A1E7B1D1B78581CB2
:10F810001B4C1300DB009B1ADB00E3181B5C1D0074
:10F82000BB1D1B785A1E7B1D1878154C1300DB007E
:10F830009B1ADB00E3181B5C5A1E4919114B9200FE
:10F84000D15002E00D4B12221A700C4B1B78122B78
:10F8500000D13CE1F868BB1D1B785A1E7B1D1B784C
:10F86000991C1300DB009B1ADB005A18044BD318B9
:10F8700004221900F7F7CEF929E1C046D51A002075
:10F88000700A0020141600200000012048D402084D
:10F89000BB1D1B785A1E7B1D1978BF481300DB0067
:10F8A0009B1ADB00C3185B5C5A1EBC4B9200D358FA
:10F8B0000F22134030D1042014F0E0FB0300FB6062
:10F8C000FB68002B25D0FB68E022120694466344B7
:10F8D0001904BB1D1B785A1E7B1D1B78581CAE4C8F
:10F8E0001300DB009B1ADB00E3181B5C1D00BB1D33
:10F8F0001B785A1E7B1D1878A74C1300DB009B1A3F
:10F90000DB00E3181B5C5A1E4919A44B9200D1502E
:10F9100002E0A34B12221A70A14B1B78122B00D1CC
:10F92000D7E0F868BB1D1B785A1E7B1D1B78991CFD
:10F930001300DB009B1ADB005A18974BD3180522E3
:10F940001900F7F767F9C4E0BB1D1B785A1E7B1D31
:10F95000197891481300DB009B1ADB00C3185B5C2D
:10F960005A1E8E4B9200D3580F22134030D10420E0
:10F9700014F084FB0300FB60FB68002B25D0FB68C0
:10F98000E0221206944663441904BB1D1B785A1EDC
:10F990007B1D1B78581C804C1300DB009B1ADB007E
:10F9A000E3181B5C1D00BB1D1B785A1E7B1D1878BD
:10F9B000794C1300DB009B1ADB00E3181B5C5A1E1A
:10F9C0004919764B9200D15002E0754B12221A7001
:10F9D000734B1B78122B00D17DE0F868BB1D1B78A0
:10F9E0005A1E7B1D1B78991C1300DB009B1ADB0041
:10F9F0005A18694BD31806221900F7F70BF96AE079
:10FA0000BB1D1B785A1E7B1D197863481300DB0051
:10FA10009B1ADB00C3185B5C5A1E604B9200D358E4
:10FA20000F22134030D1042014F028FB0300FB60A8
:10FA3000FB68002B25D0FB68E02212069446634445
:10FA40001904BB1D1B785A1E7B1D1B78581C524C79
:10FA50001300DB009B1ADB00E3181B5C1D00BB1DC1
:10FA60001B785A1E7B1D18784B4C1300DB009B1A29
:10FA7000DB00E3181B5C5A1E4919484B9200D15019
:10FA800002E0474B12221A70454B1B78122B24D0F0
:10FA9000BB1D1B785A1E7B1D1B78991C1300DB00B5
:10FAA0009B1ADB005A183C4BD1183E4B072218001A
:10FAB000F7F7B0F83B4AFB6812681A600DE0C046E1
:10FAC0000CE0C0460AE0C04608E0C04606E0C0467A
:10FAD00004E0C04602E0C04600E0C046BB1D1B7803
:10FAE0005A1E7B1D19782C481300DB009B1ADB0083
:10FAF000C3185B5C5A1E294B9200D3580F22134047
:10FB00001900BB1D1B785A1E7B1D1B78581C224CEC
:10FB10001300DB009B1ADB00E3181B5C994200D149
:10FB200069E1BB1D1B785A1E7B1D19781A4813000A
:10FB3000DB009B1ADB00C3185B5C5A1E174B92005C
:10FB4000D158BB1D1B785A1E7B1D1B78581C124CAC
:10FB50001300DB009B1ADB00E3181B5C124A94467F
:10FB600063441D00BB1D1B785A1E7B1D18780A4C70
:10FB70001300DB009B1ADB00E3181B5C5A1E2940B4
:10FB8000064B9200D150064B14221A7033E1044BFD
:10FB900013221A702FE1C046700A002014160020AC
:10FBA000D51A0020A0160020F0FF0000BB1D1B7816
:10FBB0005A1E7B1D1B78991C9F481300DB009B1A63
:10FBC000DB00C3185B5C1906BB1D1B785A1E7B1D2E
:10FBD0001B78D81C984E1300DB009B1ADB00F3182F
:10FBE0001B5C1B04C918BB1D1B785A1E7B1D1B7890
:10FBF000181D914E1300DB009B1ADB00F3181B5CF1
:10FC00001B02C918BB1D1B785A1E7B1D1B78581D73
:10FC1000894E1300DB009B1ADB00F3181B5CCB182A
:10FC2000FB60FA6880239B059A4200D2E0E0FB6803
:10FC3000824A934200D9DBE0BB1D1B785A1E7B1D14
:10FC40001B78591C7C481300DB009B1ADB00C3188F
:10FC50005B5C082B00D9C9E09A00794BD3181B686C
:10FC60009F46BB1D1B785A1E7B1D1B78981DF9688B
:10FC7000714C1300DB009B1ADB00E3181B5C0B705C
:10FC8000B5E0BB1D1B785A1E7B1D1B78991D6A4869
:10FC90001300DB009B1ADB00C3185A5CFB6852B2EE
:10FCA0001A70A4E0F868BB1D1B785A1E7B1D1B78D8
:10FCB000991D1300DB009B1ADB005A185E4BD3180A
:10FCC00003221900F6F7A6FF91E0BB1D1B785A1E10
:10FCD0007B1D1B78991D58481300DB009B1ADB0025
:10FCE000C3185B5C1C00BB1D1B785A1E7B1D1B7858
:10FCF000D91D51481300DB009B1ADB00C3185B5C65
:10FD00001B029BB2E3189AB2FB6812B21A806EE033
:10FD1000F868BB1D1B785A1E7B1D1B78991D1300AC
:10FD2000DB009B1ADB005A18434BD318052219003D
:10FD3000F6F770FF5BE0F868BB1D1B785A1E7B1D51
:10FD40001B78991D1300DB009B1ADB005A183A4BF5
:10FD5000D31806221900F6F75DFF48E0BB1D1B789B
:10FD60005A1E7B1D1B78991D33481300DB009B1A1C
:10FD7000DB00C3185B5C1E00BB1D1B785A1E7B1D7D
:10FD80001B78D91D2C481300DB009B1ADB00C3181D
:10FD90005B5C1B02F118BB1D1B785A1E7B1D1B7878
:10FDA00008331800244E1300DB009B1ADB00F31805
:10FDB0001B5C1B04C918BB1D1B785A1E7B1D1B78BE
:10FDC000093318001C4E1300DB009B1ADB00F318EC
:10FDD0001B5C1B06CB181C0000231D00194B1C606C
:10FDE0005D60184AFB6812681A6000E0C04602E0D5
:10FDF000154B15221A70154B1B7860221340DBB28D
:10FE0000602B06D0114B1B7860221340DBB2202BF5
:10FE10000AD10D4B1A780E4B1A70FB1D1B7801226C
:10FE200021211800FBF76AFC0B23FB181B78180034
:10FE3000BD4605B0F0BDC046700A0020FFFF01209E
:10FE40006CD40208A0160020D51A0020D41A002075
:10FE5000880B002090B585B000AF040008001100A9
:10FE6000FB1D221C1A70BB1D021C1A707B1D0A1C74
:10FE70001A700F243B1900221A70BB1D1B785A1EE2
:10FE80007B1D197807481300DB009B1ADB00C318A1
:10FE90005A5C054B1A703B191B781800BD4605B01B
:10FEA00090BDC046700A0020D51A0020B0B586B0BB
:10FEB00002AF040008001100FB1D221C1A70BB1DBC
:10FEC000021C1A707B1D0A1C1A700F243B19002299
:10FED0001A70BB1D1B78013B1C4AD15C0E257B1997
:10FEE0007A1D12788A1A1A70BB1D1B785A1E7B1D48
:10FEF000197817481300DB009B1ADB00C318585C05
:10FF0000BB1D1B785A1E7B1D1B78591C1300DB0080
:10FF10009B1ADB005A180E4BD1187B191B789BB229
:10FF2000013B9AB20A2300930A2305F01FFD031E2A
:10FF300005D03B19FF221A703B191B7802E00F23F2
:10FF4000FB181B781800BD4604B0B0BD600A002045
:10FF5000700A002090B585B000AF040008001100C1
:10FF6000FB1D221C1A70BB1D021C1A707B1D0A1C73
:10FF70001A700F23FB1800221A70BB1D1B785A1E23
:10FF80007B1D197822481300DB009B1ADB00C31885
:10FF90005B5C1A001F4B1A80BB1D1B785A1E7B1D11
:10FFA0001B78591C1A481300DB009B1ADB00C3188E
:10FFB0005B5C1A00184B1A80174B1B88002B0ED164
:10FFC000144B1B88DBB2180003F0F2FF114B1B88A7
:10FFD000DBB2124A0021180004F036F811E00E4B93
:10FFE0001B88012B0DD10B4B1B88DBB2180003F0D3
:10FFF000DFFF084B1B88DBB2084A0121180004F020
:020000040801F1
:1000000023F80F23FB181B781800BD4605B090BDE0
:10001000700A0020942900209629002098290020A9
:1000200090B585B000AF040008001100FB1D221C34
:100030001A70BB1D021C1A707B1D0A1C1A700F243B
:100040003B1900221A70064A064B1100180004F0F2
:10005000CBF83B191B781800BD4605B090BDC046D3
:10006000A4290020A029002090B585B000AF04008D
:1000700008001100FB1D221C1A70BB1D021C1A7007
:100080007B1D0A1C1A700F217B1800221A70044B6A
:1000900001221A707B181B781800BD4605B090BD70
:1000A000B809002090B585B000AF04000800110029
:1000B000FB1D221C1A70BB1D021C1A707B1D0A1C22
:1000C0001A700F217B1800221A70044B01221A703B
:1000D0007B181B781800BD4605B090BDB9090020FB
:1000E00090B585B000AF040008001100FB1D221C74
:1000F0001A70BB1D021C1A707B1D0A1C1A700F237C
:10010000FB1800221A70D84B01221A70BB1D1B78F5
:100110005A1E7B1D1B78D91CD4481300DB009B1A88
:10012000DB00C3185B5C19B2BB1D1B785A1E7B1D1C
:100130001B78181DCD4C1300DB009B1ADB00E31865
:100140001B5C1B021BB20B431AB20C23FB181A8058
:10015000BB1D1B785A1E7B1D1978C4481300DB0099
:100160009B1ADB00C3185B5C082B00D986E29A005F
:10017000BF4BD3181B689F46BB1D1B785A1E7B1DA7
:100180001B78591CB9481300DB009B1ADB00C3180D
:100190005B5C002B07D10F23FB1800221A70B54BB4
:1001A00010221A706BE20F23FB18FF221A7066E20E
:1001B000BB1D1B785A1E7B1D1B78591CAB481300B6
:1001C000DB009B1ADB00C3185B5C002B22D10F23E2
:1001D000FB1800221A70BB1D1B785A1E7B1D1B7852
:1001E000991CA2481300DB009B1ADB00C3185A5C61
:1001F000A14B1A70BB1D1B785A1E7B1D1B78591D05
:100200009A481300DB009B1ADB00C3185A5C9B4B17
:100210001A6034E20F23FB18FF221A702FE2BB1D75
:100220001B785A1E7B1D1B78591C90481300DB005D
:100230009B1ADB00C3185B5C002B40D10F23FB181B
:1002400000221A70BB1D1B785A1E7B1D1B78991C3F
:1002500086481300DB009B1ADB00C3185A5C864BF0
:100260001A70BB1D1B785A1E7B1D1B78591D7F48B9
:100270001300DB009B1ADB00C3185A5C7F4B1A602B
:10028000BB1D1B785A1E7B1D1B78991D77481300D8
:10029000DB009B1ADB00C3185A5C794B1A60BB1D4C
:1002A0001B785A1E7B1D1B78D91D70481300DB007C
:1002B0009B1ADB00C3185A5C724B1A60DFE10F23F4
:1002C000FB18FF221A70DAE1BB1D1B785A1E7B1D3A
:1002D0001B78591C65481300DB009B1ADB00C31810
:1002E0005B5C002B22D10F23FB1800221A70BB1D70
:1002F0001B785A1E7B1D1B78991C5C481300DB0081
:100300009B1ADB00C3185A5C5B4B1A70BB1D1B7831
:100310005A1E7B1D1B78591D54481300DB009B1A85
:10032000DB00C3185A5C554B1A60A8E10F23FB1879
:10033000FF221A70A3E1BB1D1B785A1E7B1D1B7880
:10034000591C4A481300DB009B1ADB00C3185B5C96
:10035000002B4AD10F23FB1800221A70BB1D1B78FB
:100360005A1E7B1D1B78991C40481300DB009B1A0A
:10037000DB00C3185A5C404B1A70BB1D1B785A1E19
:100380007B1D1B78591D1300DB009B1ADB005A18DC
:10039000364BD118394B03221800F6F73BFCBB1D36
:1003A0001B785A1E7B1D1B78D91D1300DB009B1A7E
:1003B000DB005A182D4BD118314B03221800F6F7E9
:1003C00029FCBB1D1B785A1E7B1D1B7809331900A5
:1003D0001300DB009B1ADB005A18244BD118294B61
:1003E00003221800F6F716FC49E10F23FB18FF2241
:1003F0001A7044E1BB1D1B785A1E7B1D1B78591CCB
:100400001A481300DB009B1ADB00C3185B5C002B4F
:1004100025D10F23FB1800221A70BB1D1B785A1E12
:100420007B1D1B78991C11481300DB009B1ADB0015
:10043000C3185A5C104B1A70BB1D1B785A1E7B1DCB
:100440001B78591D1300DB009B1ADB005A18074B61
:10045000D1180A4B03221800F6F7DCFB0FE10F233B
:10046000FB18FF221A700AE128230020700A0020DE
:1004700090D40208D51A0020292300202C23002024
:100480003023002034230020BB1D1B785A1E7B1D07
:100490001B78591C7D481300DB009B1ADB00C31836
:1004A0005B5C002B25D10F23FB1800221A70BB1DAB
:1004B0001B785A1E7B1D1B78991C74481300DB00A7
:1004C0009B1ADB00C3185A5C714B1A70BB1D1B785A
:1004D0005A1E7B1D1B78591D1300DB009B1ADB0085
:1004E0005A186A4BD1186B4B05221800F6F792FB8D
:1004F000C5E00F23FB18FF221A70C0E0BB1D1B785C
:100500005A1E7B1D1B78591C60481300DB009B1A88
:10051000DB00C3185B5C002B4BD10F23FB180022C0
:100520001A70BB1D1B785A1E7B1D1B78991C5748DF
:100530001300DB009B1ADB00C3185A5C544B1A7083
:10054000BB1D1B785A1E7B1D1B78591D1300DB0039
:100550009B1ADB005A184D4BD1184E4B0522180040
:10056000F6F758FBBB1D1B785A1E7B1D1B78093301
:1005700019001300DB009B1ADB005A18434BD118FB
:10058000454B05221800F6F745FBBB1D1B785A1E8C
:100590007B1D1B780D3319001300DB009B1ADB0059
:1005A0005A183A4BD1183D4B05221800F6F732FB8A
:1005B00065E00F23FB18FF221A7060E0BB1D1B785B
:1005C0005A1E7B1D1B78591C30481300DB009B1AF8
:1005D000DB00C3185B5C002B4BD10F23FB18002200
:1005E0001A70BB1D1B785A1E7B1D1B78991C27484F
:1005F0001300DB009B1ADB00C3185A5C244B1A70F3
:10060000BB1D1B785A1E7B1D1B78591D1300DB0078
:100610009B1ADB005A181D4BD1181E4B05221800DF
:10062000F6F7F8FABB1D1B785A1E7B1D1B780933A1
:1006300019001300DB009B1ADB005A18134BD1186A
:10064000154B05221800F6F7E5FABB1D1B785A1E5C
:100650007B1D1B780D3319001300DB009B1ADB0098
:100660005A180A4BD1180D4B05221800F6F7D2FA8A
:1006700005E00F23FB18FF221A7000E0C0460F238D
:10068000FB181B781800BD4605B090BD700A00200D
:10069000292300202C230020302300203423002095
:1006A00090B585B000AF040008001100FB1D221CAE
:1006B0001A70BB1D021C1A707B1D0A1C1A700F24B5
:1006C0003B1900221A70BB1D1B785A1E7B1D19781E
:1006D0000E481300DB009B1ADB00C3185A5C0C4B5E
:1006E0001A700B4B1B78180000F070F903001A0009
:1006F0003B191B78934202D03B19FF221A700F233B
:10070000FB181B781800BD4605B090BD700A00208C
:100710009229002090B585B000AF040008001100B8
:10072000FB1D221C1A70BB1D021C1A707B1D0A1CAB
:100730001A700F243B1900221A70BB1D1B785A1E19
:100740007B1D19780E481300DB009B1ADB00C318D1
:100750005A5C0C4B1A700B4B1B78180000F092F986
:1007600003001A003B191B78934202D03B19FF2269
:100770001A700F23FB181B781800BD4605B090BDFA
:10078000700A00209329002090B585B000AF0400C6
:1007900008001100FB1D221C1A70BB1D021C1A70E0
:1007A0007B1D0A1C1A700F23FB1800221A70BB1D38
:1007B0001B78013B264AD15C0E243B197A1D127826
:1007C0008A1A1A70234B1B881A00234BD018BB1DA2
:1007D0001B785A1E7B1D19781300DB009B1ADB0067
:1007E0005A181E4BD1183B191B781A0015F061F9E5
:1007F0003B191B789AB2174B1B88D3189AB2154B2A
:100800001A80174B1B787F229343DBB2002B18D141
:10081000BB1D1B78013B5A02124BD0180D4B1B8895
:100820001A000D4B190015F044F90B4B64220021FE
:10083000180015F016F8074B00221A800A4B022206
:100840001A700F23FB181B781800BD4605B090BD29
:10085000600A0020422B0020442B0020700A002058
:10086000D41A0020B80B00205A0A0020F0B587B037
:1008700002AF05000C0010001900FB1D2A1C1A70A5
:10088000BB1D221C1A703B1D021C1A80FB1C0A1C7B
:100890001A700F203B1800221A70BB1D1B785A1EBD
:1008A0001C491300DB009B1ADB005A5C0C217B18EF
:1008B0001A807B181B88DDB206003C18FB1D1A78D5
:1008C000BB1D19783B1D1888FB1C1B7800932B005F
:1008D000FCF76CFD03002370BB191B78012B12D1B0
:1008E0000C217B181B88DDB2BC19FB1D1A78BB1DBF
:1008F00019783B1D1888FB1C1B7800932B0000F017
:10090000BDFC030023700F23FB181B781800BD46A5
:1009100005B0F0BD700A002090B595B000AF14246A
:100920003B1918003C231A00002114F09AFF3B1DCC
:10093000180010231A00002114F093FF80239B005D
:1009400018000FF05BFC3B1903221A603B19802250
:1009500052025A603B1980225200DA6021007B1853
:1009600000221A617B1840225A617B1802221A6207
:100970007B1803225A627B1800229A627B1810228D
:10098000DA627B18802292021A637B18802292041A
:100990005A637B18802292059A637B1818000FF027
:1009A00079FC3B1D07221A603B1D02225A603B1D49
:1009B00000229A603B1D0022DA603B1D02211800D4
:1009C0000FF0C8FFC046BD4615B090BD80B586B0DB
:1009D00000AF0200FB1D1A70FB1D1B78180005F00C
:1009E0007BF803007B617B691B68234A934209D033
:1009F0007B691B68214A934204D07B691B68204AAB
:100A0000934234D1C0467B691B68DA6980235B025C
:100A10001A4080235B029A42F5D0C0467B691B686E
:100A2000DA698023DB031A408023DB039A42F5D185
:100A30000C217B18802292031A607B187869196850
:100A40005A6813F01FF87B691B689A687B691B68FA
:100A50008021C9030A439A607B69180013F07AF871
:100A60008023DB01012118000FF068FB00E0FF2369
:100A70001800BD4606B080BD00380140004400406B
:100A80000048004080B582B000AF0200FB1D1A7024
:100A9000124B134A9A61FB1D1B78042B15D89A0040
:100AA000104BD3181B689F4601200FF013FB0CE07E
:100AB00008200FF00FFB08E020200FF00BFB04E0F4
:100AC00002200FF007FB00E0C0460FF089FB0FF09B
:100AD0006DFB00231800BD4602B080BD00700040D1
:100AE0003F000100DCD4020880B582B000AF0200F4
:100AF000FB1D1A701F4B1A6980235B001A4080236C
:100B00005B009A4230D11B4B1B4A9A61FB1D1B783C
:100B1000042B15D89A00194BD3181B689F46012047
:100B20000FF0F8FA0CE008200FF0F4FA08E02020AB
:100B30000FF0F0FA04E002200FF0ECFA00E0C046FB
:100B400080239B010E48012219000EF000FCFA23BD
:100B50009B0018000CF02CF980239B010848002210
:100B600019000EF0F4FB00E000231800BD4602B0AF
:100B700080BDC0460070004000010100F0D40208B2
:100B800000040050F0B585B000AF0B26BB19002261
:100B90001A700E23FB1808221A800823FB18002263
:100BA0001A800EF0E7F87623FF331A0080231B0229
:100BB000110018000EF016FABE19FA239B00180057
:100BC0000EF01EF9030033700B26BB191B78002BA7
:100BD00003D0554B5B68DBB2A2E0544B5A69534BD0
:100BE00002218A435A61524B1B78002B00D195E0B9
:100BF000504B1B781B029AB24D4B1B7819000820F2
:100C00003B1852181A803B181B889BB23B6000238C
:100C10007B6049493A687B6801200EF05DF80B2340
:100C2000FE18FA239B0018000EF0EAF80300337058
:100C30000B23FB181B78002B03D03B4B5B68DBB20C
:100C40006EE03A4B5A69394B01218A435A610D23B0
:100C5000FB1801221A705AE00C23FB1800221A70AC
:100C60004AE00D203B181B785A1E344B16214A438C
:100C7000D35A002B3AD00E23FB181B882E4A9E18FD
:100C80003B181B785A1E0C23FB1818782B491300AD
:100C90009B009B185B009B181B185B005B5A1C0099
:100CA00000231D0022002B00310001200EF014F85B
:100CB0000B23FE18FA239B0018000EF0A1F8030086
:100CC00033700B23FB181B78002B03D0164B5B688B
:100CD000DBB225E0154B5A69144B01218A435A6156
:100CE0000E22BB18BA18128808321A800C217B1801
:100CF0001A787B1801321A700C23FB181B780A2B08
:100D0000AFD90D217B181A787B1801321A70094B64
:100D10001B780D22BA1812789A429DD90EF04EF81F
:100D20001800BD4605B0F0BDB4A30120002002406C
:100D3000B41A00207C00002000A80708AC16002090
:100D4000B0B588B000AF18243B1900221A703B00E0
:100D500000221A60043311220021180014F081FDD2
:100D60000EF008F8BB235A0080231B021100180064
:100D70000EF038F925003C19FA239B0018000EF0FC
:100D80003FF8030023707B191B78002B03D0654BC1
:100D90005B68DBB2C1E0644B5A69634B02218A4352
:100DA0005A61624BFB611B23FB1800221A70AAE0F8
:100DB0001B203B181A785E4913009B009B189B0070
:100DC0005B5C002B00D198E03B00FE221A703B18C0
:100DD0001A7813009B009B189B00554A99183B00FA
:100DE00001331422180014F064FE1A23FB180022A9
:100DF0001A702BE0F9691A23FB181B78DB003A0004
:100E0000D3181A685B6801200DF066FF18257C195D
:100E1000FA239B0018000DF0F3FF030023707B19E9
:100E20001B78002B03D03F4B5B68DBB275E03E4B79
:100E30005A693D4B01218A435A61FB690833FB61C2
:100E40001A217B181A787B1801321A701A23FB18A2
:100E50001B78042BCED91923FB1800221A7036E018
:100E6000F8691B23FB181A78314913009B009B1863
:100E70009B00CB180C331B681922BA181278920009
:100E80009B181A685B68010001200DF025FF1825EA
:100E90007C19FA239B0018000DF0B2FF03002370A9
:100EA0007B191B78002B03D01E4B5B68DBB234E050
:100EB0001D4B5A691C4B01218A435A61FB69083357
:100EC000FB6119217B181A787B1801321A701923DB
:100ED000FB181C781B23FB181A78154913009B007C
:100EE0009B189B00CB180C331B681800EFF716F902
:100EF000030001339B089C42B2D31B217B181A7854
:100F00007B1801321A700B4B1B781B22BA1812780F
:100F10009A4200D24CE70DF051FF1800BD4608B0D0
:100F2000B0BDC046B4A301200020024000B00708B5
:100F3000681B00205D0A002080B500AF8F239A0057
:100F4000084B0021180014F08CFC074B01221A708A
:100F5000064B00221A70FFF715FE03001800BD466D
:100F600080BDC046AC1600207C000020B41A0020D2
:100F7000F0B589B004AF05000C0010001900FB1D8E
:100F80002A1C1A70BB1D221C1A707B1D021C1A70B1
:100F90003B1D0A1C1A700F257B1900221A700E26A1
:100FA000BB1900221A704A4B1A787C19BB1D1B789A
:100FB00019001000F4F79AFB030023703B1D1B7807
:100FC000002B0ED0424B1B78BA1D12789A4208D1E2
:100FD0007B193A1D12781A70BB193D4A12781A70A3
:100FE0001BE03B1D1B78002B17D1BB1D1B78013B61
:100FF000384AD35C012B05D10E23FB18344A1278F2
:101000001A700AE0BB1D1B78013B324AD35C5A1EA2
:101010000E23FB1830498A5C1A702D4B1B78FA1D81
:1010200012789A422FD108F0F7FC0300BB603B1DF9
:101030001B78002B08D1294B1968BB1D1A78BB6897
:10104000180014F08FFB08E0254B1968BB1D1A78B7
:101050003B1D1B78B86814F085FB224B1A68BB68EF
:101060001100180014F005FCBB681800EFF756F8E3
:1010700003009AB2B9687B1D1878322304F0CCFCC7
:1010800064200BF095FE7B1D1B78180000F02CF8F7
:101090000F257B191B78180000F026F80C4B1978E7
:1010A0000B4B1C787B191A787B1D1878002303934F
:1010B00001235B42029301235B42019302230093CD
:1010C0002300FAF767FEC046BD4605B0F0BDC04636
:1010D000B41A0020E81800203C2300206C000020F7
:1010E000740000207000002080B584B000AF0200C2
:1010F000FB1D1A70FB1D1B78180004F0EDFC0300AB
:10110000FB60FB68180010F0FFFDFB688022D20036
:101110001A61FB68802252019A60FB68180010F087
:101120009DFDFB681B681A68FB681B6820210A4349
:101130001A60C046BD4604B080BD000080B584B0D2
:1011400000AF424B5A6B414B02210A435A633F4B5B
:101150005B6B02221340BB60BB683C4B5A6B3B4B42
:1011600001210A435A63394B5B6B012213407B60B8
:101170007B6804F053F804F08FF804F0CBF804F027
:1011800007F904F035F901F039FE01F09BFF01F099
:101190004FF90123FB6051E0FB68DBB2180004F05B
:1011A0009BFC02002A4B9A4206D1FB685A1E294B2F
:1011B00092002949D1503EE0FB68DBB2180004F0F0
:1011C0008BFC0200254B9A4206D1FB685A1E214B2C
:1011D00092002349D1502EE0FB68DBB2180004F0E6
:1011E0007BFC02001F4B9A4206D1FB685A1E194B2A
:1011F00092001D49D1501EE0FB68DBB2180004F0DC
:101200006BFC0200194B9A4206D1FB685A1E114B27
:1012100092001749D1500EE0FB68DBB2180004F0D1
:101220005BFC0200134B9A4205D1FB685A1E094B26
:1012300092001149D150FB680133FB60FB68052B1C
:10124000AADDC046C046BD4604B080BD00100240C5
:10125000F82B00208C1600200C0002408C2C002063
:1012600020000240202D002034000240482E0020A3
:101270005C000240B42D002048000240B0B584B0AC
:1012800000AF05000C0010001900BB1D2A1C1A80BD
:101290007B1D221C1A703B1D021C1A70FB1C0A1CB1
:1012A0001A700F217B1800221A707B181B78180007
:1012B000BD4604B0B0BD000080B582B000AF78601C
:1012C0007B681B68124A934201D101231CE07B68B2
:1012D0001B68104A934201D1022315E07B681B680A
:1012E0000D4A934201D103230EE07B681B680B4A31
:1012F000934201D1042307E07B681B68084A9342AC
:1013000001D1052300E000231800BD4602B080BDD6
:10131000004C0040004400400048004000380140BC
:101320000050004080B500AFC046BD4680BDF0B55E
:1013300085B000AF02003960FB1D1A700F23FB1847
:1013400000221A700D23FB1800221A70FB1D1B7857
:10135000032B31D046DC012B02D0022B16D041E00A
:101360000F257C190D26BB19180001F0BFF80300EA
:1013700023707B191B78002B39D1BB191B781800FF
:10138000F0F734F9021C3B681A6030E00F257C1935
:101390000D26BB19180001F0BFF8030023707B195C
:1013A0001B78002B25D1BB191B781800F0F71EF90C
:1013B000021C3B681A601CE00F257C190E26BB1925
:1013C000180001F07BF8030023707B191B78002BB9
:1013D00011D1BB191B781800F0F708F9021C3B6803
:1013E0001A6008E00F23FB1867221A7004E0C04659
:1013F00002E0C04600E0C0460F23FB181B7818002F
:10140000BD4605B0F0BD0000B0B584B000AF05002A
:101410000C0010001900FB1D2A1C1A70BB1D221C99
:101420001A707B1D021C1A703B1D0A1C1A70FA1DD3
:10143000BB1D12781B781343DAB27B1D1B78134354
:10144000D9B20F203B183A1D12780A431A700400D3
:101450003B181B7864221900012001F0BBFE044BED
:101460003A191278DA71C046BD4604B0B0BDC04624
:10147000E02E002090B585B000AF0200FB1D1A7071
:10148000294BFA1D12785A700F217B1800221A700E
:101490000C00791864230122062001F0D1FE2100FE
:1014A0007B181B785BB2072293435AB2FB1D1B7853
:1014B0005BB213435BB2DAB27B181A70FB1D1B7868
:1014C000032B07D17B181B7808221343DAB27B1851
:1014D0001A7007E00F217B181B7808229343DAB2B9
:1014E0007B181A700F243B191B7864221900062000
:1014F00001F070FE3B191A780B4B1A72FB1D1B781A
:10150000002B06D10023002200210020FFF77CFFE2
:1015100005E00023002200218020FFF775FFC04670
:10152000BD4605B090BDC046E02E002090B585B008
:1015300000AF0200FB1D1A700F217B1800221A70E9
:10154000154BFA1D12789A700C0079186423012249
:10155000072001F075FE21007B181B785BB21C226E
:1015600093435AB2FB1D1B789B005BB213435BB2E3
:10157000DAB27B181A700C007B181B7864221900F1
:10158000072001F027FE3B191A78034B5A72C04618
:10159000BD4605B090BDC046E02E002090B585B098
:1015A00000AF0200FB1D1A700F203B1800221A70BA
:1015B000164BFA1D1278DA700400391864230122E0
:1015C000072001F03DFE20003B181B785BB2032290
:1015D00093435AB2FB1D1B785BB203210B405BB2F5
:1015E00013435BB2DAB23B181A7004003B181B7845
:1015F00064221900072001F0EDFD3B191A78034B16
:101600005A72C046BD4605B090BDC046E02E0020CF
:1016100090B585B000AF0200FB1D1A70BB1D0A1CFF
:101620001A700F217B1800221A700F4BFA1D1278C6
:101630001A71FB1D1B781B015AB2BB1D1B785BB2D4
:1016400013435AB27B181A700C007B181B78642263
:101650001900092001F0BEFD034B3A1912789A7265
:10166000C046BD4605B090BDE02E002090B593B0B9
:1016700000AF47243B1900221A704623FB180022B2
:101680001A703B1D00221A6004333C22002118000E
:1016900014F0E7F8FA239B00391D4022052001F0E1
:1016A000CFFD3B1900221A703CE046203B181B7806
:1016B0003A1DD35C1B021AB23B181B780133391D4B
:1016C000CB5C1BB213431AB247243B191B7891B26F
:1016D000194A14335B00D31804330A1C1A803B18D0
:1016E0001B7802333A1DD35C1B021AB23B181B78DD
:1016F0000333391DCB5C1BB213431AB23B191B7861
:1017000091B20D4A04335B00D31804330A1C1A80CB
:101710003B183A18127804321A703B191A783B19A0
:1017200001321A704723FB181B780F2BBDD9C04616
:10173000C046BD4613B090BDE02E002080B582B0FB
:1017400000AFBB1D294A6021525A1A80BB1D1A885E
:1017500096239B009A4202D3BB1D00221A807B1D58
:1017600000221A7034E0BB1D1A8896239B009A420F
:1017700029D27B1D1A78BB1D1B881C4914325200CC
:101780008A1804321188194A30335B00D3180233A7
:101790000A1C1A807B1D1A78BB1D1B881349043252
:1017A00052008A1804321188104AA2208000844610
:1017B00063445B00D31802330A1C1A80BB1D1A88CD
:1017C000BB1D01321A807B1D1A787B1D01321A70F5
:1017D0007B1D1B780F2BC6D9044BBA1D60211288C4
:1017E0005A52C046BD4602B080BDC046E02E002021
:1017F00080B582B000AFFB1D00221A70BB1D2D4AC0
:1018000012791A702B4B2C4A9B583B60294B5B7802
:10181000032B4AD10BF0C2FA02003B68D31AC82B43
:1018200043D9244B9B8D1A00224B9B89D31A234A00
:1018300093420CDDBB1D1B780E2B08D8BB1DBA1DB7
:10184000127801321A70FB1D01221A7019E0194B2F
:101850009B891A00174B9B8DD31A184A93420CDDB3
:10186000BB1D1B78002B08D0BB1DBA1D1278013A96
:101870001A70FB1D01221A7003E00E4B104A012161
:101880009954FB1D1B78012B0FD10A4B0C4A0021E8
:101890009954BB1D1B780F211800FFF7B9FE0BF000
:1018A0007DFA0200034B04495A50C046BD4602B0BF
:1018B00080BDC046E02E0020C40900004C1D000081
:1018C000C909000080B582B000AF1B4B1B4A002144
:1018D0009954FB1D00221A7025E0FB1D1B78164A47
:1018E00014335B00D31804331B88154A934204D980
:1018F000114B124A0121995410E00F4B0F4A00215D
:1019000099540D4B6022002199520B4B5D2200210E
:101910009954094B5E220021995409E0FB1D1A7865
:10192000FB1D01321A70FB1D1B780F2BD5D9C04649
:10193000C046BD4602B080BDE02E0020C8090000B0
:10194000A8610000F0B5EB4CA54400AFEA4BEB4AB0
:10195000BA1813600BF022FA0200E94BE9495A5019
:10196000E94BEA4C1B19DB19180096231B011A00DE
:10197000002113F076FFE64B1B19DB1918009623A4
:101980001B011A00002113F06CFFE24BFB18002230
:101990001A80E14BFB1800221A80E04BFB18012251
:1019A0001A806AE0DD4EBB191B885A1ED94BFB1802
:1019B000D349303252008A18023212881A80BB1979
:1019C0001A88D5483B18CE49303252008A18023264
:1019D00012881A803B181B881800EFF707FE031CBB
:1019E000181CF1F701FDCE4ACE4BF0F7E9FD0200DD
:1019F0000B0014001D00C74BFB181B881800EFF7E5
:101A0000F5FD031C181CF1F7EFFCC54AC54BF0F7B8
:101A1000D7FD02000B0020002900F1F799F8020021
:101A20000B0014001D00BB191B885A1EB64BB7498A
:101A30005B18DB199200D358181CF1F7D5FCBA4A91
:101A4000BA4BF0F7BDFD02000B0020002900EFF7B4
:101A50000FFE02000B00B9190C8810001900F1F7F5
:101A60000BFD011CA84BA94A9B18DB19A200D15001
:101A7000BB191A88BB1901321A80A84BFB181A88A7
:101A800096239B009A428DD3A94BFB1801221A8002
:101A900070E0A74EBB191B88013B9E4ABA189849B3
:101AA000A2208000844663445B00CB1802331B886D
:101AB0001380BB191B8898483A189149A224A400A6
:101AC000A44663445B00CB1802331B8813803B1889
:101AD0001B881800EFF78AFD031C181CF1F784FC23
:101AE0008F4A904BF0F76CFD02000B0014001D00B4
:101AF000884ABB181B881800EFF778FD031C181CD8
:101B0000F1F772FC864A874BF0F75AFD02000B0092
:101B100020002900F1F71CF802000B0014001D0042
:101B2000BB191B885A1E7A4B78495B18DB19920047
:101B3000D358181CF1F758FC7B4A7C4BF0F740FD5A
:101B400002000B0020002900EFF792FD02000B00BD
:101B5000B9190C8810001900F1F78EFC011C6C4BB0
:101B60006A4A9B18DB19A200D150BB191A88BB190D
:101B700001321A806E4BFB181A8896239B009A42FA
:101B800000D286E76B4B614A9B18DB19180096233D
:101B90001B011A00002113F064FE674BFB180222A0
:101BA0001A808BE0644EBB191A88574B57495B1853
:101BB000DB199200D358181CF1F716FC5F4A604BF2
:101BC000F0F7FEFC02000B0014001D00BB191B887F
:101BD0005A1E4D4B4D495B18DB199200D358181C07
:101BE000F1F702FC554A574BF0F7EAFC02000B00F4
:101BF00020002900EFF73CFD02000B0014001D003F
:101C0000BB191B889A1E404B40495B18DB19920098
:101C1000D358181CF1F7E8FB484A494BF0F7D0FCC1
:101C200002000B0020002900EFF722FD02000B004C
:101C300014001D00BB191B885A1E3E4B33495B180C
:101C4000DB199200D358181CF1F7CEFB3E4A3F4BEC
:101C5000F0F7B6FC02000B0020002900EFF708FDAA
:101C600002000B0014001D00BB191B889A1E314B8B
:101C700026495B18DB199200D358181CF1F7B4FB06
:101C8000334A344BF0F79CFC02000B002000290083
:101C9000F0F75EFF02000B00B9190C881000190064
:101CA000F1F7EAFB011C234B184A9B18DB19A20031
:101CB000D150BB191A88BB1901321A801E4BFB1870
:101CC0001A8896239B009A4200D26BE7224BFB189E
:101CD00000221A70214B0D4A9B18DB1918000623AD
:101CE0001A00002113F0BDFD1D4BFB18A0221A8025
:101CF000A6E0C04664E3FFFFD11F1A3C701C000041
:101D0000E02E0020CC09000060F6FFFF981C0000C8
:101D100000EDFFFF6E1C00006C1C0000961C000014
:101D20009EEFA7C64B37EF3F3BDF4F8D976EEE3FE1
:101D3000941C0000A0E3FFFF921C000092CB7F48A0
:101D4000BF7D6D3FBF7D7D3F0BB5A679C729FD3FA8
:101D500027C286A757CAEA3F911C000098E3FFFFFD
:101D60008E1C0000D34C3B191A88D34BD34D5B1902
:101D7000DB199200D0583B191B885A1ECE4B5B19B9
:101D8000DB199200D358191CEEF7AAFB031E51D0A1
:101D90003B191A88C84B5B19DB199200D0583B19C4
:101DA0001B885A1CC44B5B19DB199200D358191CB1
:101DB000EEF796FB031E3DD03B191A88BE4B5B190C
:101DC000DB199200D0583B191B880A3B1A00BA4B0A
:101DD0005B19DB199200D358191CEEF781FB031E27
:101DE00028D03B191A88B44B5B19DB199200D058E4
:101DF0003B191B880A331A00AF4B5B19DB199200A1
:101E0000D358191CEEF76CFB031E13D0AC483B18DB
:101E10001A783B1801321A703B181B785A1EA94BCE
:101E20005B19DB19520039190988D1523B181B780C
:101E3000032B0DD09F497B181A887B1801321A801A
:101E40009C4BFB181B88A04A934200D88AE700E00D
:101E5000C0469E4B9A4ABA185C2112785A549C4E3E
:101E6000BB1900221A809B497B1800221A809A48CD
:101E70003B1800221A800023984C3D192B60002348
:101E8000E3256D017D192B600023954ABD182B6059
:101E90000023944D7D192B600023E4256D017D19ED
:101EA0002B60874BFB181B78032B00D0C7E0BB19B6
:101EB000844A824D5219D21912881A807B18814A9D
:101EC0005219D21952881A803B187E4A5519EA19BC
:101ED00092881A807B181A88BB191B88D31A18009D
:101EE000EFF738FB031C191C7F4D7B191868EFF7BF
:101EF0002FF8031C3A19136077483B181A88754964
:101F00007B181B88D31A1800EFF724FB031C191C3D
:101F10007B191868EFF71CF8031CE3256D017A198B
:101F200013606D483B181A88BB191B88D31A180018
:101F3000EFF710FB031C6A497A181360634B3A19D8
:101F400012681A65614B7A1912685A655F4B7A18E4
:101F500012689A653A191068F1F746FA634A644BB9
:101F6000EEF798FA031E65D08021C9053A1910686A
:101F7000EEF7B6FA031E5DD026003A191068F1F7A5
:101F800033FA04000D00E3235B01FA181068F1F73F
:101F90002BFA584A584BF0F713FB02000B002000B5
:101FA0002900EEF76DFA031E4DD0BA191068F1F74B
:101FB0001BFA04000D00E3235B01FB181868F1F71E
:101FC00013FA4E4A4E4BF0F7FBFA02000B002000CA
:101FD0002900EEF769FA031E00D134E0E3235B0128
:101FE000FB1819683D4BFB181868EEF741FC031C01
:101FF0008021C905181CEEF7C5FD031C394AB91824
:102000000B60BB1819683F48EEF7BCFD031CE422C7
:102010005201B9180B60BB181B68181C18F0BCFAE9
:10202000031C181CEEF7D2FA0300D9B2274B5D222D
:10203000995408E0254B5D220021995403E0234B7D
:102040005D2200219954304B1C4A9B18DB192F4A02
:1020500013CA13C313CA13C313CA13C31168196075
:102060009188998092799A710023294ABA1813604D
:102070000023284ABA181360274BFB1800221A7055
:10208000264BFB1800221A70104B5B78032B00D0F4
:1020900009E10021E4235B01FB181868EEF71AFA46
:1020A000031E00D0FBE01E4BFB18094ABA18128829
:1020B0001A8074E08E1C0000A0E3FFFF981C000053
:1020C000911C000098E3FFFF4D020000E02E00206D
:1020D0008C1C00006A1C00008A1C0000641C0000AC
:1020E000841C00005C1C0000701C0000713D0AD7BD
:1020F000A370DD3F333333333333F33F9A999999E8
:102100009999E93F000070426CE3FFFF04D5020893
:102110007C1C0000781C0000771C00005B1C000089
:10212000741C00006B4C3B191A886B4B6B4D5B1990
:10213000DB199200D0583B191A88674B5B19DB19E1
:102140009200D358191CEEF703FF031C191C644EB0
:10215000BB191868EEF78CFB031CBA1913603B1906
:102160001A88604B5B19DB199200D0583B191A880A
:102170005C4B5B19DB199200D358191CEEF7E8FE93
:10218000031C191C584D7B191868EEF771FB031CD2
:102190007A1913603B191A883B1901321A804D4B8A
:1021A000FA18524BFB1812881B889A42BAD9504E23
:1021B000BB1919684C4BFB181868EEF7E3FC031CBD
:1021C000181CF1F711F902000B001000190018F0AB
:1021D000ADF90022474BF0F7F3F902000B001400B1
:1021E0001D00BB1919683E4BFB181868EEF7CAFCB6
:1021F000031C181CF1F7F8F802000B00100019007E
:1022000018F094F902000B0020002900EFF794FD6C
:1022100002000B0010001900F1F72EF9031C181C26
:1022200018F0BAF9031C344D7C19181CEEF7CEF9DE
:10223000030023702A00BB181B78422B06D92F4BB2
:10224000FB18BA181278423A1A700AE02A4ABB18E8
:102250001B78322B05D9294BFB18BA181278323A61
:102260001A70264BFB181A7825483B1825491B4C39
:102270000919C9198A5C1A703B181B785C2B09D99B
:102280003B181B78642B05D81F4B3A185E21127837
:102290005A5408E01C4B5E220021995403E01A4B6B
:1022A0005E22002199540AF079FD0100164A9D230F
:1022B0001B01D150144A9D231B01D258124B1349C4
:1022C0005B58D21A104B12495A50C046BD46114BAA
:1022D0009D44F0BD741C000060F6FFFF981C0000D8
:1022E0007C1C000000EDFFFF781C00008A1C000031
:1022F000841C0000000059405B1C0000771C00009B
:102300005A1C00006CE3FFFFE02E0020CC09000007
:10231000D40900009C1C000090B5164CA544164F33
:102320006F44FB1D00221A70F91D64230122002056
:1023300000F086FFFB1D1B785BB2002B16DA0F4CFA
:102340006B461800230010330B4A190013F0B1FB41
:1023500020686168A268E368FFF788F9074B4C22A0
:1023600001219954054B4D2201219954C046BD4687
:1023700003B090BD2CF6FFFFC8090000E02E00203E
:1023800090B5284CA544284F6F44284C6B46180044
:1023900023001033244A190013F08BFB2068616876
:1023A000A268E368FFF78EFA204B1F4A9B5C012B63
:1023B0001DD11E4C6B461800230010331A4A190019
:1023C00013F077FB20686168A268E368FFF7B6F94D
:1023D000164C6B46180023001033134A190013F0F3
:1023E00068FB20686168A268E368FFF701FA0F4B99
:1023F00060229A5A96239B009A420ED10B4C6B4650
:10240000180023001033084A190013F052FB20680B
:102410006168A268E368FFF795FAC046BD4601B05F
:1024200090BDC04634F6FFFFC8090000E02E002032
:1024300080B582B000AFFB1D00221A70BB1D0322C5
:102440001A707B1D00221A700F210A20FFF7E0F896
:102450000320FFF7A3F80120FFF768F8BB1D1B78E6
:102460001800FFF707F8791D64230122002000F00F
:10247000E7FE031E03D1FB1D00221A7002E0FB1DC4
:1024800002221A70FB1D1B781800BD4602B080BDE9
:1024900080B584B000AF78600F217B1800221A70DD
:1024A000054B4D229A5C7B681A707B181B781800CC
:1024B000BD4604B080BDC046E02E002080B584B08B
:1024C00000AF78600F217B1800221A70054B064A76
:1024D0009A5C7B681A707B181B781800BD4604B0A4
:1024E00080BDC046E02E0020C809000080B584B041
:1024F00000AF78600F217B1800221A70054B5D2217
:102500009A5C7B681A707B181B781800BD4604B073
:1025100080BDC046E02E002080B584B000AF78605A
:102520000F217B1800221A70054B5E229A5C7B6893
:102530001A707B181B781800BD4604B080BDC046D9
:10254000E02E002080B582B000AF1A4B9A6B194B79
:1025500001210A439A63174B9B6B012213407B6056
:102560007B68144B9A6B134B02210A439A63114BFD
:102570009B6B022213403B603B6800220021092034
:102580000BF0CCFD09200BF0DEFD002200210A201B
:102590000BF0C4FD0A200BF0D6FD002200210B2019
:1025A0000BF0BCFD0B200BF0CEFDC046BD4602B0CB
:1025B00080BDC0460010024080B582B000AFFB1D58
:1025C00000221A70324B5B78002B0ED1314B1A6807
:1025D000314B1100180000F069F8031E05D0FB1DF7
:1025E000FF221A70FB1D1B784DE0294B9B78002BB6
:1025F0000ED1284B5A68294B1100180000F056F8EC
:10260000031E05D0FB1DFF221A70FB1D1B783AE04C
:102610001F4BDB78002B0ED11E4B9A68204B11000C
:10262000180000F043F8031E05D0FB1DFF221A70AE
:10263000FB1D1B7827E0164B1B79002B0ED1154B89
:10264000DA68184B1100180000F030F8031E05D0AE
:10265000FB1DFF221A70FB1D1B7814E00C4B5B79ED
:10266000002B0ED10B4B1A690F4B1100180000F014
:102670001DF8031E05D0FB1DFF221A70FB1D1B78E1
:1026800001E0FB1D1B781800BD4602B080BDC046AE
:10269000680A00200C390020B42D00208C2C00206A
:1026A000202D0020F82B0020482E002090B585B06A
:1026B00000AF786039600F243B1900221A707B68E4
:1026C0001800FEF7F9FD03005A1E13005B009B186B
:1026D0009B010F4A99187B68C022180011F058FB23
:1026E000031E05D03B19FF221A703B191B780AE024
:1026F0003B681B681A683B681B6804218A431A60A0
:102700000F23FB181B781800BD4605B090BDC046CE
:10271000D81D0020F0B587B000AFF860B960BB1DD0
:102720001A8017257B1900221A701626BC19FB681F
:102730001800FEF7C1FD030023701523FC18BB68C9
:102740001800FEF7B9FD03002370BB191B785A1E51
:10275000314B9200D3583B611523FB181B78002B9B
:1027600037D1FB681800FEF7A7FD0300013B2B4A99
:102770000021D154FB681800FEF79EFD0300013BC9
:102780005A02274BD318802292000021180013F020
:1027900068F8FB681800FEF78FFD0300013B5A0242
:1027A0001F4BD118BB1D1A88FB68180011F0F0FAF6
:1027B000031E05D07B19FF221A707B191B7826E0B7
:1027C0003B691B681A683B691B6804218A431A60CD
:1027D0001AE0BB681B6828331900BB1D1A88FB6808
:1027E000180011F0D5FA031E06D017217B18FF221E
:1027F0001A707B181B780AE03B691B681A683B69F2
:102800001B6804218A431A601723FB181B781800E1
:10281000BD4607B0F0BDC0460C3900207C29002021
:10282000B80B002090B587B000AF0200FB1D1A70F6
:1028300017243B1900221A70FB1D1B78180003F0A7
:102840004BF903003B61FB1D1B785A1E174B92008E
:10285000D358FB603B6918000FF0EAFB031E05D05C
:102860003B19FF221A703B191B781AE0FB681B68A2
:1028700000225A60FB1D1B780D4AD35C022B0DD140
:10288000FB1D1B785A1E0B4B92000021D150FB1DE3
:102890001B785A1E084B92000021D1501723FB18B9
:1028A0001B781800BD4607B090BDC0460C3900200B
:1028B000680A0020AC210020C021002090B585B01E
:1028C00000AF0200FB1D1A700F243B1900221A7082
:1028D000FB1D1B781800FFF7A5FF031E05D03B1951
:1028E000FF221A703B191B780DE0FB1D1B781800A6
:1028F00003F0F2F80300BB60BB68180002F0A8FD0B
:102900000F23FB181B781800BD4605B090BD0000D2
:1029100090B585B000AF0200FB1D1A700F243B1963
:1029200000221A70FB1D1B781800FFF77BFF031EA7
:1029300005D03B19FF221A703B191B7840E0FB1DA4
:102940001B78180003F0C8F80300BB60BB681800D0
:1029500002F07EFDFB1D1B785A1E1B4B9200D358C4
:102960009B6A1800FEF7A8FC03001A00174B002111
:102970009954FB1D1B785A1E154B92000021D15013
:10298000FB1D1B78013B134A0021D154FB1D1B7812
:10299000180003F0A1F8FB1D1B785A1E0A4B920089
:1029A000D3581900FFF782FE031E06D00F217B18B3
:1029B000FF221A707B181B7802E00F23FB181B788C
:1029C0001800BD4605B090BD0C390020680A0020F3
:1029D000982100207C29002080B500AF0D4B0E4AC5
:1029E0001A600C4B1022DA600A4B00225A71094B14
:1029F00000221A71074B00225A61064B00229A618D
:102A0000044B03221A62034B18000BF0B9FBC046BB
:102A1000BD4680BD243900200030024080B584B01E
:102A200000AF7860084B9A6B074B802149010A433D
:102A30009A63054B9A6B80235B011340FB60FB6834
:102A4000C046BD4604B080BD0010024080B586B0CF
:102A500000AF78600A00BB1C1A800823FB18002214
:102A60001A607B68002B00D192E0BB1C1B88002BF6
:102A700000D18DE0BB1C1B88032B33D81623FB1819
:102A800000221A7000233B611BE01622BB181B7842
:102A9000BA18591C11701A007B689B181978082302
:102AA000FA183B69D3180A1C1A70BB1CBA1C12888E
:102AB000013A1A80BB1C1B88002B06D03B690133EE
:102AC0003B613B69032BE0DD00E0C0460823F918B9
:102AD000324B012218000BF000FC02001723FB18F8
:102AE0001A7051E0BB1C1B889B089BB21A007968C6
:102AF0002A4B18000BF0F1FB02001723FB181A7089
:102B0000BB1C1B88032213409BB2002B3CD0BB1C78
:102B10001B88DAB21623FB1803218A431A70BB1CE8
:102B2000BA1C128803210A401A800023FB601BE0B4
:102B30001622BB181B78BA18591C11701A007B6832
:102B40009B1819780823FA18FB68D3180A1C1A7006
:102B5000BB1CBA1C1288013A1A80BB1C1B88002BB4
:102B600006D0FB680133FB60FB68032BE0DD00E06F
:102B7000C0460823F918094B012218000BF066FB28
:102B800002001723FB181A701723FB181B7800E0AC
:102B900000231800BD4606B080BDC0462439002081
:102BA00080B500AFBFF34F8FC046044B044ADA60D4
:102BB000BFF34F8FC046C046FDE7C04600ED00E0C2
:102BC0000400FA0590B583B000AFFB1D00221A7017
:102BD0003B1D00221A800CF0CDF83C1D002003F0B4
:102BE000BFF9030023803B1D1B88022B07D03B1D30
:102BF0001B880A2B03D03B1D1B880C2B05D100F032
:102C000066F80CF0DBF8FFF7CBFF0CF0D7F8FB1DF4
:102C10001B781800BD4603B090BD90B585B000AFDD
:102C200002003960BB1D1A800F243B1900221A7064
:102C30003A68BB1D1B881100180004F01FFF031E1B
:102C400005D03B190A221A703B191B7802E00F23AA
:102C5000FB181B781800BD4605B090BDB0B584B018
:102C600000AF0200BB1D1A803B1D0A1C1A800F23F7
:102C7000FB1800221A700C257B1900221A800CF018
:102C800079F87C193B1D1A88BB1D1B8811001800A0
:102C900004F024FF030023807B191A8880235B0043
:102CA0009A4202D104F03EFF08E00C23FB181B8877
:102CB000002B03D00CF082F80A2304E00CF07EF81D
:102CC0000F23FB181B781800BD4604B0B0BD80B5BB
:102CD00082B000AFFB1D00221A700CF04BF80020F0
:102CE00004F078FD031E07D00CF068F8FB1D0A22E3
:102CF0001A70FB1D1B7803E00CF060F8FB1D1B78BD
:102D00001800BD4602B080BD80B500AF074B1B6800
:102D1000074A934206D0FFF7DAFF031E02D1034BA6
:102D2000034A1A60C046BD4680BDC046F07F002001
:102D3000ADDEEFBE80B586B000AF214B5A6B204BA5
:102D400004210A435A631E4B5B6B042213407B61D0
:102D50007B691B4B5A6B1A4B01210A435A63184B70
:102D60005B6B012213403B613B69154B5A6B144B63
:102D700008210A435A63124B5B6B08221340FB6025
:102D8000FB680F4B5A6B0E4B02210A435A630C4BE4
:102D90005B6B02221340BB60BB68094B5A6B084B4C
:102DA00020210A435A63064B5B6B202213407B6051
:102DB0007B6800F007F8C046BD4606B080BDC0463F
:102DC0000010024080B586B000AF3B1D802292010A
:102DD0001A603B1D01225A603B1D00229A603B1D78
:102DE0000222DA603B1D044A190010000CF026F99B
:102DF000C046BD4606B080BD0004005080B586B018
:102E000000AF3B1D180014231A00002112F029FD09
:102E10003B1D80221A603B1D842292035A603B1D99
:102E200000229A603B1D084A190010000CF006F9B8
:102E30000022012107200BF071F907200BF083F924
:102E4000C046BD4606B080BD00040050F0B593B04A
:102E500002AF534B5A6B524B01210A435A63504BFA
:102E60005B6B012213403B613B694D4B5A6B4C4BF2
:102E700002210A435A634A4B5B6B02221340FB60F8
:102E8000FB68474B5A6B464B04210A435A63444B39
:102E90005B6B04221340BB60BB68414B5A6B404BD9
:102EA00008210A435A633E4B5B6B082213407B6048
:102EB0007B682423F8181A257A192823F91818236F
:102EC000FB1800930300012000F06EF81C23F81893
:102ED0001623FA182023F9181426BB1900930300AF
:102EE000052000F061F82C217B1801225A607B1824
:102EF00000229A607B191B881A007B181A60BB6A33
:102F00001A000C007B18190010000CF097F8210033
:102F10007B1800225A607B1802229A60BB191B881A
:102F20001A007B181A60FB691A007B181900100040
:102F30000CF084F8BB6A18007B191B88002219006A
:102F40000CF005FA052002F045F9FB691A00BB19DF
:102F50001B88190010000CF0DDF9031E17D1BB6AA5
:102F600018007B191B88012219000CF0F0F90520CC
:102F700002F030F9FB691A00BB191B881900100018
:102F80000CF0C8F90300012B01D1012304E0054B2B
:102F9000012252421A6000231800BD4611B0F0BD54
:102FA00000100240F07F002080B586B000AFB9600D
:102FB0007A603B600F217B18021C1A701723FB18E4
:102FC00000221A707B181B78180002F085FD0300A0
:102FD0003B613A69344B9A4210D1BB68A022D205BA
:102FE0001A607B68802292001A803B68A022D2057A
:102FF0001A603B6A8022D2001A804DE03A692B4B5E
:103000009A420ED1BB68A022D2051A607B680422C6
:103010001A803B68A022D2051A603B6A08221A80F7
:103020003AE03A69224B9A420ED1BB68214A1A60B3
:103030007B688022D2001A803B681E4A1A603B6A75
:10304000802212011A8027E03A691B4B9A420ED166
:10305000BB68A022D2051A607B6801221A803B68F7
:10306000A022D2051A603B6A02221A8014E03A6953
:10307000124B9A420CD1BB68114A1A607B68082235
:103080001A803B680E4A1A603B6A04221A8003E0E9
:103090001723FB18FF221A701723FB181B78180040
:1030A000BD4606B080BDC046F82B00208C2C002009
:1030B000202D002000040050B42D0020482E0020B8
:1030C000000C005080B500AF00F004F8C046BD46CB
:1030D00080BD000080B500AF154B164A1A60144B36
:1030E000154A5A60124B00229A60114B0122DA6095
:1030F0000F4B00221A610E4B00225A610C4B00222A
:103100009A610B4B0022DA61094B00221A62084BCC
:1031100018000CF093F9064B002118000CF042FF48
:10312000034B002118000CF089FFC046BD4680BD4E
:103130009839002000580040B57DB11090B58BB093
:1031400000AF786014243B19180014231A000021E2
:1031500012F087FB7B681B681B4A93422FD11B4BE5
:103160005A6B1A4B02210A435A63184B5B6B0222BB
:1031700013403B613B6921007B1818221A607B18C1
:1031800012225A607B1801229A607B180022DA60B2
:103190007B1808221A617B180D4A190010000BF0E9
:1031A0004DFF0A4BDA6B094B8021C9030A43DA63EE
:1031B000064BDA6B8023DB031340FB60FB68C046E1
:1031C000BD460BB090BDC046005800400010024004
:1031D00000040050F0B587B002AF3A60FB1D021C3E
:1031E0001A70BB1D0A1C1A700F257B1900221A7059
:1031F0000C243B1900221A803B19FA1D12781A7010
:103200003B19BA1D12785A700E26BB1902221A7089
:1032100006F086FEBB191B7899B23A1907483B683D
:1032200000930B00AE210CF0AFF906F08BFE7B197A
:103230001B781800BD4605B0F0BDC0469839002087
:10324000F0B589B002AFB96011007B600F243B1963
:10325000021C1A700E257B190A1C1A701726BB193E
:1032600000221A7006F05CFE3A190F487B68009342
:103270000123AE210CF088F906F064FE06F050FE42
:103280007B191B7899B2BA6807487B6800930B00DA
:10329000AE210CF0A3FA06F055FEBB191B781800FE
:1032A000BD4607B0F0BDC0469839002080B500AFDC
:1032B0001D4B1E4A1A601C4B802212065A601A4B84
:1032C00000229A60184B0022DA60174B8022120607
:1032D0001A61154B04225A61134B00221A76124BC5
:1032E00000225A76104B01229A760F4B20220021A1
:1032F00099540D4B00225A620B4B00229A620A4BE2
:103300002C2200219954084B00221A63064B180006
:1033100009F0F4FE031E01D000F062F8044B012214
:103320001A70C046BD4680BDAC3A00200024014062
:103330008E3A002090B58BB000AF786014243B1912
:10334000180014231A00002112F08BFA214B1A6C7A
:10335000204B802149030A431A641E4B1A6C8023B8
:103360005B0313403B613B691A4B5A6B194B0121BC
:103370000A435A63174B5B6B01221340FB60FB68E7
:10338000154B1B78012B10D13B190C221A603B19ED
:1033900003225A603B1900229A603A19A023DB05E8
:1033A000110018000BF04AFE10E014217B18C02217
:1033B00012011A607B1803225A607B1800229A605F
:1033C0007B18064A190010000BF038FEC046BD46B7
:1033D0000BB090BD001002408C3A00200004005059
:1033E00080B500AF642009F0E3FCC046BD4680BD57
:1033F00080B582B000AF78600A00FB1C1A707B6851
:103400001B68174A934205D1FB1C1B78002B01D186
:10341000144B20E07B681B68114A934205D1FB1CCA
:103420001B78012B01D1104B15E07B681B680F4AFC
:10343000934205D1FB1C1B78002B01D10C4B0AE0F9
:103440007B681B68094A934205D1FB1C1B78012B42
:1034500001D1084BFFE71800BD4602B080BDC04651
:1034600000440040040000080800000C0048004030
:103470000008002C0080003C80B582B000AF020044
:10348000FB1D1A70BB1D0A1C1A70FB1D1B78032B39
:1034900007D1BB1D1B78002B03D1164B00221A70DD
:1034A00022E0FB1D1B78032B07D1BB1D1B78012BD2
:1034B00003D1104B01221A7016E0FB1D1B78022B62
:1034C00007D1BB1D1B78002B03D10A4B02221A70B7
:1034D0000AE0FB1D1B78022B06D1BB1D1B78012BBC
:1034E00002D1044B03221A70024B1B781800BD4610
:1034F00002B080BD8F3A002090B587B002AF0F2395
:10350000FB1800221A700E23FB1800221A700D23DC
:10351000FB1801221A705AE20D203B181A78C04994
:1035200013005B009B18CB1801331B78002B00D1D4
:1035300047E2BC4B1B7801225340DBB2002B07D083
:103540003B181A78B64913005B009B1800225A54A6
:103550003C1DBA1C0823F9180D23FB1818783B00F2
:1035600000932300FFF720FDBB681800BB1C1B88DD
:10357000002219000BF0EBFE0A2001F007FE7B6829
:103580001A003B001B88190010000BF0C3FE031E3D
:1035900016D1BB681800BB1C1B88012219000BF058
:1035A000D6FE0A2001F0F2FD7B681A003B001B8862
:1035B0000F217C18190010000BF0ACFE03002370E3
:1035C000BB681800BB1C1B88002219000BF0BFFE53
:1035D0000D23FB181A78924913005B009B18CB1837
:1035E00001331B78012B02D0022B14D02AE00F23C9
:1035F000FB181B78012B04D10E23FB1804221A7030
:103600001DE00F23FB181B78002B18D10E23FB188D
:1036100003221A7013E00F23FB181B78012B04D12F
:103620000E23FB1804221A700BE00F23FB181B78E3
:10363000002B06D10E23FB1803221A7001E0C046AE
:1036400000E0C0460E22BB181B78042B03D0BB1829
:103650001B78022B19D10D217B181A78724B92001E
:10366000D358724A934209D87B181B786E4A990046
:103670008A58511C6C4A9B00995006E00D23FB1898
:103680001A78694B92000021D1500E22BB181B788A
:10369000032B03D0BB181B78012B40D10D217B18C5
:1036A0001A78634B9200D358604A934209D87B182A
:1036B0001B785F4A99008A58511C5D4A9B009950BB
:1036C00006E00D23FB181A78594B92000021D150C7
:1036D000584B1B78022B11D10D217B181B78564AB1
:1036E000D25C564B5B799A4208D87B181B78524AB9
:1036F000D25C0132D1B2504AD15410E00D217B1876
:103700001B784D4AD25C4D4B5B799A4207D9494BA5
:1037100000221A707B181B78474A0021D1540D21D2
:103720007B181A78404B9200D358444A128893422F
:1037300000D286E07B181A783B4B9200D3583F4A60
:103740001288934208D17B181B78374A99008A580F
:10375000511C354A9B0099500D217B181A78344B27
:103760009200D358354A1288934205D97B181A78AB
:103770002F4B92000021D1500D217B181A782A4B33
:103780009200D3582D4A528893422ED97B181A782A
:10379000254B9200D258FA235B009A4225D2254B42
:1037A0001B78002B03D1234B01221A7048E0214BD8
:1037B0001B78022B44D10D217B181B781E4AD25C4A
:1037C0001E4B1B799A423BD97B181B781A4AD25C54
:1037D0001A4B5B799A4233D2164B03221A707B182C
:1037E0001B78154A0021D1542AE00D217B181A7844
:1037F0000D4B9200D258FA235B009A4221D37B18DA
:103800001A78094B9200D358084A934219D8094BA9
:103810001B78002B15D0074B00221A7011E0C04610
:10382000783A00203C3A0020483A0020FEFF000091
:10383000603A00201C3B0020403A0020B81A0020CB
:10384000C0460D217B181A78664B9200D358664A01
:10385000128893425DD37B181A78624B9200D3583A
:10386000614A1288934211D108007B181A785F4987
:1038700013005B009B1807225A543B181B78594AC7
:1038800099008A58511C574A9B0099500D217B186A
:103890001A78574B9200D358534A1288934205D94D
:1038A0007B181A78524B92000021D1500D217B18C1
:1038B0001A784C4B9200D3584B4A5288934228D9DD
:1038C0007B181A78474B9200D258FA235B009A4231
:1038D0001FD2484B1B78012B0BD17B181A78434918
:1038E00013005B009B1805225A54424B02221A70A7
:1038F0000FE0404B1B78032B0BD10D23FB181A78DC
:103900003A4913005B009B1806225A54394B002297
:103910001A700D23FB181A78344913005B009B18AA
:103920005B5C072B05D047DC052B09D0062B25D087
:1039300042E00D23FB181B78180000F079FD40E0F1
:103940002D4B1B7801225340DBB2002B36D00D20CB
:103950003B181A78254913005B009B18CB180233DB
:103960001B781A000123134028D0234B01221A7020
:103970003B181B78180000F065FD1FE01E4B1B78FC
:1039800001225340DBB2002B1AD00D203B181A78CD
:10399000164913005B009B18CB1802331B781A00E2
:1039A000022313400CD0144B01221A703B181B78D1
:1039B000180000F051FD03E0C04602E0C04600E000
:1039C000C0460D217B181A787B1801321A700D231E
:1039D000FB181B78052B00D89EE5C046C046BD46A7
:1039E00005B090BD603A0020B81A0020783A002057
:1039F000483A00201C3B00203C3A0020F0B58FB034
:103A000002AF0200FB1D1A70BB1D0A1C1A702F2387
:103A1000FB1800221A702E23FB1800221A708C4B00
:103A20001B78002B0FD0BB1D1A788A4B9200D358FD
:103A3000180005F0FDFEBB1D1A78874B9200D35885
:103A4000180005F0F5FEBB1D1B78844A0421D154F3
:103A50007F4B1B78002B08D0BB1D1B78180002F091
:103A60003BF8030018000EF04FF91023FC180E2548
:103A70007A191423F918BB1D18780C26BB1900936A
:103A80002300FFF791FA7B191B881A0018243B19B1
:103A90001A603B1901225A603B1900229A603B19B7
:103AA0000022DA607B691A003B19190010000BF044
:103AB000C5FABB191B881A003B191A603B19002272
:103AC0005A603B1902229A603B691A003B1919009F
:103AD00010000BF0B3FABB1D1A78614913005B00AC
:103AE0009B18CB180133FA1D12781A70BB1D1B7876
:103AF0003A339BB29B009BB20A243A19110018007A
:103B0000FFF78BF803001A002C217B181A807B1812
:103B10001B88002B57D13B191B881B0A9AB22E21F8
:103B20007B181A707B181B781B09DBB2BA1D127840
:103B30009A4209D17B181B780F221A40FB1D1B7873
:103B40009A4201D100237FE0BB1D1B781B031AB2F0
:103B5000FB1D1B781B021BB213431BB29AB20A2136
:103B60007B181A80BB1D1B783A339BB29B009AB21C
:103B70007B181B8819001000FFF770F8BB1D1B781D
:103B80003A339BB29B009BB201339BB200211800D9
:103B9000FFF764F8BB1D1B783A339BB29B009BB2C6
:103BA00002339BB200211800FFF758F8BB1D1B78A9
:103BB0003A339BB29B009BB203339BB200211800A7
:103BC000FFF74CF83DE0BB1D1B781B031AB2FB1D31
:103BD0001B781B021BB213431BB29AB20A217B183B
:103BE0001A80BB1D1B783A339BB29B009AB27B189C
:103BF0001B8819001000FFF731F8BB1D1B783A3302
:103C00009BB29B009BB201339BB200211800FFF7CF
:103C100025F8BB1D1B783A339BB29B009BB2023345
:103C20009BB200211800FFF719F8BB1D1B783A332F
:103C30009BB29B009BB203339BB200211800FFF79D
:103C40000DF82F23FB181B781800BD460DB0F0BDF2
:103C50005B0A00205822002074220020680A0020FD
:103C6000783A002080B586B000AF0200FB1D1A70C4
:103C70001723FB1800221A70FB1D1A7855491300F0
:103C80005B009B18CB18013300221A70FB1D1A78B9
:103C9000504913005B009B1800225A54FB1D1A78F0
:103CA0004C4913005B009B18CB18023300221A709A
:103CB000FB1D1B783A339BB29B009BB20E22BA18B5
:103CC00011001800FEF7A9FF03001A0014217B1849
:103CD0001A807B181B88002B2DD1FB1D1B783A33D3
:103CE0009BB29B009BB200211800FEF7B7FFFB1DA3
:103CF0001B783A339BB29B009BB201339BB20021ED
:103D00001800FEF7ABFFFB1D1B783A339BB29B00FC
:103D10009BB202339BB200211800FEF79FFFFB1DF0
:103D20001B783A339BB29B009BB203339BB20021BA
:103D30001800FEF793FFFB1D1B78180001F0CCFE66
:103D400003003B613B691B68234A934202D101F0A7
:103D500065FA28E03B691B68204A934202D101F0D2
:103D60009BFA20E03B691B681D4A934202D101F097
:103D7000D1FA18E03B691B681A4A934202D101F05C
:103D800007FB10E03B691B68174A934202D101F020
:103D90002FFB08E03B691B68144A934203D01723AA
:103DA000FB18FF221A70FB1D1B78114A0021D15409
:103DB000FB1D1B785A1E0F4B9200D2583B69110015
:103DC0001800FEF773FC1723FB181B781800BD467C
:103DD00006B080BD783A0020003801400044004021
:103DE00000480040004C004000500040003C0140B2
:103DF000680A00200C390020B0B584B000AF040080
:103E000008001100FB1D221C1A70BB1D021C1A7039
:103E10007B1D0A1C1A700F23FB1800221A70FB1D51
:103E20001A78624913005B009B18CB1801331B788A
:103E3000002B01D10B23B4E07B1D1B78012B07D095
:103E40007B1D1B78002B19D1BB1D1B78052B15D1B1
:103E5000FB1D1A78554913005B009B18CB180233E1
:103E60001B78FA1D127801210B43D8B24F49130079
:103E70005B009B18CB180233021C1A707B1D1B7849
:103E8000012B07D07B1D1B78002B19D1BB1D1B7884
:103E9000062B15D1FB1D1A78444913005B009B18B3
:103EA000CB1802331B78FA1D127802210B43D8B2CB
:103EB0003E4913005B009B18CB180233021C1A709A
:103EC0007B1D1B78012B07D07B1D1B78002B19D184
:103ED000BB1D1B78072B15D1FB1D1A783349130026
:103EE0005B009B18CB1802331B78FA1D1278032154
:103EF0000B43D8B22D4913005B009B18CB1802333B
:103F0000021C1A70FB1D1B783A339BB29B009BB2BC
:103F100008243A1911001800FEF77FFE03001A006A
:103F20000C217B181A807B181B88002B34D13B197D
:103F30001B881B0A9AB20B257B191A703B191B8828
:103F4000D9B2FB1D1A78194813005B009B18C318DF
:103F500002331B78994221D07B191B781B0219B2BE
:103F6000FB1D1A78114813005B009B18C31802331D
:103F70001B781BB20B431BB29AB23B191A80FB1D74
:103F80001B783A339BB29B009AB23B191B881900ED
:103F90001000FEF763FE01E00B2302E00F23FB1885
:103FA0001B781800BD4604B0B0BDC046783A00206A
:103FB00080B584B000AF0200FB1D1A700F23FB1800
:103FC00000221A70FB1D1B78022B03D0FB1D1B78EF
:103FD000032B22D1FB1D1B78022B03D1164B012290
:103FE0001A7002E0144B01225A70FB1D1B78180056
:103FF00001F072FD030018000DF086FEFB1D1B781A
:104000000E4A0621D1540E4B1B78002B0CD1FFF722
:104010004DF90C4B00221A7006E00F217B18192273
:104020001A707B181B7802E00F23FB181B7818000E
:10403000BD4604B080BDC0468C3A0020680A00200E
:104040008E3A0020A83A002080B586B000AF3A60D2
:10405000FB1D021C1A70BB1D0A1C1A700F23FB18D3
:1040600000221A701723FB1800221A7000233B61EC
:10407000FB1D1B78022B04D0FB1D1B78032B00D0EB
:104080009CE0514B1B78012B00D07FE0FB1D1B787F
:10409000180001F021FD0200BB1D1B781900100063
:1040A000FFF7A6F903009AB2484B1A80BB1D1A7895
:1040B000FB1D1B7811001800FFF7DEF903001A0042
:1040C000434B1A70414B1B881A00424B1A60414BFC
:1040D00001225A603F4B06229A603E4A3E4B110035
:1040E000180009F0DDFA3C4B180009F06FFE28E0DB
:1040F000394B180009F0AAF9374B6421180009F070
:104100002FFA354B180009F0BFFA0100304B1B782D
:104110001A0089B2314B5200D1522F4B180009F0CE
:10412000E3F92B4B1B781A002C4B5200D35A1A0080
:104130003B699B183B6117217B181A787B18013269
:104140001A701722BB181B78092BD1D9BB181B7802
:1041500019003869EBF7FEFF030019001C4B1B78B0
:104160001A0089B21D4B5200D152184B1B881A00FD
:10417000184B1A60174B02225A60164B06229A609F
:10418000144A154B1100180009F08AFA104B1B78DD
:104190001A00124B5200D35A1A00114B53431149C3
:1041A0001800ECF761F803001800EDF7D3F9021CD2
:1041B0003B681A600F23FB181B7800E019231800D6
:1041C000BD4606B080BDC0468E3A0020903A002021
:1041D0008F3A0020103B0020AC3A0020943A002097
:1041E000E40C0000FF0F0000B0B582B000AF7860B3
:1041F0003960634B1B78002B04D1FFF757F8614BF4
:1042000000221A70604B614A1A605F4B01225A60AB
:104210005D4B02229A605C4A5D4B1100180009F068
:104220003FFA5B4B180009F011F9594B6421180053
:1042300009F096F9564B180009F026FA03009AB2D5
:10424000544B1A80534B1B881800EFF77BF8524AE7
:10425000524BEEF7B5F902000B00100019000022D6
:104260004F4BEDF769FD02000B00100019004D4A9D
:104270004D4BEEF76DFC02000B00100019004B4A8D
:104280004B4BEDF759FD02000B0010001900002206
:10429000484BEDF7EDF902000B0010001900EFF7A5
:1042A000EBF8021C7B681A60394B180009F01CF906
:1042B000354B364A1A60344B02225A60324B022286
:1042C0009A60314A324B1100180009F0E9F92E4B7F
:1042D000394A1A602C4B01225A602B4B06229A60F5
:1042E000294A2B4B1100180009F0DAF9284B180065
:1042F00009F0ACF8264B6421180009F031F9244B81
:10430000180009F0C1F903009AB22C4B1A802C4B0B
:104310001B881800EFF716F81F4A204BEEF750F9EC
:1043200002000B0014001D00244B1B881800EFF73F
:1043300009F802000B0020002900EDF7FDFC020047
:104340000B0010001900EFF797F8021C3B681A6089
:104350000F4B180009F0C8F80B4B174A1A600A4BAC
:1043600002225A60084B02229A60074A084B110049
:10437000180009F095F9C046BD4602B0B0BDC04670
:104380008E3A0020A83A0020103B0020001000B018
:10439000AC3A00209C3A00206666666666660A4073
:1043A00000FEAF408FC2F5285C8FF63F33333333C6
:1043B0003333114000003940002000B49E3A002001
:1043C000AA75FF1F90B585B000AF3A60FB1D021CB7
:1043D0001A70BB1D0A1C1A700F243B1900221A7098
:1043E0000023BB600823FA18BB1D1978FB1D1B783E
:1043F0001800FFF729FE031E10D1BB680A49181CDC
:10440000ECF7A6FD031C0949181CECF7BBFB031CC9
:104410001A1C3B681A603B191B7800E0192318002E
:10442000BD4605B090BDC0460000C84200404E45A4
:1044300080B582B000AF0200FB1D1A70C046BD46B9
:1044400002B080BD80B582B000AF0200FB1D1A70C3
:10445000C046BD4602B080BD80B582B000AF02004C
:10446000FB1D1A70C046BD4602B080BD80B500AFCE
:10447000BFF34F8FC046044B044ADA60BFF34F8F3F
:10448000C046C046FDE7C04600ED00E00400FA0566
:1044900080B500AF08F070FC05F0FCF9C046BD46E1
:1044A00080BD000080B584B002AF0B4B7B600B4B2E
:1044B00018787968FF230093FF23112201F056FA40
:1044C000064B1878064B1968FF230093FF230F2231
:1044D00001F04CFAFFF7CAFF48D50208580A00203D
:1044E000E801002080B584B000AF78600A00BB1CF2
:1044F0001A80144BBA1C12881A80134B1B78013394
:10450000DAB2114B1A707B681800FCF7D5FE030075
:104510001A000E4B9B5C022B10D00023FB600C4B4F
:104520001B680C22BA181100180007F0D1FFFB68B5
:10453000002B03D0074B802252051A60C046BD46AF
:1045400004B080BD703B0020723B0020680A002050
:104550005022002004ED00E080B500AF80200AF07A
:104560002FFFFDF7D9FEFDF70BFFC046BD4680BD0E
:1045700080B58AB000AF00237B62264B18000DF097
:10458000EBFD244B1B681B6880221340802B36D127
:10459000204B88229B58202B31D1EFF310837B6076
:1045A0007B683B620123BB60BB6883F31088C04615
:1045B000184B1B681A68174B1B6880218A431A60C6
:1045C0003B6AFB60FB6883F31088C046EFF31083FF
:1045D0003B613B69FB6101237B617B6983F310884D
:1045E000C0460C4B1B681A680A4B1B6840210A43E3
:1045F0001A60FB69BB61BB6983F31088C0467B6AA4
:10460000002B03D0044B802252051A60C046BD46E1
:104610000AB080BDF82B002004ED00E080B58AB020
:1046200000AF00237B62264B18000DF095FD244B54
:104630001B681B6880221340802B36D1204B8822B8
:104640009B58202B31D1EFF310837B607B683B625A
:104650000123BB60BB6883F31088C046184B1B68FE
:104660001A68174B1B6880218A431A603B6AFB60FB
:10467000FB6883F31088C046EFF310833B613B690E
:10468000FB6101237B617B6983F31088C0460C4B7F
:104690001B681A680A4B1B6840210A431A60FB69B1
:1046A000BB61BB6983F31088C0467B6A002B03D0D3
:1046B000044B802252051A60C046BD460AB080BD38
:1046C0008C2C002004ED00E080B59AB000AF0023F0
:1046D0007B66684B18000DF03FFD664B1B681B683E
:1046E00080221340802B36D1624B88229B58202B8E
:1046F00031D1EFF310837B637B6B3B660123BB639C
:10470000BB6B83F31088C0465A4B1B681A68594B21
:104710001B6880218A431A603B6EFB63FB6B83F34B
:104720001088C046EFF310833B643B6CFB650123AC
:104730007B647B6C83F31088C0464E4B1B681A6801
:104740004C4B1B6840210A431A60FB6DBB64BB6C79
:1047500083F31088C046484B18000DF0FDFC464B13
:104760001B681B6880221340802B36D1424B882265
:104770009B58202B31D1EFF31083FB61FB69BB65A4
:1047800001233B623B6A83F31088C0463A4B1B68A7
:104790001A68394B1B6880218A431A60BB6D7B62A3
:1047A0007B6A83F31088C046EFF31083BB62BB6A59
:1047B0007B650123FB62FB6A83F31088C0462E4BA6
:1047C0001B681A682C4B1B6840210A431A607B6DDA
:1047D0003B633B6B83F31088C046284B18000DF0F9
:1047E000BBFC264B1B681B6880221340802B36D1F4
:1047F000224B88229B58202B31D1EFF310837B6012
:104800007B683B650123BB60BB6883F31088C046AF
:104810001A4B1B681A68194B1B6880218A431A605F
:104820003B6DFB60FB6883F31088C046EFF3108399
:104830003B613B69FB6401237B617B6983F31088E7
:10484000C0460E4B1B681A680C4B1B6840210A437C
:104850001A60FB6CBB61BB6983F31088C0467B6E3A
:10486000002B03D0064B802252051A60C046BD467D
:104870001AB080BD202D0020B42D0020482E00202D
:1048800004ED00E080B500AF054B1800FCF714FD07
:1048900003001800F6F74AF9C046BD4680BDC04681
:1048A000F82B002080B500AF104B1B68102213407E
:1048B000102B07D10E4B1800FCF7FEFC030018006C
:1048C000F6F734F9094B1A6880235B001A408023FD
:1048D0005B009A4207D1074B1800FCF7EDFC030080
:1048E0001800F6F723F9C046BD4680BD000002401F
:1048F0008C2C0020202D002080B500AF124B1A68B0
:1049000080235B011A4080235B019A4207D10F4B41
:104910001800FCF7D1FC03001800F6F707F90A4B62
:104920001A6880235B021A4080235B029A4207D1F7
:10493000074B1800FCF7C0FC03001800F6F7F6F868
:10494000C046BD4680BDC04600000240B42D0020D8
:10495000482E002080B584B000AF78600023FB6053
:104960000C4B1B78002B02D10A4B01221A707B687A
:104970001800FCF7A1FC03001A00074B9200D35863
:104980000C22BA181100180005F091FEC046BD4671
:1049900004B080BDC001002074220020B0B584B0F6
:1049A00000AF78607B688822202199500F257C1900
:1049B0007B681800FCF780FC0300237029007B183B
:1049C0001B78254AD35C022B13D17B181B785A1E07
:1049D000224B9200D3581B68283319007B68802231
:1049E0009B581B685B689AB27B6818000FF0D0F97F
:1049F0002EE00F243B191B78013B194A0021D154AA
:104A00003B191B78013B174A0021D1543B191B78F5
:104A10005A1E13005B009B189B01134A9B18C0226F
:104A20000021180010F01DFF3B191B785A1E1300BF
:104A30005B009B189B010C4A99187B68C0221800E8
:104A40000FF0A6F93B191B78013B084A0121D1540C
:104A5000C046BD4604B0B0BD680A002098210020C1
:104A6000842900207C290020D81D0020D42100208A
:104A700080B582B000AF7860C046BD4602B080BD50
:104A800080B582B000AF7860104B01221A707B684D
:104A90001B680F4A934203D17B6818000FF08BF814
:104AA0007B681B680B4A934203D17B6818000FF0A8
:104AB00082F87B681B68084A934203D17B68180020
:104AC0000FF079F8C046BD4602B080BD2C22002010
:104AD00000380140004400400048004080B586B0E6
:104AE00002AF786039600B4BFB600B4B1878F968AC
:104AF000FF230093FF23102200F038FF064B1878A5
:104B0000064B1968FF230093FF230F2200F02EFFAE
:104B1000FFF7ACFC5CD50208580A0020E801002031
:104B200080B584B002AF0B4B7B600B4B1878796873
:104B3000FF230093FF23142200F018FF064B187880
:104B4000064B1968FF230093FF230F2200F00EFF8E
:104B5000FFF78CFC70D50208580A0020E8010020FD
:104B600080B500AF2F4B304A1A602E4B00229A605E
:104B70002C4B7F22DA602B4BFF221A61294B00223B
:104B80005A61284B00229A61264B0022DA61254B9C
:104B90008022D2051A62234B00225A62214B8822BE
:104BA00012025A601F4B180000F01EFA1D4B002124
:104BB00018000CF0E5FE0300012B02D1194B402236
:104BC0009A60184B18000CF0ABFA031E01D0FF23BB
:104BD00025E0144B012118000CF0D2FE0300134A0B
:104BE000934202D000F028F811E0114B1A6E802396
:104BF0001B05134002D00F4B00221A700C4B1A6E8B
:104C00008023DB04134002D00A4B01221A70084BA8
:104C10001A6E074B802109040A431A660023180004
:104C2000BD4680BDC83B002000280040F232000095
:104C300000100240C43B0020B0B58EB000AF0C2580
:104C40007B195A4A13CA13C33B00594A03CA03C308
:104C500012781A707B19093318000FF002FA02005B
:104C60003523FB181A707B1900229A717B190433C3
:104C700018000FF0F6F902003423FB181A707B19A4
:104C80000022DA703623FB1800221A7019E036244D
:104C90003B191A78474B9200D2580C23FB1811008D
:104CA0001800EBF731FA031E05D13723FB183A1928
:104CB000127801321A7036217B181A787B1801326B
:104CC0001A703623FB181B780B2BE0D93B000633F8
:104CD00018000FF0C6F902003323FB181A700C24D9
:104CE0003B1900225A713B00033318000FF0B9F949
:104CF00002003223FB181A703B1900229A703B0005
:104D000018000FF0AEF902003123FB181A702C21A5
:104D10007B183522BA181278DA707B183722BA1845
:104D200012785A707B183422BA1812789A707B184D
:104D300001221A707918204B002218000CF032FC66
:104D4000031E01D0FF232CE018217B183122BA1852
:104D500012781A707B183222BA1812785A707B189F
:104D60003322BA1812789A707B180022DA70134B2B
:104D700018225A737B180022DA607B1800221A610D
:104D800079180D4B002218000CF008FB031E01D00F
:104D9000FF2306E00A4A084B012118000CF0D3FD5E
:104DA00000231800BD460EB0B0BDC04690D5020825
:104DB0009CD502081C000020C83B0020B81A002027
:104DC000F2320000B0B588B000AF05000C00100052
:104DD0001900FB1D2A1C1A70BB1D221C1A703B1DDA
:104DE000021C1A80FB1C0A1C1A703B1D1B88DBB2BC
:104DF0003033DAB21C217B18DA707B18FA1D127876
:104E00005A707B18BA1D12789A707B18FA1C1278A7
:104E10001A7008243B1938217A1812781A703B1935
:104E20003422BA1812785A703A193023FB181B78BA
:104E300093703B1900221A613C23FB181B78012B4D
:104E40001BD17B181B780C2B17D8404B012200215B
:104E500018000CF078FD3B190022DA703C4B0C2254
:104E60005A733A4B18000CF0FDF9384B40229A6007
:104E7000364B18000CF054F936E03C23FB181B7835
:104E8000022B1DD13823FB181B780C2B18D82F4B65
:104E90000122002118000CF056FD0823FB18012206
:104EA000DA702B4B0C225A73284B18000CF0DAF9ED
:104EB000264B40229A60254B18000CF031F913E084
:104EC000224B0022002118000CF03DFD204B18223F
:104ED0005A731E4B18000CF0C5F91C4B00229A6047
:104EE0001A4B18000CF01CF90823F918174B002274
:104EF00018000CF053FA031E01D0FF2321E01C23FD
:104F0000F918124B002218000CF04CFB031E01D0C4
:104F1000FF2316E00E4B5B7B1B021AB20C4B1B7976
:104F20001BB213431BB29AB28D235B001100180011
:104F3000FDF794FE074A054B012118000CF003FD14
:104F400000231800BD4608B0B0BDC046C83B0020D5
:104F5000B81A0020F232000090B587B000AF3900D7
:104F60001F4B002218000CF0C1FA142439191C4BF5
:104F7000002218000CF0A8FB3B00DB78DB09DBB259
:104F80000133DAB2174BDA743B005B685B089AB204
:104F9000144BDA813B009A78124B1A743B005A7812
:104FA000104B5A743B001A780E4B9A743B199A783E
:104FB0000C4B5A753B195A780A4B9A753B191A785B
:104FC000084B1A753B19DB78FA22D20094466344E9
:104FD0009AB2044B1A83C046BD4607B090BDC04686
:104FE000C83B0020B81A002090B597B000AF786099
:104FF0000C243B1918004C231A00002110F031FC3E
:105000007B681B68134A934220D13B19802292028D
:105010001A603B19802292001A643B1918000BF0A9
:1050200043FE0D4BDA6D0C4B802109020A43DA6511
:10503000094BDA6B084B8021C9000A43DA63064B3F
:10504000DA6B8023DB001340BB60BB68C046BD4603
:1050500017B090BD002800400010024080B582B01B
:1050600000AF78607B681B68094A93420BD1094BFB
:10507000DA6D084B08490A40DA65064BDA6B054BD6
:1050800006490A40DA63C046BD4602B080BDC0464C
:105090000028004000100240FF7FFFFFFFFBFFFFE2
:1050A00080B582B000AF174B1A6C164B8021890275
:1050B0000A431A64134B1A6C80239B0213407B60D3
:1050C0007B68114B114A1A600F4B2F225A600E4B0E
:1050D00000229A600C4B0E4ADA600B4B00221A61D8
:1050E000094B00225A61084B00229A61064B1800B6
:1050F0000CF061FC044B18000CF0BEFCC046BD4631
:1051000002B080BD00100240443C00200044014039
:10511000FFFF000080B582B000AF174B1A6C164B32
:105120008021C9020A431A64134B1A6C8023DB02E4
:1051300013407B607B68114B114A1A600F4B114A78
:105140005A600E4B00229A600C4B0F4ADA600B4BF0
:1051500000221A61094B00225A61084B00229A6111
:10516000064B18000CF027FC044B18000CF084FCD4
:10517000C046BD4602B080BD00100240903C0020F9
:10518000004801407FBB0000FFFF000080B584B0F5
:1051900000AF0200BB1D1A800023FB6004F0C0FEBC
:1051A000BB1D1B88002B0DD0094B1B685B6AFB6085
:1051B000C046074B1B685A6AFB68D21ABB1D1B8886
:1051C0009A42F6D904F0BEFEC046BD4604B080BD8A
:1051D000443C002080B584B000AF0200BB1D1A80A3
:1051E0000023FB6004F09CFEBB1D1B88002B0DD030
:1051F000094B1B685B6AFB60C046074B1B685A6A19
:10520000FB68D21ABB1D1B889A42F6D904F09AFE9D
:10521000C046BD4604B080BD903C002080B500AFC4
:105220001B4B1C4A1A601A4BE12212035A60184B9E
:1052300000229A60164B0022DA60154B00221A6198
:10524000134B0C225A61124B00229A61104B002220
:10525000DA610F4B00221A620D4B00225A620C4B8E
:1052600000229A620A4B18000CF0F8FC084B00214F
:1052700018000EF00BFD064B002118000EF046FD45
:10528000034B18000EF0C8FCC046BD4680BDC046AA
:10529000F82B00200038014080B500AF1B4B1C4AA2
:1052A0001A601A4BE12212035A60184B00229A60CE
:1052B000164B0022DA60154B00221A61134B0C22A8
:1052C0005A61124B00229A61104B0022DA610F4B97
:1052D00000221A620D4B00225A620C4B00229A6285
:1052E0000A4B18000CF0BAFC084B002118000EF015
:1052F000CDFC064B002118000EF008FD034B1800F2
:105300000EF08AFCC046BD4680BDC0468C2C0020F5
:105310000044004080B500AF1B4B1C4A1A601A4B7A
:10532000E12212035A60184B00229A60164B0022A9
:10533000DA60154B00221A61134B0C225A61124B92
:1053400000229A61104B0022DA610F4B00221A6290
:105350000D4B00225A620C4B00229A620A4B180035
:105360000CF07CFC084B002118000EF08FFC064B63
:10537000002118000EF0CAFC034B18000EF04CFC84
:10538000C046BD4680BDC046202D002000480040DC
:1053900080B500AF144B154A1A60134BE12212037B
:1053A0005A60114B00229A600F4B0022DA600E4BBC
:1053B00000221A610C4B0C225A610B4B00229A619D
:1053C000094B0022DA61084B00221A62064B0022C8
:1053D0005A62054B00229A62034B18000CF03EFC07
:1053E000C046BD4680BDC046B42D0020004C0040E4
:1053F00080B500AF144B154A1A60134BE12212031B
:105400005A60114B00229A600F4B0022DA600E4B5B
:1054100000221A610C4B0C225A610B4B00229A613C
:10542000094B0022DA61084B00221A62064B002267
:105430005A62054B00229A62034B18000CF00EFCD6
:10544000C046BD4680BDC046482E002000500040EA
:10545000B0B5A4B000AF78607C243B1918001423C9
:105460001A00002110F0FDF930257B1918004C239B
:105470001A00002110F0F5F97B681B68ED4A934291
:1054800074D17B1901221A607B1902225A607B19A0
:1054900018000BF009FCE84B1A6CE74B8021C9019E
:1054A0000A431A64E44B1A6C8023DB011340FB624D
:1054B000FB6AE14B5A6BE04B01210A435A63DE4B16
:1054C0005B6B01221340BB62BB6A3B19C022D20056
:1054D0001A6021007B1802225A607B1800229A6011
:1054E0007B180022DA607B1801221A617A18A02347
:1054F000DB051100180009F0A1FDD04BD04A1A605D
:10550000CE4B32225A60CD4B00229A60CB4B002208
:10551000DA60CA4B80221A61C84B00225A61C74B1D
:1055200000229A61C54B2022DA61C44B00221A6224
:105530007B681800FBF7C0FE03005A1EC14B9200A7
:10554000BE49D150BD4B180009F054F87B6880214A
:10555000BA4A5A50B94B7A689A62002200211B203D
:1055600008F0DCFD1B2008F0EEFDEEE17B681B6817
:10557000B54A934274D130217B1802221A607B18FD
:1055800008229A607B1818000BF08EFBAA4BDA6B8E
:10559000A94B802189020A43DA63A74BDA6B802387
:1055A0009B0213407B627B6AA34B5A6BA24B012187
:1055B0000A435A63A04B5B6B012213403B623B6A78
:1055C0007C217B180C221A607B1802225A607B18FF
:1055D00000229A607B180022DA607B1801221A618F
:1055E0007A18A023DB051100180009F027FD974B5E
:1055F000974A1A60954B34225A60944B00229A6065
:10560000924B0022DA60914B80221A618F4B00226C
:105610005A618E4B00229A618C4B2022DA618B4BAF
:1056200000221A627B681800FBF746FE03005A1E30
:10563000844B92008549D150844B180008F0DAFF62
:105640007B688021814A5A50804B7A689A62002296
:1056500000211C2008F062FD1C2008F074FD74E19C
:105660007B681B687B4A934274D130217B180422EB
:105670001A607B182022DA607B1818000BF014FBEC
:105680006D4BDA6B6C4B8021C9020A43DA636A4BBB
:10569000DA6B8023DB021340FB61FB69664B5A6BBC
:1056A000654B02210A435A63634B5B6B0222134032
:1056B000BB61BB697C217B18C02212011A607B1878
:1056C00002225A607B1800229A607B180022DA605E
:1056D0007B1804221A617B185F4A1900100009F038
:1056E000ADFC5E4B5E4A1A605C4B36225A605B4BE7
:1056F00000229A60594B0022DA60584B80221A61CE
:10570000564B00225A61554B00229A61534B20227E
:10571000DA61524B00221A627B681800FBF7CCFD5D
:1057200003005A1E474B92004C49D1504B4B180076
:1057300008F060FF7B688021484A5A50474B7A68DE
:105740009A62002201211D2008F0E8FC1D2008F0CB
:10575000FAFCFAE07B681B68424A934200D087E07B
:10576000354BDA6B344B802109030A43DA63324B41
:10577000DA6B80231B0313407B617B692E4B5A6BD2
:105780002D4B01210A435A632B4B5B6B01221340C3
:105790003B613B697C217B1803221A607B18022243
:1057A0005A607B1800229A607B180022DA607B180E
:1057B00004221A617A18A023DB051100180009F0F1
:1057C0003DFC294B294A1A60274B38225A60264B48
:1057D00000229A60244B0022DA60234B80221A6157
:1057E000214B00225A61204B00229A611E4B20223D
:1057F000DA611D4B00221A627B681800FBF75CFD22
:1058000003005A1E0F4B92001749D150164B180037
:1058100008F0F0FE7B688021134A5A50124B7A68D8
:105820009A62002201211D2008F078FC1D2008F05A
:105830008AFC8AE000380140001002403C3D002014
:10584000080002400C390020004400409C3D00202C
:105850001C0002400048004000040050FC3D0020B5
:1058600030000240004C00405C3E002044000240FA
:105870007B681B68374A934267D1374BDA6B364BEC
:10588000802149000A43DA63334BDA6B80235B00E3
:105890001340FB60FB68304B5A6B2F4B08210A43C7
:1058A0005A632D4B5B6B08221340BB60BB687C21A5
:1058B0007B180C221A607B1802225A607B18002287
:1058C0009A607B180022DA607B1803221A617B1829
:1058D000224A1900100009F0B1FB214B214A1A603D
:1058E0001F4B4A225A601E4B00229A601C4B00221A
:1058F000DA601B4B80221A61194B00225A61184B47
:1059000000229A61164B2022DA61154B00221A629E
:105910007B681800FBF7D0FC03005A1E124B920064
:105920000F49D1500E4B180008F064FE7B688021AF
:105930000B4A5A500A4B7A689A62002200211D20B5
:1059400008F0ECFB1D2008F0FEFBC046BD4624B06D
:10595000B0BDC0460050004000100240000C005096
:10596000BC3E0020580002400C390020B0B586B083
:1059700000AFB96011007B600F243B19021C1A7044
:105980000C23FB180A1C1A801723FB1801221A701B
:105990003B191B78180000F09FF8031E32D03B190A
:1059A0001A781C4B9200D3587A681100180003F043
:1059B000F5FE031E26D113E00F23FB181B781800F9
:1059C00000F08AF805001723FC18B86A0C23FB18AE
:1059D0001A88B968030028000CF0DEF90300237070
:1059E0001722BB181B78002B03D0BB181B78032B86
:1059F000E2D10F23FB181A78064B9200D3581800F7
:105A000003F016FF1723FB181B781800BD4606B0DD
:105A1000B0BDC04674220020F0B587B000AFB960B9
:105A200011007B600F243B19021C1A700C257B1996
:105A30000A1C1A801726BB1901221A703B191B7801
:105A4000180000F049F8031E19D03B191A78114BC1
:105A50009200D3587A681100180003F09FFE031ECD
:105A60000DD13B191B78180000F036F8BC197B19D2
:105A70001A88BB6819000CF033FA03002370052064
:105A800007F096F91723FB181B781800BD4607B0DE
:105A9000F0BDC0467422002090B585B000AF020072
:105AA0003960FB1D1A700F243B1900221A70FB1D70
:105AB0001B78180000F010F80300BB60BB683A6860
:105AC0005A60BB6818000CF0C9F83B191B78180025
:105AD000BD4605B090BD000080B582B000AF0200A9
:105AE000FB1D1A70FB1D1B78052B0ED89A00094B65
:105AF000D3181B689F46084B08E0084B06E0084B8C
:105B000004E0084B02E0084B00E000231800BD460B
:105B100002B080BDB0D50208B42D00208C2C00202E
:105B2000202D0020F82B0020482E002080B582B0C8
:105B300000AF78600A00FB1C1A707B68002B76D0DF
:105B4000FB1C1B78012B37D17B681800FBF7B4FBDB
:105B50000300013B802212021A411100364B1B78D0
:105B60005A1E364B5200D35A1AB20BB2134319B213
:105B7000314B1B785A1E89B2304B5200D1527B6890
:105B800008229A627B68802212029A637B6818005E
:105B90000CF064F87B681800FBF78EFB03005A1EBC
:105BA00013005B009B189B01254A99187B68C02253
:105BB00018000EF0EDF83AE0FB1C1B78002B36D1F4
:105BC0007B681800FBF778FB0300013B8022120280
:105BD0001A411300D943184B1B785A1E174B520019
:105BE000D35A1BB20AB2134019B2134B1B785A1E78
:105BF00089B2124B5200D1527B6808229A627B68AC
:105C000000229A637B6818000CF028F87B68180063
:105C1000FBF752FB03005A1E13005B009B189B010D
:105C2000074A99187B68C02218000EF0B1F8C046E8
:105C3000BD4602B080BDC046B41A0020801A0020C4
:105C4000D81D002080B582B000AFFB1D00221A7065
:105C5000BB1D01221A7035E0204B1B78BA1D12784B
:105C60009A4211D0BB1D1B78002213211800F5F7B2
:105C700045FD3220FFF7AEFA194B1B78002B1CD0E4
:105C8000FB1D02221A7018E07B1D01221A7010E021
:105C9000124B1B78591E114B1B785A1E114B490091
:105CA000C95A104B5200D1527B1D1A787B1D01320C
:105CB0001A707B1D1B78052BEAD9BB1D1A78BB1DFA
:105CC00001321A70084B1B78BA1D12789A42C3D958
:105CD000FB1D1B781800BD4602B080BDB41A002021
:105CE000D51A0020801A00207C00002080B586B0E4
:105CF00000AF0200FB1D1A700F23FB1800221A7060
:105D00001623FB1800221A8001233B6118E03B692F
:105D1000DBB21800FFF7E0FE03009A6B80231B0242
:105D20009A420AD11622BB181B88BA18591C118036
:105D30001A003B69D9B20C4B99543B6901333B6162
:105D40003B69052BE3DD1623FB181A88FB1D1B7826
:105D500014211800F5F7D2FC0F23FB181B7818004C
:105D6000BD4606B080BDC046880B002080B582B01D
:105D700000AFBB1D00221A70FB1D01221A7029E022
:105D8000194B1B785A1E194B5200D35A1900FB1D90
:105D90001B78013B802212021A4113000B400AD1EA
:105DA000FB1D1B781800FFF797FE03000021180069
:105DB000FFF7BCFE09E0FB1D1B781800FFF78CFE07
:105DC000030001211800FFF7B1FEFB1D1A78FB1D2F
:105DD00001321A70FB1D1B78052BD1D9BB1D1B7816
:105DE0001800BD4602B080BDB41A0020801A002001
:105DF0001748854600F045F816481749174A00230A
:105E000002E0D458C4500433C4188C42F9D3144A65
:105E1000144C002301E013600432A242FBD3124869
:105E20001249026800608A4205D000F02AF80FF09B
:105E300005FE0EF097F80E480E4901600E480D4918
:105E400001600E4801688D4640680047FEE700008B
:105E500000400220000000204409002064DD020808
:105E60004809002068A70120F03F0220EFBEADDE08
:105E70004010024001000000000001400000FF1F30
:105E8000FEE780B500AFC046BD4680BD80B582B09C
:105E900000AF78607B689B6801221A437B689A6038
:105EA000C046BD4602B080BD80B582B000AF78600C
:105EB00039607B689B68182293431A003B681A4339
:105EC0007B689A60C046BD4602B080BD80B582B096
:105ED00000AF786039607B683A685A61C046BD4659
:105EE00002B080BD80B582B000AF786039607B6859
:105EF0003A681A60C046BD4602B080BD80B584B025
:105F000000AF78600A00BB1C1A807B68FB60FB68EE
:105F1000BA1C12881A80C046BD4604B080BD80B548
:105F200082B000AF78607B681B689BB21800BD46EA
:105F300002B080BD80B584B000AF7860074B996B2C
:105F4000064B7A680A439A63044B9B6B7A6813404A
:105F5000FB60FB68C046BD4604B080BD0010024037
:105F6000B0B590B000AF0200FB1D1A701A23FB18E9
:105F700005221A700023FB630023BB6300237B63AD
:105F800000233B630023FB620023BB6200237B6290
:105F900000233B620023FB61002200233A617B6106
:105FA0001B23FB1800221A700E23FB1800221A80F4
:105FB00003F098FB031E02D00E2301F0FDFB03F05B
:105FC00063FAC44B01221A70C34B1A68C0239B04A6
:105FD00013400ED0C04B1A68C0239B041A40802384
:105FE0005B049A420BD1BD4B1A6880239B0313407C
:105FF00005D1BB4B1B689B02BA4A134005E0B84B66
:106000001B689B025B08B84A1340F722D2021900B2
:106010001000EAF725F90B00DB0AFB636BE0FB6B72
:106020008022520294466344DC02AB4B1A68C023C0
:106030009B0413400ED0A84B1A68C0239B041A403F
:1060400080235B049A420BD1A44B1A6880239B03E4
:10605000134005D1A24B1B689B02A24A134005E0E6
:106060009F4B1B689B025B089F4A13401900F72354
:10607000D802EAF76FF803001900974B1A68C0239B
:106080009B0413400ED0944B1A68C0239B041A4003
:1060900080235B049A420BD1904B1A6880239B03A8
:1060A000134005D18E4B1B689B028E4A134005E0BE
:1060B0008B4B1B689B025B088B4A13404B43E318D6
:1060C000BB6300237B630EE0BA6B7B6BD218874BFC
:1060D0001A60BA6B7B6BD3181A685B683A617B6194
:1060E0007B6B08337B637A6B80231B019A42EBD373
:1060F000FB6B0133FB63784B1A68C0239B0413408E
:106100000ED0754B1A68C0239B041A4080235B0491
:106110009A420BD1714B1A6880239B03134005D11F
:106120006F4B1B689B026F4A134005E06C4B1B686A
:106130009B025B086C4A1340F722D2021900100040
:10614000EAF78EF80B00DB0A0833FA6B9A4200D2AA
:1061500065E7604B00221A705F4B1A68C0239B04EE
:1061600013400ED05C4B1A68C0239B041A40802356
:106170005B049A420BD1594B1A6880239B0313404E
:1061800005D1574B1B689B02564A134005E0544B00
:106190001B689B025B08544A1340F722D202190085
:1061A0001000EAF75DF80B00DB0AFB6377E0FB6B9E
:1061B0008022520294466344DC02474B1A68C02393
:1061C0009B0413400ED0444B1A68C0239B041A4012
:1061D00080235B049A420BD1404B1A6880239B03B7
:1061E000134005D13E4B1B689B023E4A134005E01D
:1061F0003B4B1B689B025B083B4A13401900F7238B
:10620000D802E9F7A7FF03001900334B1A68C0232F
:106210009B0413400ED0304B1A68C0239B041A40D5
:1062200080235B049A420BD12C4B1A6880239B037A
:10623000134005D12A4B1B689B022A4A134005E0F4
:10624000274B1B689B025B08274A13404B43E3180C
:10625000BB631A257C19BB6B180003F0C5F803005B
:1062600023707B191B78022B03D07B191B78012B21
:1062700003D1FB6A0133FB620EE01A23FB181B7883
:10628000032B09D1BB6A002B01D1FB6B3B62FB6B7B
:106290007B62BB6A0133BB62FB6B0133FB630E4B5A
:1062A0001A68C0239B0413400ED00B4B1A68C023FE
:1062B0009B041A4080235B049A4219D1074B1A6849
:1062C00080239B03134013D1054B1B689B02054A97
:1062D000134013E0843F00200075FF1F2020024080
:1062E000E075FF1F00FC0F0000FE0700803F00204C
:1062F000BE4B1B689B025B08BD4A1340F722D202CB
:1063000019001000E9F7ACFF0B00DB0A0833FA6B49
:106310009A4200D24BE7FB6A002B00D01AE1BB6A1D
:10632000002B00D110E1B34B1A68C0239B0413402B
:106330000ED0B04B1A68C0239B041A4080235B0424
:106340009A420BD1AC4B1A6880239B03134005D1B2
:10635000A64B1B689B02A94A134005E0A34B1B6890
:106360009B025B08A24A1340F722D20219001000D8
:10637000E9F776FF0B00DB0A3A6AD31A07330722E4
:1063800013401C009B4B1A68C0239B0413400ED083
:10639000984B1A68C0239B041A4080235B049A42DE
:1063A0000BD1954B1A6880239B03134005D18F4B6B
:1063B0001B689B02914A134005E08C4B1B689B02B3
:1063C0005B088B4A1340F722D20219001000E9F74C
:1063D00047FF0B00DB0AE318802252029446634415
:1063E000DC02844B1A68C0239B0413400ED0814BFF
:1063F0001A68C0239B041A4080235B049A420BD185
:106400007D4B1A6880239B03134005D1774B1B6893
:106410009B027A4A134005E0744B1B689B025B08A1
:10642000734A13401900F723D802E9F793FE0300DB
:106430001900704B1A68C0239B0413400ED06D4B9B
:106440001A68C0239B041A4080235B049A420BD134
:10645000694B1A6880239B03134005D1634B1B686B
:106460009B02664A134005E0604B1B689B025B0879
:106470005F4A13404B43E318180002F0B5FF0300D6
:10648000042B67D15B4B1A68C0239B0413400ED0CA
:10649000584B1A68C0239B041A4080235B049A421D
:1064A0000BD1554B1A6880239B03134005D14F4BEA
:1064B0001B689B02514A134005E04C4B1B689B0232
:1064C0005B084B4A1340F722D20219001000E9F78B
:1064D000C7FE0B00DB0A7A6AD31A01330722134086
:1064E0001C00444B1A68C0239B0413400ED0414B40
:1064F0001A68C0239B041A4080235B049A420BD184
:106500003D4B1A6880239B03134005D1374B1B6812
:106510009B023A4A134005E0344B1B689B025B0820
:10652000334A1340F722D20219001000E9F798FE0F
:106530000B00DB0AE3180121180002F0A3FD031E83
:1065400008D0022301F038F9002001F043F90300DC
:1065500001F032F9274B1A68C0239B0413400ED078
:10656000244B1A68C0239B041A4080235B049A4280
:106570000BD1214B1A6880239B03134005D11B4B81
:106580001B689B021D4A134005E0184B1B689B02C9
:106590005B08174A1340F722D20219001000E9F7EE
:1065A0005FFE0B00DB0AFB635AE2FB6B80225202A8
:1065B00094466344DC020F4B1A68C0239B041340CB
:1065C0000ED00C4B1A68C0239B041A4080235B0436
:1065D0009A4215D1084B1A6880239B0313400FD1B0
:1065E000024B1B689B02054A13400FE0E075FF1F3A
:1065F00000FE07000075FF1F2020024000FC0F0076
:10660000CD4B1B689B025B08CC4A13401900F72353
:10661000D802E9F79FFD03001900C94B1A68C0238F
:106620009B0413400ED0C64B1A68C0239B041A402B
:1066300080235B049A420BD1C24B1A6880239B03D0
:10664000134005D1BC4B1B689B02BF4A134005E0B9
:10665000B94B1B689B025B08B84A13404B43E318D5
:10666000BB631A257C19BB6B180002F0BDFE03004A
:1066700023707B191B78012B00D0EEE1B04B1A6818
:10668000C0239B0413400ED0AD4B1A68C0239B045B
:106690001A4080235B049A420BD1AA4B1A688023CC
:1066A0009B03134005D1A44B1B689B02A64A1340D1
:1066B00005E0A14B1B689B025B08A04A1340F72230
:1066C000D20219001000E9F7CBFD0B00DB0AFA6BD0
:1066D0009A4200D1E6E09A4B1A68C0239B0413400B
:1066E0000ED0974B1A68C0239B041A4080235B048A
:1066F0009A420BD1934B1A6880239B03134005D118
:106700008D4B1B689B02904A134005E08A4B1B6827
:106710009B025B08894A1340F722D202190010003D
:10672000E9F79EFD0B00DB0A0433FA6B9A4200D1B5
:10673000B8E0834B1A68C0239B0413400ED0804BF3
:106740001A68C0239B041A4080235B049A420BD131
:106750007C4B1A6880239B03134005D1764B1B6842
:106760009B02794A134005E0734B1B689B025B0850
:10677000724A1340F722D20219001000E9F770FDA7
:106780000B00DB0AFA6BD31A0733072213401C00F5
:106790006B4B1A68C0239B0413400ED0684B1A68D9
:1067A000C0239B041A4080235B049A420BD1654BA3
:1067B0001A6880239B03134005D15F4B1B689B0223
:1067C000614A134005E05C4B1B689B025B085B4A17
:1067D0001340F722D20219001000E9F741FD0B0027
:1067E000DB0AE3188022520294466344DC02544BD5
:1067F0001A68C0239B0413400ED0514B1A68C02363
:106800009B041A4080235B049A420BD14D4B1A68BB
:1068100080239B03134005D1474B1B689B024A4AC8
:10682000134005E0444B1B689B025B08434A13403E
:106830001900F723D802E9F78DFC03001900404B3B
:106840001A68C0239B0413400ED03D4B1A68C02326
:106850009B041A4080235B049A420BD1394B1A687F
:1068600080239B03134005D1334B1B689B02364AA0
:10687000134005E0304B1B689B025B082F4A134016
:106880004B43E318180002F0AFFD0300032B04D1C3
:106890001B23FB1800221A70C5E01B23FB180122E2
:1068A0001A70C0E0264B1A68C0239B0413400ED018
:1068B000234B1A68C0239B041A4080235B049A422E
:1068C0000BD1204B1A6880239B03134005D11A4B30
:1068D0001B689B021C4A134005E0174B1B689B0278
:1068E0005B08164A1340F722D20219001000E9F79C
:1068F000B7FC0B00DB0AFA6BD31A013307221340F3
:106900001C000F4B1A68C0239B0413400ED00C4B85
:106910001A68C0239B041A4080235B049A4215D155
:10692000084B1A6880239B0313400FD1024B1B684E
:106930009B02054A13400FE0E075FF1F00FE0700B1
:106940000075FF1F2020024000FC0F00C54B1B6894
:106950009B025B08C44A1340F722D20219001000C0
:10696000E9F77EFC0B00DB0AE31880225202944612
:106970006344DC02BD4B1A68C0239B0413400ED055
:10698000BA4B1A68C0239B041A4080235B049A42C6
:106990000BD1B74B1A6880239B03134005D1B14B31
:1069A0001B689B02B34A134005E0AE4B1B689B0279
:1069B0005B08AD4A13401900F723D802E9F7CAFB78
:1069C00003001900A94B1A68C0239B0413400ED082
:1069D000A64B1A68C0239B041A4080235B049A428A
:1069E0000BD1A34B1A6880239B03134005D19D4B09
:1069F0001B689B029F4A134005E09A4B1B689B0251
:106A00005B08994A13404B43E318180002F0ECFC72
:106A1000031E04D11B23FB1800221A7003E01B2362
:106A2000FB1801221A701B23FB181B78002B14D1B2
:106A3000FB6BDAB2904B1A7001220021002001F0AA
:106A4000D5FD03001A0080235B009A4202D00C237C
:106A500000F0B2FE0123FB6130E0FB6B0133FB630E
:106A6000824B1A68C0239B0413400ED07F4B1A68D8
:106A7000C0239B041A4080235B049A420BD17C4BB9
:106A80001A6880239B03134005D1764B1B689B0239
:106A9000784A134005E0734B1B689B025B08724AFF
:106AA0001340F722D20219001000E9F7D9FB0B00BE
:106AB000DB0A0833FA6B9A4200D276E500233B6387
:106AC0006A4B1A68C0239B0413400ED0674B1A68A8
:106AD000C0239B041A4080235B049A420BD1644B71
:106AE0001A6880239B03134005D15E4B1B689B02F1
:106AF000604A134005E05B4B1B689B025B085A4AE7
:106B00001340F722D20219001000E9F7A9FB0B008D
:106B1000DB0AFB635EE2FB6B802252029446634415
:106B2000DC02524B1A68C0239B0413400ED04F4B1B
:106B30001A68C0239B041A4080235B049A420BD13D
:106B40004B4B1A6880239B03134005D1454B1B68B0
:106B50009B02484A134005E0424B1B689B025B08BE
:106B6000414A13401900F723D802E9F7F3FA03006A
:106B700019003E4B1A68C0239B0413400ED03B4BB8
:106B80001A68C0239B041A4080235B049A420BD1ED
:106B9000374B1A6880239B03134005D1314B1B6888
:106BA0009B02344A134005E02E4B1B689B025B0896
:106BB0002D4A13404B43E318BB631A257C19BB6B6A
:106BC000180002F011FC030023707B191B78022BC4
:106BD00000D0F5E1254B1A68C0239B0413400ED06A
:106BE000224B1A68C0239B041A4080235B049A42FC
:106BF0000BD11F4B1A6880239B03134005D1194BFF
:106C00001B689B021B4A134005E0164B1B689B0246
:106C10005B08154A1340F722D20219001000E9F769
:106C20001FFB0B00DB0AFA6B9A4200D1F2E00F4B1C
:106C30001A68C0239B0413400ED00C4B1A68C02363
:106C40009B041A4080235B049A4217D1084B1A68B0
:106C500080239B03134011D1024B1B689B02054A02
:106C6000134011E0E075FF1F00FE07000075FF1FD5
:106C70002020024000FC0F007E3F0020CA4B1B6812
:106C80009B025B08C94A1340F722D2021900100088
:106C9000E9F7E6FA0B00DB0A0433FA6B9A4200D1FB
:106CA000B8E0C34B1A68C0239B0413400ED0C04BFE
:106CB0001A68C0239B041A4080235B049A420BD1BC
:106CC000BC4B1A6880239B03134005D1B64B1B684D
:106CD0009B02B94A134005E0B34B1B689B025B085B
:106CE000B24A1340F722D20219001000E9F7B8FAAD
:106CF0000B00DB0AFA6BD31A0733072213401C0080
:106D0000AB4B1A68C0239B0413400ED0A84B1A68E3
:106D1000C0239B041A4080235B049A420BD1A54BED
:106D20001A6880239B03134005D19F4B1B689B026D
:106D3000A14A134005E09C4B1B689B025B089B4AE1
:106D40001340F722D20219001000E9F789FA0B006C
:106D5000DB0AE3188022520294466344DC02944B1F
:106D60001A68C0239B0413400ED0914B1A68C023AD
:106D70009B041A4080235B049A420BD18D4B1A6806
:106D800080239B03134005D1874B1B689B028A4AD3
:106D9000134005E0844B1B689B025B08834A134049
:106DA0001900F723D802E9F7D5F903001900804B41
:106DB0001A68C0239B0413400ED07D4B1A68C02371
:106DC0009B041A4080235B049A420BD1794B1A68CA
:106DD00080239B03134005D1734B1B689B02764AAB
:106DE000134005E0704B1B689B025B086F4A134021
:106DF0004B43E318180002F0F7FA0300032B04D109
:106E00001B23FB1800221A70BBE01B23FB18012276
:106E10001A70B6E0664B1A68C0239B0413400ED06C
:106E2000634B1A68C0239B041A4080235B049A4278
:106E30000BD1604B1A6880239B03134005D15A4B3A
:106E40001B689B025C4A134005E0574B1B689B0282
:106E50005B08564A1340F722D20219001000E9F7E6
:106E6000FFF90B00DB0AFA6BD31A01330722134038
:106E70001C004F4B1A68C0239B0413400ED04C4B90
:106E80001A68C0239B041A4080235B049A420BD1EA
:106E9000484B1A6880239B03134005D1424B1B6863
:106EA0009B02454A134005E03F4B1B689B025B0871
:106EB0003E4A1340F722D20219001000E9F7D0F938
:106EC0000B00DB0AE3188022520294466344DC0282
:106ED000374B1A68C0239B0413400ED0344B1A68FA
:106EE000C0239B041A4080235B049A420BD1314B90
:106EF0001A6880239B03134005D12B4B1B689B0210
:106F00002D4A134005E0284B1B689B025B08274A6B
:106F100013401900F723D802E9F71CF90300190000
:106F2000234B1A68C0239B0413400ED0204B1A68D1
:106F3000C0239B041A4080235B049A420BD11D4B53
:106F40001A6880239B03134005D1174B1B689B02D3
:106F5000194A134005E0144B1B689B025B08134A57
:106F600013404B43E318180002F03EFA031E04D10D
:106F70001B23FB1800221A7003E01B23FB180122BD
:106F80001A701B23FB181B78002B20D13B6B002BA6
:106F900007D1FB6BDAB2094B1A703B6B01333B63D1
:106FA00015E00A2300F008FCE075FF1F00FE070053
:106FB0000075FF1F2020024000FC0F007E3F0020D4
:106FC0001A23FB181B78032B01D1FB6B7B62FB6B35
:106FD0000133FB63CD4B1A68C0239B0413400ED0D2
:106FE000CA4B1A68C0239B041A4080235B049A4250
:106FF0000BD1C74B1A6880239B03134005D1C54BA7
:107000001B689B02C44A134005E0C24B1B689B02ED
:107010005B08C24A1340F722D20219001000E9F7B8
:107020001FF90B00DB0A0833FA6B9A4200D272E5B3
:107030003B6B002B00D06BE07B6ADCB2B34B1A6871
:10704000C0239B0413400ED0B04B1A68C0239B048E
:107050001A4080235B049A420BD1AD4B1A688023FF
:107060009B03134005D1AB4B1B689B02AA4A1340FC
:1070700005E0A84B1B689B025B08A84A1340F72257
:10708000D20219001000E9F7EBF80B00DB0ADBB2C3
:10709000E31ADBB20133DBB207221340DCB29B4BB5
:1070A0001A68C0239B0413400ED0984B1A68C02363
:1070B0009B041A4080235B049A420BD1944B1A68BC
:1070C00080239B03134005D1924B1B689B02924A7D
:1070D000134005E08F4B1B689B025B088F4A1340EF
:1070E000F722D20219001000E9F7BAF80B00DB0A08
:1070F000DBB2E318DAB28A4B1A70894B1B78022193
:10710000180001F0BFFF031E02D0022300F054FB61
:10711000844B00221A80844B20221A6020237B6338
:107120006DE07F4B1B788022520294466344DC0260
:10713000764B1A68C0239B0413400ED0734B1A6819
:10714000C0239B041A4080235B049A420BD1704BEE
:107150001A6880239B03134005D16E4B1B689B026A
:107160006D4A134005E06B4B1B689B025B086B4A42
:1071700013401900F723D802E8F7ECFF03001900C9
:10718000624B1A68C0239B0413400ED05F4B1A68F1
:10719000C0239B041A4080235B049A420BD15C4BB2
:1071A0001A6880239B03134005D15A4B1B689B022E
:1071B000594A134005E0574B1B689B025B08574A2E
:1071C00013404B43E2187B6BD3181A685B683A6133
:1071D0007B613B69013303D17B69013300D113E04B
:1071E000504B1B8801339AB24E4B1A804E4B1B6892
:1071F00008331A004C4B1A607B6B08337B637A6B45
:1072000080231B019A428CD3454B1B78FB63444B74
:107210001B783B62D0E03D4B1A68C0239B041340AF
:107220000ED03A4B1A68C0239B041A4080235B049B
:107230009A420BD1364B1A6880239B03134005D129
:10724000344B1B689B02344A134005E0314B1B68EA
:107250009B025B08314A1340F722D202190010004A
:10726000E8F7FEFF0B00DB0AFA6BD31A073307229D
:1072700013401C00254B1A68C0239B0413400ED0FA
:10728000224B1A68C0239B041A4080235B049A4255
:107290000BD11F4B1A6880239B03134005D11D4B54
:1072A0001B689B021C4A134005E01A4B1B689B029B
:1072B0005B081A4A1340F722D20219001000E8F7BF
:1072C000CFFF0B00DB0AE318FB63FB6B802252024B
:1072D00094466344DC020D4B1A68C0239B041340A0
:1072E0000ED00A4B1A68C0239B041A4080235B040B
:1072F0009A421BD1064B1A6880239B03134015D179
:10730000044B1B689B02044A134015E00075FF1FE5
:1073100020200240E075FF1F00FC0F0000FE070068
:107320007E3F00207C3F0020F0010020C44B1B6802
:107330009B025B08C34A13401900F723D802E8F701
:1073400009FF03001900C04B1A68C0239B041340B7
:107350000ED0BD4B1A68C0239B041A4080235B04E7
:107360009A420BD1B94B1A6880239B03134005D175
:10737000B34B1B689B02B64A134005E0B04B1B6839
:107380009B025B08AF4A13404B43E3181A257C1954
:10739000180002F029F8030023707B191B78032BD7
:1073A00008D1AC4B1B88FC339AB2AA4B1A80FB6BFA
:1073B0003B6201E00A23FFE1A34B1A68C0239B0450
:1073C00013400ED0A04B1A68C0239B041A408023A0
:1073D0005B049A420BD19D4B1A6880239B03134098
:1073E00005D1974B1B689B02994A134005E0944BCB
:1073F0001B689B025B08934A1340F722D2021900D4
:107400001000E8F72DFF0B00DB0AFA6B9A422DD033
:107410008D4B1A68C0239B0413400ED08A4B1A6808
:10742000C0239B041A4080235B049A420BD1874BF4
:107430001A6880239B03134005D1814B1B689B0274
:10744000834A134005E07E4B1B689B025B087D4A24
:107450001340F722D20219001000E8F701FF0B00D9
:10746000DB0A0433FA6B9A4200D0D4E67A4B1B78DD
:107470001C00754B1A68C0239B0413400ED0724B3E
:107480001A68C0239B041A4080235B049A420BD1E4
:107490006E4B1A6880239B03134005D1684B1B6811
:1074A0009B026B4A134005E0654B1B689B025B081F
:1074B000644A1340F722D20219001000E8F7D0FE08
:1074C0000B00DB0AE31A0133072213401C005E4B5A
:1074D0001A68C0239B0413400ED05B4B1A68C0236C
:1074E0009B041A4080235B049A420BD1574B1A68C5
:1074F00080239B03134005D1514B1B689B02544AC8
:10750000134005E04E4B1B689B025B084D4A13403D
:10751000F722D20219001000E8F7A2FE0B00DB0AE6
:10752000E318FB63FB6B8022520294466344DC0247
:10753000454B1A68C0239B0413400ED0424B1A6877
:10754000C0239B041A4080235B049A420BD13F4B1B
:107550001A6880239B03134005D1394B1B689B029B
:107560003B4A134005E0364B1B689B025B08354ADB
:1075700013401900F723D802E8F7ECFD03001900C7
:10758000314B1A68C0239B0413400ED02E4B1A684F
:10759000C0239B041A4080235B049A420BD12B4BDF
:1075A0001A6880239B03134005D1254B1B689B025F
:1075B000274A134005E0224B1B689B025B08214AC7
:1075C00013404B43E318BB63D9E0FB1D1B78002B32
:1075D00008D1FB6B0121180001F0A6FF031E14D097
:1075E0000123E9E080231A01BB6B1100180000F0B1
:1075F000B4FD0300102B08D1FB6B0121180001F032
:1076000093FF031E01D00123D6E00F4B1A68C0235D
:107610009B0413400ED00C4B1A68C0239B041A40E5
:1076200080235B049A4219D1084B1A6880239B037C
:10763000134013D1024B1B689B02054A134013E011
:10764000E075FF1F00FE07000075FF1F20200240AD
:1076500000FC0F007C3F00207E3F0020584B1B6841
:107660009B025B08574A1340F722D2021900100010
:10767000E8F7F6FD0B00DB0AFA6BD31A0133072299
:1076800013401C00504B1A68C0239B0413400ED0BB
:107690004D4B1A68C0239B041A4080235B049A4216
:1076A0000BD14A4B1A6880239B03134005D1444BEE
:1076B0001B689B02464A134005E0414B1B689B0236
:1076C0005B08404A1340F722D20219001000E8F785
:1076D000C7FD0B00DB0AE318FB63FB6B8022520241
:1076E00094466344DC02384B1A68C0239B04134061
:1076F0000ED0354B1A68C0239B041A4080235B04CC
:107700009A420BD1314B1A6880239B03134005D159
:107710002B4B1B689B022E4A134005E0284B1B682D
:107720009B025B08274A13401900F723D802E8F7A9
:1077300011FD03001900244B1A68C0239B04134059
:107740000ED0214B1A68C0239B041A4080235B048F
:107750009A420BD11D4B1A6880239B03134005D11D
:10776000174B1B689B021A4A134005E0144B1B6819
:107770009B025B08134A13404B43E318BB63FA6B4D
:107780003B6A9A4200D020E701F05EFFFB69002BC4
:1077900011D10E257C190021002001F09DFB030072
:1077A00023807B191B88002B05D07B191B88122B8B
:1077B00001D0022300E000231800BD4610B0B0BD88
:1077C000E075FF1F00FE07000075FF1F202002402C
:1077D00000FC0F0090B585B000AF0200FB1D1A70D1
:1077E0000023FB6001F07EFF031E01D00E2331E178
:1077F0009A4B1A68C0239B0413400ED0974B1A680B
:10780000C0239B041A4080235B049A420BD1944B03
:107810001A6880239B03134005D1924B1B689B027F
:10782000914A134005E08F4B1B689B025B088F4A0F
:107830001340F722D20219001000E8F711FD0B00E7
:10784000DB0AFB6072E0FB1D1B78002B08D1FB6894
:107850000121180001F068FE031E64D00123F9E045
:10786000FB688022520294466344DC027B4B1A6818
:10787000C0239B0413400ED0784B1A68C0239B048E
:107880001A4080235B049A420BD1754B1A688023FF
:107890009B03134005D1734B1B689B02724A134034
:1078A00005E0704B1B689B025B08704A134019008F
:1078B000F723D802E8F74EFC03001900674B1A685B
:1078C000C0239B0413400ED0644B1A68C0239B0452
:1078D0001A4080235B049A420BD1614B1A688023C3
:1078E0009B03134005D15F4B1B689B025E4A13400C
:1078F00005E05C4B1B689B025B085C4A13404B43F2
:10790000E318802212011100180000F026FC030089
:10791000102B08D1FB680121180001F005FE031EA1
:1079200001D0012396E0FB680133FB604B4B1A68E2
:10793000C0239B0413400ED0484B1A68C0239B04FD
:107940001A4080235B049A420BD1454B1A6880236E
:107950009B03134005D1434B1B689B02424A1340D3
:1079600005E0404B1B689B025B08404A1340F7222E
:10797000D20219001000E8F773FC0B00DB0A083391
:10798000FA689A4200D25EE701F05EFE334B1A6855
:10799000C0239B0413400ED0304B1A68C0239B04B5
:1079A0001A4080235B049A420BD12D4B1A68802326
:1079B0009B03134005D12B4B1B689B022A4A1340A3
:1079C00005E0284B1B689B025B08284A1340F722FE
:1079D000D20219001000E8F743FC0B00DB0A022179
:1079E000180001F04FFB031E01D0022332E0204BB0
:1079F00000221A80194B1A68C0239B0413400ED032
:107A0000164B1A68C0239B041A4080235B049A42D9
:107A10000BD1134B1A6880239B03134005D1114BE4
:107A20001B689B02104A134005E00E4B1B689B022B
:107A30005B080E4A1340F722D20219001000E8F743
:107A40000FFC0B00DB0ADAB20A4B1A700A4B202239
:107A50001A6000231800BD4605B090BD0075FF1FD9
:107A600020200240E075FF1F00FC0F0000FE070011
:107A70007C3F00207E3F0020F0010020B0B584B0A4
:107A800000AF02003960BB1D1A80BB1D1B88002B94
:107A90001CD0BB1D1B88104A934217D00023BB602B
:107AA0000E257B1900221A807C190823FA18BB1DA9
:107AB0001B881100180000F087F903002380BB68C1
:107AC0009AB23B681A807B191B8800E008231800D3
:107AD000BD4604B0B0BDC046FFFF000080B582B017
:107AE00000AF0200BB1D1A803B1D0A1C1A80BB1D83
:107AF0001B88002B0ED0BB1D1B88094A934209D05E
:107B00003B1D1A88BB1D1B881100180000F0FCFAF1
:107B1000030000E008231800BD4602B080BDC04647
:107B2000FFFF000090B587B000AF00237B6100230A
:107B30003B610023FB600023BB60FB1D05221A7024
:107B4000BB1D05221A709B4B1A68C0239B0413406F
:107B50000ED0984B1A68C0239B041A4080235B0404
:107B60009A420BD1944B1A6880239B03134005D192
:107B7000924B1B689B02924A134005E08F4B1B6897
:107B80009B025B088F4A1340F722D20219001000B3
:107B9000E8F766FB0B00DB0A7B61D8E07B6980229B
:107BA000520294466344DC02824B1A68C0239B0451
:107BB00013400ED07F4B1A68C0239B041A408023C9
:107BC0005B049A420BD17C4B1A6880239B031340C1
:107BD00005D17A4B1B689B02794A134005E0774B2D
:107BE0001B689B025B08774A13401900F723D802F1
:107BF000E8F7B0FA030019006E4B1A68C0239B0423
:107C000013400ED06B4B1A68C0239B041A4080238C
:107C10005B049A420BD1684B1A6880239B03134084
:107C200005D1664B1B689B02654A134005E0634B18
:107C30001B689B025B08634A13404B43E318FB60DD
:107C4000FC1DFB68180001F0CFFB03002370FB1D37
:107C50001B78042B00D077E07B6901333B6161E046
:107C60003B698022520294466344DC02514B1A68FD
:107C7000C0239B0413400ED04E4B1A68C0239B04B4
:107C80001A4080235B049A420BD14B4B1A68802325
:107C90009B03134005D1494B1B689B02484A134084
:107CA00005E0464B1B689B025B08464A13401900DF
:107CB000F723D802E8F74EFA030019003D4B1A6883
:107CC000C0239B0413400ED03A4B1A68C0239B0478
:107CD0001A4080235B049A420BD1374B1A688023E9
:107CE0009B03134005D1354B1B689B02344A13405C
:107CF00005E0324B1B689B025B08324A13404B4342
:107D0000E318BB60BC1DBB68180001F06DFB0300ED
:107D10002370BB1D1B78042B01D0052346E03B6973
:107D200001333B617B6904333A699A4298D37B699A
:107D30000421180001F0F8FB031E01D0012335E0F7
:107D400001F082FC002331E07B6904337B61194B35
:107D50001A68C0239B0413400ED0164B1A68C02328
:107D60009B041A4080235B049A420BD1124B1A6881
:107D700080239B03134005D1104B1B689B02104AC4
:107D8000134005E00D4B1B689B025B080D4A134036
:107D9000F722D20219001000E8F762FA0B00DB0AA2
:107DA00008337A699A4200D2F8E605231800BD46E6
:107DB00007B090BD0075FF1F20200240E075FF1F37
:107DC00000FC0F0000FE0700F0B58FB000AF02000E
:107DD00039611623FB181A80002200233A627B6265
:107DE00000237B6300233B630023FB620023FB61D2
:107DF0001B2310229B18DB1905221A70002000F0AB
:107E0000D3F903007B637B6B013301D103236CE166
:107E10007B6B8022520294466344DE02B54B1A68A3
:107E2000C0239B0413400ED0B24B1A68C0239B049E
:107E30001A4080235B049A420BD1AF4B1A6880230F
:107E40009B03134005D1AD4B1B689B02AC4A13400A
:107E500005E0AA4B1B689B025B08AA4A1340190065
:107E6000F723D802E8F776F903001900A14B1A6846
:107E7000C0239B0413400ED09E4B1A68C0239B0462
:107E80001A4080235B049A420BD19B4B1A688023D3
:107E90009B03134005D1994B1B689B02984A1340E2
:107EA00005E0964B1B689B025B08964A13404B43C8
:107EB000F3183B631B2310229B18DE193B6B180041
:107EC00001F092FA03003370FAE0FF23DB00FB625B
:107ED0003DE03A6BFB6AD3181A685B683A627B62D2
:107EE0003B6A013302D17B6A01332DD03A6A7B6A47
:107EF000131C9BB21622BA1812889A4224D17B6AAC
:107F00001B00BB600023FB60B8683A6A7B6A131CE5
:107F10009BB2190001F0D2FA0300FB617B6A1B04DB
:107F20003A6A140C1C437B6A1D0CA3B21A00FB694D
:107F3000934209D17B6A1B003B6000237B603A6857
:107F40003B691A600023D0E0FB6A083BFB62FB6AD6
:107F50001F2BBED8674B1A68C0239B0413400ED05A
:107F6000644B1A68C0239B041A4080235B049A4226
:107F70000BD1614B1A6880239B03134005D15F4BE3
:107F80001B689B025E4A134005E05C4B1B689B022A
:107F90005B085C4A1340F722D20219001000E8F790
:107FA0005FF90B00DB0A7A6BD31A07330722134001
:107FB0001E00504B1A68C0239B0413400ED04D4B3B
:107FC0001A68C0239B041A4080235B049A420BD199
:107FD000494B1A6880239B03134005D1474B1B680C
:107FE0009B02474A134005E0444B1B689B025B0819
:107FF000444A1340F722D20219001000E8F730F982
:108000000B00DB0AF3187B637B6B802252029446E1
:108010006344DE02374B1A68C0239B0413400ED022
:10802000344B1A68C0239B041A4080235B049A4295
:108030000BD1314B1A6880239B03134005D12F4B82
:108040001B689B022E4A134005E02C4B1B689B02C9
:108050005B082C4A13401900F723D802E8F77AF896
:1080600003001900234B1A68C0239B0413400ED051
:10807000204B1A68C0239B041A4080235B049A4259
:108080000BD11D4B1A6880239B03134005D11B4B5A
:108090001B689B021A4A134005E0184B1B689B02A1
:1080A0005B08184A13404B43F3183B631B23102211
:1080B0009B18DE193B6B180001F096F90300337032
:1080C0001B2210215318DB191B78022B00D1FCE670
:1080D0005318DB191B78032B00D1F6E65318DB1974
:1080E0001B78042B00D1F0E607231800BD460FB023
:1080F000F0BDC0460075FF1F20200240E075FF1F45
:1081000000FC0F0000FE0700B0B584B000AF020015
:108110003960BB1D1A800E257B1900221A807C193C
:108120003A68BB1D1B881100180000F0D5FE030043
:1081300023807B191B88122B08D13968BB1D1B8833
:108140000022180000F052FA030002E00E23FB1890
:108150001B881800BD4604B0B0BD80B584B000AF28
:10816000786039600E23FB1811221A800023BB604F
:108170000FE07A68BB68D3181A685B68511C01D19C
:10818000013303D00E23FB1810221A80BB6808337A
:10819000BB60BA683B689A42EBD30E23FB181B887E
:1081A0001800BD4604B080BD90B587B000AF020096
:1081B000FB1D1A701723FB1805221A701623FB18D3
:1081C00005221A7000233B610023FB600023BB6083
:1081D000CB4B1B783B613B6980225202944663443F
:1081E000DC02C84B1A68C0239B0413400ED0C54B59
:1081F0001A68C0239B041A4080235B049A420BD167
:10820000C14B1A6880239B03134005D1BF4B1B68E9
:108210009B02BF4A134005E0BC4B1B689B025B08F6
:10822000BC4A13401900F723D802E7F793FF030075
:108230001900B44B1A68C0239B0413400ED0B14BF5
:108240001A68C0239B041A4080235B049A420BD116
:10825000AD4B1A6880239B03134005D1AB4B1B68C1
:108260009B02AB4A134005E0A84B1B689B025B08CE
:10827000A84A13404B43E3181722BC18180001F01A
:10828000B3F8030023709F4B1A68C0239B0413406C
:108290000ED09C4B1A68C0239B041A4080235B04B9
:1082A0009A420BD1984B1A6880239B03134005D147
:1082B000964B1B689B02964A134005E0934B1B6844
:1082C0009B025B08934A1340F722D2021900100068
:1082D000E7F7C6FF0B00DB0A3A69D31A013307221E
:1082E00013401C00874B1A68C0239B0413400ED018
:1082F000844B1A68C0239B041A4080235B049A4273
:108300000BD1814B1A6880239B03134005D17F4B0F
:108310001B689B027E4A134005E07C4B1B689B0256
:108320005B087C4A1340F722D20219001000E7F7DD
:1083300097FF0B00DB0AE318FB60FB688022520208
:1083400094466344DC026F4B1A68C0239B041340BD
:108350000ED06C4B1A68C0239B041A4080235B0428
:108360009A420BD1684B1A6880239B03134005D1B6
:10837000664B1B689B02664A134005E0634B1B6813
:108380009B025B08634A13401900F723D802E7F702
:10839000E1FE030019005B4B1A68C0239B041340E5
:1083A0000ED0584B1A68C0239B041A4080235B04EC
:1083B0009A420BD1544B1A6880239B03134005D17A
:1083C000524B1B689B02524A134005E04F4B1B68FF
:1083D0009B025B084F4A13404B43E3181622BC181C
:1083E000180001F001F803002370464B1A68C023FF
:1083F0009B0413400ED0434B1A68C0239B041A40C1
:1084000080235B049A420BD13F4B1A6880239B0365
:10841000134005D13D4B1B689B023D4A134005E0CC
:108420003A4B1B689B025B083A4A1340F722D20280
:1084300019001000E7F714FF0B00DB0A3A69D31AA2
:108440000733072213401C002E4B1A68C0239B04DD
:1084500013400ED02B4B1A68C0239B041A40802374
:108460005B049A420BD1284B1A6880239B0313406C
:1084700005D1264B1B689B02254A134005E0234B80
:108480001B689B025B08234A1340F722D2021900A3
:108490001000E7F7E5FE0B00DB0AE318BB60FB1DED
:1084A0001B78022B00D18EE000DD96E0002B00D17E
:1084B00078E0012B00D090E01723FB181B78022BEB
:1084C0003BD1154B1A6880231B019A4201D23B69AC
:1084D00085E01623FB181B78042B06D1FFF722FB3F
:1084E000031E02D001235B4279E03B69032118009F
:1084F00000F0C8FD031E11D001235B426FE0C046AF
:108500007E3F00200075FF1F20200240E075FF1F06
:1085100000FC0F0000FE0700F0010020FB680221B4
:10852000180000F0AFFD031E02D001235B4256E0AD
:108530002D4B20221A60FB6851E01723FB181B7893
:10854000012B2CD1284B1A6880231B019A4201D29F
:108550003B6944E01623FB181B78042B06D1FFF778
:10856000E1FA031E02D001235B4238E03B6903219C
:10857000180000F087FD031E02D001235B422EE0AD
:10858000FB680121180000F07DFD031E02D00123CD
:108590005B4224E0144B20221A60FB681FE0012399
:1085A0005B421CE01723FB181B78022B01D13B69AF
:1085B00015E01723FB181B78012B01D1BB680EE0D7
:1085C00001235B420BE01623FB181B78002B01D123
:1085D000FB6804E001235B4201E001235B421800D9
:1085E000BD4607B090BDC046F0010020B0B58AB0CE
:1085F00000AF39601100BB1D021C1A807B1D0A1CD4
:108600001A702723FB1805221A700023BB61002370
:108610003B620023FB61002200233A617B610E2351
:10862000FB1800221A800023BB607B1D1B78002BE7
:1086300001D1022300E001231800FFF7B5FD03007C
:108640003B623B6A013302D1042300F032FCCC4B85
:1086500000221A803B6ADAB2CA4B1A70CA4B202237
:108660001A607B1D1B78002B09D13B6A0121180081
:1086700000F008FD031E02D0022300F01AFCC34BD9
:108680001A68C0239B0413400ED0C04B1A68C02345
:108690009B041A4080235B049A420BD1BC4B1A689E
:1086A00080239B03134005D1BA4B1B689B02BA4A37
:1086B000134005E0B74B1B689B025B08B74A1340A9
:1086C000F722D20219001000E7F7CAFD0B00DB0AFF
:1086D0003A6AD31A0733072213401C00AB4B1A68BF
:1086E000C0239B0413400ED0A84B1A68C0239B04E0
:1086F0001A4080235B049A420BD1A54B1A68802351
:108700009B03134005D1A34B1B689B02A24A134055
:1087100005E0A04B1B689B025B08A04A1340F722B0
:10872000D20219001000E7F79BFD0B00DB0AE318EB
:108730003B623B6A8022520294466344DC02934BC4
:108740001A68C0239B0413400ED0904B1A68C023B4
:108750009B041A4080235B049A420BD18C4B1A680D
:1087600080239B03134005D18A4B1B689B028A4AD6
:10877000134005E0874B1B689B025B08874A134048
:108780001900F723D802E7F7E5FC030019007F4B37
:108790001A68C0239B0413400ED07C4B1A68C02378
:1087A0009B041A4080235B049A420BD1784B1A68D1
:1087B00080239B03134005D1764B1B689B02764AAE
:1087C000134005E0734B1B689B025B08734A134020
:1087D0004B43E318BB6127257C19BB69180000F0E7
:1087E00003FE030023707B191B78022B04D07B1936
:1087F0001B78042B00D0A1E12723FB181B78022B48
:1088000009D13B6A0421180000F03CFC031E02D091
:10881000022300F04EFB5D4B1A68C0239B041340FB
:108820000ED05A4B1A68C0239B041A4080235B0465
:108830009A420BD1564B1A6880239B03134005D1F3
:10884000544B1B689B02544A134005E0514B1B6874
:108850009B025B08514A1340F722D2021900100014
:10886000E7F7FEFC0B00DB0A3A6AD31A073307224C
:1088700013401C00454B1A68C0239B0413400ED0C4
:10888000424B1A68C0239B041A4080235B049A421F
:108890000BD13F4B1A6880239B03134005D13D4BFE
:1088A0001B689B023C4A134005E03A4B1B689B0245
:1088B0005B083A4A1340F722D20219001000E7F78A
:1088C000CFFC0B00DB0AE3183B623B6A80225202BA
:1088D00094466344DC022D4B1A68C0239B0413406A
:1088E0000ED02A4B1A68C0239B041A4080235B04D5
:1088F0009A420BD1264B1A6880239B03134005D163
:10890000244B1B689B02244A134005E0214B1B6843
:108910009B025B08214A13401900F723D802E7F7AE
:1089200019FC03001900194B1A68C0239B0413405B
:108930000ED0164B1A68C0239B041A4080235B0498
:108940009A420BD1124B1A6880239B03134005D126
:10895000104B1B689B02104A134005E00D4B1B682F
:108960009B025B080D4A13404B43E318BB6127236E
:10897000FC18BB69180000F037FD03002370D1E03C
:108980007C3F00207E3F0020F00100200075FF1F8B
:1089900020200240E075FF1F00FC0F0000FE0700D2
:1089A0002723FB181B78032B08D13B6A04211800EE
:1089B00000F068FB031E01D002237AE2CA4B1A685A
:1089C000C0239B0413400ED0C74B1A68C0239B04DE
:1089D0001A4080235B049A420BD1C44B1A6880234F
:1089E0009B03134005D1C24B1B689B02C14A134035
:1089F00005E0BF4B1B689B025B08BF4A1340F72290
:108A0000D20219001000E7F72BFC0B00DB0A3A6AD0
:108A1000D31A0733072213401C00B34B1A68C02334
:108A20009B0413400ED0B04B1A68C0239B041A401D
:108A300080235B049A420BD1AC4B1A6880239B03C2
:108A4000134005D1AA4B1B689B02AA4A134005E0BC
:108A5000A74B1B689B025B08A74A1340F722D20270
:108A600019001000E7F7FCFB0B00DB0AE3183B6280
:108A70003B6A8022520294466344DC029A4B1A6895
:108A8000C0239B0413400ED0974B1A68C0239B044D
:108A90001A4080235B049A420BD1944B1A688023BE
:108AA0009B03134005D1924B1B689B02914A1340D4
:108AB00005E08F4B1B689B025B088F4A134019002F
:108AC000F723D802E7F746FB03001900864B1A6824
:108AD000C0239B0413400ED0834B1A68C0239B0411
:108AE0001A4080235B049A420BD1804B1A68802382
:108AF0009B03134005D17E4B1B689B027D4A1340AC
:108B000005E07B4B1B689B025B087B4A13404B4391
:108B1000E318BB612723FC18BB69180000F064FC54
:108B2000030023702722BB181B78032B00D137E7E3
:108B3000BB181B78042B00D132E70AE07B1D1B78A1
:108B4000012B04D12723FB181B78032B01D00A2308
:108B5000AFE17B1D1B78012B00D050E12023FB618E
:108B60006DE0664B1B788022520294466344DC021F
:108B70005D4B1A68C0239B0413400ED05A4B1A68F1
:108B8000C0239B041A4080235B049A420BD1574BAD
:108B90001A6880239B03134005D1554B1B689B0229
:108BA000544A134005E0524B1B689B025B08524A33
:108BB00013401900F723D802E7F7CCFA0300190095
:108BC000494B1A68C0239B0413400ED0464B1A68C9
:108BD000C0239B041A4080235B049A420BD1434B71
:108BE0001A6880239B03134005D1414B1B689B02ED
:108BF000404A134005E03E4B1B689B025B083E4A1F
:108C000013404B43E218FB69D3181A685B683A615A
:108C10007B613B69013303D17B69013300D113E0F0
:108C2000374B1B8801339AB2354B1A80354B1B6882
:108C300008331A00334B1A60FB690833FB61FA6989
:108C400080231B019A428CD32C4B1B783B62002360
:108C5000FB61CEE0244B1A68C0239B0413400ED066
:108C6000214B1A68C0239B041A4080235B049A425C
:108C70000BD11E4B1A6880239B03134005D11C4B5C
:108C80001B689B021B4A134005E0194B1B689B02A3
:108C90005B08194A1340F722D20219001000E7F7C7
:108CA000DFFA0B00DB0A3A6AD31A073307221340B4
:108CB0001C000D4B1A68C0239B0413400ED00A4BB6
:108CC0001A68C0239B041A4080235B049A421BD17C
:108CD000064B1A6880239B03134015D1044B1B6875
:108CE0009B02044A134015E00075FF1F202002403C
:108CF000E075FF1F00FC0F0000FE07007E3F002014
:108D00007C3F0020F00100206C4B1B689B025B083D
:108D10006B4A1340F722D20219001000E7F7A0FABD
:108D20000B00DB0AE3183B623B6A80225202944646
:108D30006344DC02634B1A68C0239B0413400ED0CB
:108D4000604B1A68C0239B041A4080235B049A423C
:108D50000BD15D4B1A6880239B03134005D1574B01
:108D60001B689B02594A134005E0544B1B689B0249
:108D70005B08534A13401900F723D802E7F7EAF9D2
:108D8000030019004F4B1A68C0239B0413400ED0F8
:108D90004C4B1A68C0239B041A4080235B049A4200
:108DA0000BD1494B1A6880239B03134005D1434BD9
:108DB0001B689B02454A134005E0404B1B689B0221
:108DC0005B083F4A13404B43E31827257C191800E2
:108DD00000F00AFB030023707B191B78032B0DD1D5
:108DE0003B4B1B88FC339AB2394B1A80FB69013329
:108DF000FB61FB69072B00D82CE700E0C0463A680E
:108E0000BB1D1B881100180000F066F8031E01D07E
:108E100002234EE02E4B1B88022B03D92C4B1B88C0
:108E2000023B00E00123FB6132E0BB1D1B88FA69B5
:108E30009A422AD0FB699BB20E257C190822BA18E7
:108E400011001800FEF7C0FF0300238029007B18E3
:108E50001B88002B11D1FB699BB2BA680D007C18EE
:108E60001100180000F038F8030023807B191B88DC
:108E7000002B0AD07B191B881BE00E22BB181B8815
:108E8000072B02D0BB181B8813E0FB690133FB6181
:108E9000FA69FA239B009A42C7D90E4B1B7802212C
:108EA000180000F0EFF8031E01D0022301E0802338
:108EB0005B001800BD460AB0B0BDC046E075FF1F9C
:108EC00000FE07000075FF1F2020024000FC0F007D
:108ED0007C3F00207E3F0020F0B591B000AF030042
:108EE000B9622E22BA1813800023FB635E4B1A88E6
:108EF000FC239B009A4201D31223B1E00120FFF72B
:108F000053F90300BB6300237B63BB6B013301D1C7
:108F10000323A5E0BB6B8022520294466344DE0229
:108F2000524B1A68C0239B0413400ED04F4B1A6853
:108F3000C0239B041A4080235B049A420BD14C4B04
:108F40001A6880239B03134005D14A4B1B689A0281
:108F5000494B134005E0474B1B689B025A08474B9F
:108F600013401900F723D802E7F7F4F803001900BB
:108F70003E4B1A68C0239B0413400ED03B4B1A682B
:108F8000C0239B041A4080235B049A420BD1384BC8
:108F90001A6880239B03134005D1364B1B689A0245
:108FA000354B134005E0334B1B689B025A08334B8B
:108FB00013404B43F3187B63BB6A002B07D12E236E
:108FC000FB181B88002B02D10023FB6309E02E2332
:108FD000FB181A88BB6A1100180000F06FFA030032
:108FE000FB63274B1A687B6BD118BB6ABB610023FC
:108FF000FB61BB691B007B6200233B62FB6B1B04B4
:109000003B6100237B61386A3A697B691600304313
:109010000400786A184305002E23FB181B889BB2B6
:10902000BB600023FB60BA68FB6810002043386017
:109030002B437B603A687B68080000F063FA031EEC
:1090400001D002230CE00E4B1B6808331A000C4BB6
:109050001A60054B1B8801339AB2034B1A80002318
:109060001800BD4611B0F0BD7C3F00200075FF1F09
:1090700020200240E075FF1F00FC0F0000FE0700EB
:10908000F001002090B587B000AF78600A00FB1CAB
:109090001A7000237B6100233B610023FB600023E7
:1090A000BB607B688022520294466344DC02C44B5E
:1090B0001A68C0239B0413400ED0C14B1A68C0230A
:1090C0009B041A4080235B049A420BD1BD4B1A6863
:1090D00080239B03134005D1BB4B1B689B02BB4AFB
:1090E000134005E0B84B1B689B025B08B84A13406D
:1090F0001900F723D802E7F72DF803001900B04B49
:109100001A68C0239B0413400ED0AD4B1A68C023CD
:109110009B041A4080235B049A420BD1A94B1A6826
:1091200080239B03134005D1A74B1B689B02A74AD2
:10913000134005E0A44B1B689B025B08A44A134044
:109140004B43E3187B617B68802252029446634460
:10915000DC029B4B1A68C0239B0413400ED0984B33
:109160001A68C0239B041A4080235B049A420BD1E7
:10917000944B1A6880239B03134005D1924B1B68C4
:109180009B02924A134005E08F4B1B689B025B08D1
:109190008F4A13401900F723D802E6F7DBFF0300DC
:1091A0001900874B1A68C0239B0413400ED0844BD0
:1091B0001A68C0239B041A4080235B049A420BD197
:1091C000804B1A6880239B03134005D17E4B1B689C
:1091D0009B027E4A134005E07B4B1B689B025B08A9
:1091E0007B4A13404B43E31808333B617B68802282
:1091F000520294466344DC02714B1A68C0239B04FC
:1092000013400ED06E4B1A68C0239B041A40802373
:109210005B049A420BD16B4B1A6880239B0313406B
:1092200005D1694B1B689B02684A134005E0664BF9
:109230001B689B025B08664A13401900F723D8029B
:10924000E6F788FF030019005D4B1A68C0239B04F2
:1092500013400ED05A4B1A68C0239B041A40802337
:109260005B049A420BD1574B1A6880239B0313402F
:1092700005D1554B1B689B02544A134005E0524BE5
:109280001B689B025B08524A13404B43E3181033A0
:10929000FB607B688022520294466344DC02484BA8
:1092A0001A68C0239B0413400ED0454B1A68C02394
:1092B0009B041A4080235B049A420BD1414B1A68ED
:1092C00080239B03134005D13F4B1B689B023F4A01
:1092D000134005E03C4B1B689B025B083C4A134073
:1092E0001900F723D802E6F735FF03001900344BC5
:1092F0001A68C0239B0413400ED0314B1A68C02358
:109300009B041A4080235B049A420BD12D4B1A68B0
:1093100080239B03134005D12B4B1B689B022B4AD8
:10932000134005E0284B1B689B025B08284A13404A
:109330004B43E3181833BB60FB1C1B78042B30D065
:1093400039DC032B23D036DC012B02D0022B0FD0CB
:1093500031E0204A1F4B7969080000F0D3F8031E62
:1093600001D002233CE07B68DAB21B4B1A7036E076
:10937000184A184B3969080000F0C4F8031E01D0E0
:1093800002232DE07B68DAB2134B1A7027E0114AF2
:10939000104BF968080000F0B5F8031E0DD0022349
:1093A0001EE00C4A0B4BB968080000F0ABF8031E36
:1093B00014D0022314E0C04611E0C0460FE0C046BE
:1093C0000075FF1F20200240E075FF1F00FC0F000A
:1093D00000FE0700AAAAAAAA7E3F0020C0460023DA
:1093E0001800BD4607B090BD80B58AB000AF786068
:1093F000002200233A627B6200220023BA61FB61F3
:10940000002200233A617B6100220023BA60FB60E6
:109410007B681A685B683A627B627B6808331A680B
:109420005B68BA61FB617B6810331A685B683A61FC
:109430007B617B6818331A685B68BA60FB60BB6845
:10944000013302D1FB68013301D0042318E03B69EA
:10945000013302D17B69013301D0032310E0BB69E2
:10946000013302D1FB69013301D0022308E03B6ADA
:10947000013302D17B6A013301D0012300E00023D4
:109480001800BD460AB080BD80B500AF80235B01E7
:109490001800FCF74FFD074A074B11001800FCF7B6
:1094A00015FD054B08211800FCF7FEFCC046BD4623
:1094B00080BDC046058000000030024080B582B00B
:1094C00000AF78600A00BB1C1A800D4B1800FCF737
:1094D000DDFC7B680A4A19001000FCF703FDBB1C89
:1094E0001B88074A19001000FCF708FD044B180000
:1094F000FCF715FD03001800BD4602B080BDC04654
:109500000030024080B584B000AFF8603A607B6004
:109510003A687B68F968012005F0DEFB030018005B
:10952000BD4604B080BD000090B58BB000AF786040
:109530000A00BB1C1A802623FB1800221A80002375
:10954000FB607B688022520294466344DC02394B04
:109550001A68C0239B0413400ED0364B1A68C023F0
:109560009B041A4080235B049A420BD1324B1A6849
:1095700080239B03134005D1304B1B689B02304A6C
:10958000134005E02D4B1B689B025B082D4A1340DE
:109590001900F723D802E6F7DDFD03001900254B7B
:1095A0001A68C0239B0413400ED0224B1A68C023B4
:1095B0009B041A4080235B049A420BD11E4B1A680D
:1095C00080239B03134005D11C4B1B689B021C4A44
:1095D000134005E0194B1B689B025B08194A1340B6
:1095E0004B43E318180000F035F803003B621021EC
:1095F0007B183A6A5A607B1802221A60BB1C1A88D0
:109600007B18DA607B187A689A600C23FA187B184A
:109610001100180005F062FC031E03D02623FB187E
:1096200001221A802623FB181B881800BD460BB0A8
:1096300090BDC0460075FF1F20200240E075FF1F4F
:1096400000FC0F0000FE070080B500AFC046BD461D
:1096500080BD000080B584B000AF78600023FB605F
:109660001B4B1A68C0239B0413400ED0184B1A687A
:10967000C0239B041A4080235B049A420FD1154BF0
:109680001A6880239B03134009D1134B1B689B026C
:10969000124A1340802212059446634409E00E4B9F
:1096A0001B689B025B080E4A1340802212059446F9
:1096B00063447A68934202D90423FB6002E080236A
:1096C0001B02FB60FB681800BD4604B080BDC046AD
:1096D0000075FF1F20200240E075FF1F00FC0F00F7
:1096E00000FE070080B582B000AFBB1D00221A80CB
:1096F000BB1D1B881800BD4602B080BD80B582B07E
:1097000000AFEFF305837B607B685A1E9341DBB2A9
:109710001800BD4602B080BD80B500AF01F0A0FDCD
:1097200000231800BD4680BD80B584B000AF7860CE
:109730007B68FB60FB68002B01D0FB6800E0012325
:10974000180001F065FC00231800BD4604B080BD80
:1097500080B584B000AF786039603B68012B11D1CF
:1097600003220021012000F052FE0300FB60FB6891
:10977000002B05D0F86800230022002100F0AFFE86
:10978000FB6806E03B683A681100180000F08FFEA5
:1097900003001800BD4604B080BD000080B584B051
:1097A00000AF786039600023BB607B68002B01D17B
:1097B000802336E00023FB603B68013303D10123A3
:1097C0005B42FB6009E03B68002B06D03B68FB6016
:1097D000FB68002B01D10123FB60FFF78FFF031E05
:1097E00013D00823FA187B680021180001F0FAF85A
:1097F0000300012B01D0FF2313E0BB68002B0FD027
:109800000A4B802252051A600AE0FA687B68110050
:10981000180001F02BF80300012B01D0FF2300E01A
:1098200000231800BD4604B080BDC04604ED00E032
:1098300080B584B000AF78600023FB600023BB607C
:10984000FFF75CFF031E13D00823FA187B68110092
:10985000180000F02CFF0300012B01D0FF2313E0C0
:10986000BB68002B0FD00A4B802252051A600AE019
:10987000786800230022002100F031FE0300012B54
:1098800001D0FF23FB60FB681800BD4604B080BD1B
:1098900004ED00E080B500AF02F018FA0300012BE0
:1098A00001D000F091FBC046BD4680BD80B584B0BC
:1098B00000AF78600023FB60082000F0C1FB0300CC
:1098C000BB60BB68002B12D000F02AFBBB687A6833
:1098D0001A60BB6800225A60074B1B68BA685A605E
:1098E000054BBA681A6000F02DFB0123FB60FB6892
:1098F0001800BD4604B080BDFC01002080B588B0D2
:1099000000AFF860B9607A600123FB613E4B1B68D1
:10991000002B46D13C4B3D4A1A603CE03A4B1B6859
:109920001B681B68BB61BB691800E6F7F7FB030007
:109930007B61FA687B69D3181B785BB2202B06D059
:10994000FA687B69D3181B785BB2002B1ED17A6949
:10995000B969FB6818000BF0A7FF031E16D12A4B4C
:109960001B681B681B7B5BB2002B19DBFB681800B4
:1099700000F062F903001A00234B1B681B681B7B75
:109980005BB29A420CD00023FB6109E01E4B1B68BE
:109990005A681D4B1A601C4B1B68002BBED100E09F
:1099A000C046194B1B68002B0CD0FB69002B09D15A
:1099B0007A681749BB6818000BF087FF124B00222A
:1099C0001A601CE0104B1B68002B10D00E4B1B685C
:1099D0001B689B68FA687968B86898470300FB6160
:1099E000FB69002B0BD1084B00221A6007E07A6854
:1099F0000849BB6818000BF068FF0023FB61FB6996
:109A00001800BD4608B080BD3C420020F401002093
:109A1000CCD6020824D7020880B500AF014B18004D
:109A2000BD4680BDD83F002080B586B000AFF8604D
:109A3000B9607A6000237B6100233B617B68002270
:109A40001A6042E0FB680133FB60FB681B785BB285
:109A5000002B08D0FB681B785BB2202BF2D102E010
:109A6000FB680133FB60FB681B785BB2002B04D002
:109A7000FB681B785BB2202BF2D0FB681B785BB2D3
:109A8000002B27D07B6901337B617A69BB689A42DE
:109A90001BD1FB683B6107E07B681B685A1C7B6835
:109AA0001A60FB680133FB60FB681B785BB2002B1C
:109AB00004D0FB681B785BB2202BEDD17B681B6860
:109AC000002B09D100233B6106E07A69BB689A420A
:109AD000BBD302E0C04600E0C0463B691800BD466B
:109AE00006B080BD80B586B000AFF860B9607A601E
:109AF00000233B611023FA187B6801211800FFF74F
:109B000093FF0200434B1A60424B1B68002B2BD083
:109B1000404B1B684049062218000BF0C5FE031E8F
:109B200022D13E4B1B78072B02D13C4B00221A70EE
:109B30003A4B1B785A1CD1B2384A11701A00384B74
:109B40009200D158BA68FB6818000BF0BEFE334B88
:109B50001B78072B05D100237B61304B00221A7044
:109B600052E001237B614FE02A4B1B68002B4BD155
:109B70002C4B1B68002B05D12A4B2B4A1A602B4B10
:109B800001221A70294B1A78294B1B789A421ED948
:109B9000FB6808331800234B1B681B685968BB68B7
:109BA000083B1A000BF091FEFB680133214A1100BB
:109BB00018000BF076FFFB6828221A70FB6806334A
:109BC00029221A70FB68073320221A7008E0154B0F
:109BD0001B681B685968BA68FB6818000BF075FEB3
:109BE000104B1B685A680F4B1A60104B1B780133DF
:109BF000DAB20E4B1A700B4B1B68002B02D10023FC
:109C00007B6101E001237B617B691800BD4606B0E2
:109C100080BDC0464042002074D702084442002064
:109C20004C00002048420020F40100204C4200205B
:109C30005C0A00207CAA020880B584B000AF78607E
:109C40000F23FB1800221A700023BB6018E07B680A
:109C50001B785BB2202B0ED1BB68012B0DD00F21DE
:109C60007B181B785BB2DBB20133DAB27B181A7057
:109C70000123BB6001E00023BB607B6801337B6094
:109C80007B681B785BB2002BE1D1BB68012B08D14C
:109C90000F217B181B785BB2DBB2013BDAB27B1879
:109CA0001A700F23FB181B785BB21800BD4604B076
:109CB00080BD80B582B000AF78607B6808331A0041
:109CC0007B685A607B68012252429A607B68083345
:109CD0001A007B68DA607B6808331A007B681A61B7
:109CE0007B6800221A60C046BD4602B080BD80B5C8
:109CF00082B000AF78607B6800221A61C046BD4622
:109D000002B080BD80B584B000AF786039607B68F8
:109D10005B68FB603B68FA685A60FB689A683B685E
:109D20009A60FB689B683A685A60FB683A689A6078
:109D30003B687A681A617B681B685A1C7B681A60EA
:109D4000C046BD4604B080BD80B584B000AF786029
:109D500039603B681B68BB60BB68013303D17B681B
:109D60001B69FB600CE07B680833FB6002E0FB686A
:109D70005B68FB60FB685B681B68BA689A42F6D256
:109D8000FB685A683B685A603B685B683A689A604F
:109D90003B68FA689A60FB683A685A603B687A6880
:109DA0001A617B681B685A1C7B681A60C046BD46F6
:109DB00004B080BD80B584B000AF78607B681B695B
:109DC000FB607B685B687A6892689A607B689B68D6
:109DD0007A6852685A60FB685B687A689A4203D175
:109DE0007B689A68FB685A607B6800221A61FB688E
:109DF0001B685A1EFB681A60FB681B681800BD468A
:109E000004B080BD80B584B000AFF860B9607A60FE
:109E1000FB68043BFB60FB68802252041A60FB680D
:109E2000043BFB60BA68FB681A60FB68043BFB609C
:109E3000084AFB681A60FB68143BFB607A68FB68A1
:109E40001A60FB68203BFB60FB681800BD4604B04D
:109E500080BDC046599E010880B582B000AF002386
:109E60007B6072B6C0467B68002BFCD0C046C04603
:109E7000BD4602B080BD80B500AFC046BD4680BDC6
:109E80000B4A13681868203080F30988022080F399
:109E90001488BFF36F8F3FBCAE4608BC04BC62B6EB
:109EA0001847C046C046C046C046C046C046C04629
:109EB00040A20120C046C04680B500AF0E4B1A68D4
:109EC0000D4BFF2109040A431A600B4B1A680A4B19
:109ED000FF2109060A431A6000F090F8074B0022A0
:109EE0001A60FFF7CDFF01F0DDFBFFF7B5FF0023A0
:109EF0001800BD4680BDC04620ED00E000020020F5
:109F000080B500AF054B802252051A60BFF34F8F1A
:109F1000BFF36F8FC046BD4680BDC04604ED00E074
:109F200080B500AF72B6064B1B685A1C044B1A6012
:109F3000BFF34F8FBFF36F8FC046BD4680BDC04695
:109F40000002002080B500AF064B1B685A1E054B6F
:109F50001A60044B1B68002B00D162B6C046BD4698
:109F600080BDC04600020020EFF3108072B670473B
:109F7000C046180080F310887047C04600000000FB
:109F8000EFF309800E4B1A6820381060F0C0444689
:109F90004D4656465F46F0C008B572B601F082FBEA
:109FA00062B60CBC116808681030F0C8A046A9461B
:109FB000B246BB4680F309882038F0C81847C0462F
:109FC00040A20120C046C04680B582B000AFFFF776
:109FD000CBFF03007B6001F0BDFA031E03D0064BEC
:109FE000802252051A607B681800FFF7C3FFC04645
:109FF000BD4602B080BDC04604ED00E080B500AFB4
:10A000000B4B00221A600B4B00221A600A4B1B6894
:10A01000FA2291001800E6F79DF803001A00074B9A
:10A02000013A1A60024B07221A60C046BD4680BD45
:10A0300010E000E018E000E0EC01002014E000E097
:10A0400080B586B000AF78600023FB6001F042F974
:10A05000454B1B68002B01D100F0D2F8434B1B6825
:10A060007A68134000D072E07B68002B0CD0082285
:10A070007B689B187B607B680722134004D07B6859
:10A080000722934308337B607B68002B5FD0384BFB
:10A090001B687A689A425AD8364B3B61354B1B682D
:10A0A0007B6104E07B693B617B691B687B617B6949
:10A0B0005B687A689A4203D97B691B68002BF1D1EF
:10A0C000294B1B687A699A4241D03B691B68082278
:10A0D0009B18FB607B691A683B691A607B695A6848
:10A0E0007B68D21A08235B009A4210D97A697B6890
:10A0F000D318BB607B695A687B68D21ABB685A6008
:10A100007B697A685A60BB68180000F0D9F8184B70
:10A110001A687B695B68D21A154B1A60144B1A686F
:10A12000154B1B689A4203D2114B1A68124B1A60E6
:10A130007B695A680D4B1B681A437B695A607B69BF
:10A1400000221A600D4B1B685A1C0C4B1A6001F060
:10A15000CDF8FB68002B01D1FAF7E2FCFB68180090
:10A16000BD4606B080BDC046E8A10120FCA101208B
:10A17000ECA10120E0A10120F0A10120F4A1012027
:10A1800080B584B000AF78607B68FB607B68002B93
:10A190002CD008235B42FA68D318FB60FB68BB60D5
:10A1A000BB685A68134B1B6813401FD0BB681B6801
:10A1B000002B1BD1BB685A680E4B1B68DB431A404F
:10A1C000BB685A6001F086F8BB685A680A4B1B6886
:10A1D000D218094B1A60BB68180000F071F8074BE1
:10A1E0001B685A1C054B1A6001F080F8C046BD463A
:10A1F00004B080BDFCA10120ECA10120F8A1012048
:10A2000080B584B000AF274BBB60274BFB60FB6879
:10A21000072213400CD0FB680733FB60FB68072262
:10A220009343FB60BA68FB68D21A1F4BD318BB601C
:10A23000FB687B601D4B7A681A601C4B00225A60D9
:10A240007B68BA68D318FB600822FB689B1AFB6026
:10A25000FB6807229343FB60FA68154B1A60144BA6
:10A260001B6800225A60124B1B6800221A607B6830
:10A270003B603B68FA68D21A3B685A600C4B1A681C
:10A280003B681A603B685A680A4B1A603B685A6818
:10A29000094B1A60094B802212061A60C046BD465F
:10A2A00004B080BD905F010050420020E0A1012079
:10A2B000E8A10120F0A10120ECA10120FCA10120D6
:10A2C00080B584B000AF7860274BFB6002E0FB688C
:10A2D0001B68FB60FB681B687A689A42F7D8FB68CA
:10A2E000BB60FB685B68BA68D3187A689A4208D189
:10A2F000FB685A687B685B68D218FB685A60FB6829
:10A300007B607B68BB607B685B68BA68D218FB685F
:10A310001B689A4218D1FB681A68144B1B689A4252
:10A320000DD07B685A68FB681B685B68D2187B6835
:10A330005A60FB681B681A687B681A6008E00B4B60
:10A340001A687B681A6003E0FB681A687B681A6009
:10A35000FA687B689A4202D0FB687A681A60C04645
:10A36000BD4604B080BDC046E0A10120E8A10120A7
:10A3700080B584B000AF786039607B68FB60FFF720
:10A38000CFFDFB681A68FB68D96BFB681B6C4B43FD
:10A39000D218FB689A60FB6800229A63FB681A680F
:10A3A000FB685A60FB681A68FB68DB6B591EFB6828
:10A3B0001B6C4B43D218FB68DA60FB684422FF2118
:10A3C0009954FB684522FF2199543B68002B0DD11D
:10A3D000FB681B69002B13D0FB681033180001F0D9
:10A3E0002FFA031E0CD0FFF78BFD09E0FB6810333A
:10A3F0001800FFF75EFCFB6824331800FFF759FCD8
:10A40000FFF7A0FD01231800BD4604B080BD90B544
:10A410008BB002AFF860B960FB1D1A70FB68BA68B8
:10A420005343FB61FB6950331800FFF709FE03003B
:10A43000BB61BB69002B0ED0BB697B617B6950336C
:10A440007B61FB1D1C787A69B968F868BB69009369
:10A45000230000F005F8BB691800BD4609B090BDA7
:10A4600080B584B000AFF860B9607A601A00FB1C58
:10A470001A70BB68002B03D1BB69BA691A6002E08D
:10A48000BB697A681A60BB69FA68DA63BB69BA6843
:10A490001A64BB6901211800FFF76AFFBB69FA1C47
:10A4A0004C2112785A54C046BD4604B080BD80B5D8
:10A4B00084B000AF786039607B6802220021180008
:10A4C000FFF7A5FF0300FB60FB68002B02D0FB68D1
:10A4D0003A689A63FB681800BD4604B080BD80B539
:10A4E0008AB000AFF860B9607A603B6000237B629D
:10A4F000FB683B62FFF714FD3B6A9A6B3B6ADB6BC0
:10A500009A4202D33B68022B1ED13A68B9683B6A73
:10A51000180000F0CDFA0300FB613B6A5B6A002B78
:10A5200009D03B6A2433180001F08AF9031E07D0D2
:10A53000FFF7E6FC04E0FB69002B01D0FFF7E0FC2D
:10A54000FFF700FD01235BE07B68002B03D1FFF7E1
:10A55000F9FC002354E07B6A002B06D11423FB187E
:10A56000180001F0C5F901237B62FFF7EBFC00F056
:10A57000B1FEFFF7D5FC3B6A44229B5C5BB2013322
:10A5800003D13B6A4422002199543B6A45229B5CDB
:10A590005BB2013303D13B6A452200219954FFF796
:10A5A000D1FC3A1D1423FB181100180001F0B4F976
:10A5B000031E1ED13B6A180000F07FFB031E11D062
:10A5C0003B6A10337A681100180001F0FDF83B6A0D
:10A5D000180000F0FEFA00F089FE031E8AD1FFF792
:10A5E0008FFC87E73B6A180000F0F3FA00F07EFE6C
:10A5F00080E73B6A180000F0ECFA00F077FE0023D9
:10A600001800BD460AB080BD90B58BB000AFF860B1
:10A61000B9607A603B60FB683B62FFF7A5FC030012
:10A62000FB613B6A9A6B3B6ADB6B9A4202D33B68E5
:10A63000022B31D11B243B193A6A4521525C1A7016
:10A640003B6A9B6B7B613A68B9683B6A180000F013
:10A650002FFA3B191B785BB2013311D13B6A5B6A5D
:10A66000002B16D03B6A2433180001F0E9F8031ED2
:10A670000FD07B68002B0CD07B6801221A6008E0A9
:10A680001B23FB181B780133DBB259B23B6A45220E
:10A69000995401237B6201E000237B62FB6918006F
:10A6A000FFF768FC7B6A1800BD460BB090BD80B513
:10A6B00088B000AF786039607B68BB61FFF754FCFD
:10A6C00003007B61BB699B6B3B61BB69DB6B3A69D8
:10A6D0009A422CD20F203B18BA694521525C1A705D
:10A6E0003B695A1CBB699A633B181B785BB2013308
:10A6F00011D1BB695B6A002B16D0BB6924331800EB
:10A7000001F09EF8031E0FD03B68002B0CD03B6875
:10A7100001221A6008E00F23FB181B780133DBB21B
:10A7200059B2BB69452299540123FB6101E0002322
:10A73000FB617B691800FFF71DFCFB691800BD4633
:10A7400008B080BD80B58AB000AFF860B9607A60AB
:10A7500000237B62FB683B62FFF7E2FB3B6A9B6B7B
:10A76000FB61FB69002B1AD0BA683B6A1100180024
:10A7700000F009FAFB695A1E3B6A9A633B6A1B693F
:10A78000002B08D03B6A1033180001F059F8031E63
:10A7900001D0FFF7B5FBFFF7D5FB012362E07B6833
:10A7A000002B03D1FFF7CEFB00235BE07B6A002B7D
:10A7B00006D11423FB18180001F09AF801237B62DC
:10A7C000FFF7C0FB00F086FDFFF7AAFB3B6A4422BF
:10A7D0009B5C5BB2013303D13B6A44220021995454
:10A7E0003B6A45229B5C5BB2013303D13B6A452245
:10A7F00000219954FFF7A6FB3A1D1423FB18110002
:10A80000180001F089F8031E1ED13B6A180000F001
:10A810003EFA031E11D03B6A24337A6811001800F7
:10A8200000F0D2FF3B6A180000F0D3F900F05EFDA3
:10A83000031E91D1FFF764FB8EE73B6A180000F01E
:10A84000C8F900F053FD87E73B6A180000F0C1F932
:10A8500000F04CFD3B6A180000F019FA031E00D10D
:10A860007AE700231800BD460AB080BD80B58AB0E3
:10A8700000AF7860396000237B627B68FB61002356
:10A880003B62FFF74DFBFB699B6BBB61BB69002B18
:10A890001DD0BB695A1EFB699A63FB691B68002BBC
:10A8A00004D101F09FFC0200FB699A60FB691B69FF
:10A8B000002B08D0FB691033180000F0C1FF031E05
:10A8C00001D0FFF71DFBFFF73DFB012386E03B684E
:10A8D000002B03D1FFF736FB00237FE07B6A002BC0
:10A8E00006D10C23FB18180001F002F801237B624B
:10A8F000FFF728FB00F0EEFCFFF712FBFB69442298
:10A900009B5C5BB2013303D1FB6944220021995463
:10A91000FB6945229B5C5BB2013303D1FB69452295
:10A9200000219954FFF70EFB3A000C23FB1811008D
:10A93000180000F0F1FF031E2ED1FB69180000F093
:10A94000A6F9031E21D0FB691B68002B0AD1FFF773
:10A95000E7FAFB699B68180001F0D4F903003B6239
:10A96000FFF7F0FAFB6924333A681100180000F091
:10A970002BFFFB69180000F02CF900F0B7FC031E58
:10A9800000D07EE7FFF7BCFA7BE7FB69180000F018
:10A9900020F900F0ABFC74E7FB69180000F019F92E
:10A9A00000F0A4FCFB69180000F071F9031E00D14F
:10A9B00067E73B6A002B10D0FFF7B2FAFB6918007B
:10A9C00000F060F803007B61FB699B687A69110005
:10A9D000180001F04BFAFFF7B5FA00231800BD4646
:10A9E0000AB080BD90B58BB000AFF860B9607A60F6
:10A9F000FB683B62FFF7B8FA0300FB613B6A9B6BA5
:10AA0000BB61BB69002B32D017243B193A6A442141
:10AA1000525C1A70BA683B6A1100180000F0B3F873
:10AA2000BB695A1E3B6A9A633B191B785BB20133C0
:10AA300011D13B6A1B69002B16D03B6A10331800FA
:10AA400000F0FEFE031E0FD07B68002B0CD07B684D
:10AA500001221A6008E01723FB181B780133DBB2D0
:10AA600059B23B6A4422995401237B6201E00023DE
:10AA70007B62FB691800FFF77DFA7B6A1800BD4610
:10AA80000BB090BD80B584B000AF78607B685B6A26
:10AA9000002B06D07B681B6B1B680722D31AFB6058
:10AAA00001E00023FB60FB681800BD4604B080BDD8
:10AAB00080B586B000AFF860B9607A6000237B6132
:10AAC000FB689B6B3B61FB681B6C002B0ED1FB682A
:10AAD0001B68002B4ED1FB689B68180001F07AF9C7
:10AAE00003007B61FB6800229A6043E07B68002BD7
:10AAF00019D1FB685868FB681A6CBB6819000AF02A
:10AB0000D8FFFB685A68FB681B6CD218FB685A6058
:10AB1000FB685A68FB689B689A422BD3FB681A68EB
:10AB2000FB685A6026E0FB68D868FB681A6CBB6853
:10AB300019000AF0BEFFFB68DA68FB681B6C5B4219
:10AB4000D218FB68DA60FB68DA68FB681B689A4217
:10AB500007D2FB689A68FB681B6C5B42D218FB68E3
:10AB6000DA607B68022B05D13B69002B02D03B6980
:10AB7000013B3B613B695A1CFB689A637B69180087
:10AB8000BD4606B080BD80B582B000AF7860396048
:10AB90007B681B6C002B18D07B68DA687B681B6CA9
:10ABA000D2187B68DA607B68DA687B689B689A42B7
:10ABB00003D37B681A687B68DA607B68D9687B6836
:10ABC0001A6C3B6818000AF074FFC046BD4602B01C
:10ABD00080BD80B584B000AF7860FFF7A1F90F2386
:10ABE000FB187A684521525C1A7013E07B685B6A37
:10ABF000002B16D07B682433180000F021FE031EC2
:10AC000001D000F0CFFE0F217B181B78013BDAB298
:10AC10007B181A700F23FB181B785BB2002BE5DC46
:10AC200000E0C0467B684522FF219954FFF78AF96E
:10AC3000FFF776F90E23FB187A684421525C1A70EC
:10AC400013E07B681B69002B16D07B68103318005B
:10AC500000F0F6FD031E01D000F0A4FE0E217B18CB
:10AC60001B78013BDAB27B181A700E23FB181B7895
:10AC70005BB2002BE5DC00E0C0467B684422FF218C
:10AC80009954FFF75FF9C046BD4604B080BD80B55A
:10AC900084B000AF7860FFF743F97B689B6B002BB3
:10ACA00002D10123FB6001E00023FB60FFF74AF9BA
:10ACB000FB681800BD4604B080BD80B584B000AF0D
:10ACC0007860FFF72DF97B689A6B7B68DB6B9A42A3
:10ACD00002D10123FB6001E00023FB60FFF732F9A2
:10ACE000FB681800BD4604B080BD000080B584B08C
:10ACF00000AF786039600023FB6015E00E4BFA6806
:10AD0000D200D358002B0CD10B4BFA68D200396813
:10AD1000D150094AFB68DB00D31804337A681A6003
:10AD200006E0FB680133FB60FB68072BE6D9C046F1
:10AD3000C046BD4604B080BD00A2012080B586B0EB
:10AD400000AFF860B9607A60FB687B61FFF7E8F8F4
:10AD50007B6944229B5C5BB2013303D17B69442253
:10AD6000002199547B6945229B5C5BB2013303D17E
:10AD70007B69452200219954FFF7E4F87B699B6BBE
:10AD8000002B06D17B6924337A68B968180000F07B
:10AD900035FD7B691800FFF71CFFC046BD4606B0B5
:10ADA00080BD90B58DB004AFF860B9603B60BB1D4D
:10ADB0001A80BB1D1B889B001800FFF741F9030098
:10ADC0007B617B69002B10D06020FFF739F903000D
:10ADD000FB61FB69002B03D0FB697A691A6306E00B
:10ADE0007B691800FFF7CCF901E00023FB61FB69E8
:10ADF000002B16D0BB1D1A883C68B968F868002380
:10AE00000393FB6902937B6B01933B6B00932300DD
:10AE100000F010F8FB69180000F092F80123BB6104
:10AE200002E001235B42BB61BB691800BD4609B06B
:10AE300090BD000080B586B000AFF860B9607A6060
:10AE40003B60BB6A186B7B689B001A00A5210AF067
:10AE500008FDBB6A1A6B7B6838498C4663449B00CB
:10AE6000D3183B613B69072293433B61BB68002BCE
:10AE700020D000237B6113E0BA687B69D31818786F
:10AE8000BA6A34217B69D3185B18021C1A70BA683D
:10AE90007B69D3181B78002B06D07B6901337B615B
:10AEA0007B690C2BE8D900E0C046BB6A4022002138
:10AEB000995403E0BB6A3422002199543B6A062B63
:10AEC00001D906233B62BB6A3A6ADA62BB6A3A6A14
:10AED000DA64BB6A00221A65BB6A04331800FEF705
:10AEE00006FFBB6A18331800FEF701FFBB6ABA6A97
:10AEF0001A613B6A0722D21ABB6A9A61BB6ABA6AB4
:10AF00005A62BB6A00225A65BB6A00229A65BB6A14
:10AF10005C22002199543A68F9683B691800FEF7F1
:10AF200071FF0200BB6A1A607B6A002B02D07B6A49
:10AF3000BA6A1A60C046BD4606B080BDFFFFFF3F3B
:10AF400080B582B000AF7860FEF7EAFF2A4B1B683D
:10AF50005A1C294B1A60294B1B68002B09D1274B1F
:10AF60007A681A60244B1B68012B10D100F034FD65
:10AF70000DE0234B1B68002B09D1204B1B68DA6ABC
:10AF80007B68DB6A9A4202D81C4B7A681A601D4BB8
:10AF90001B685A1C1B4B1A601A4B1A687B685A6450
:10AFA0007B68DA6A184B1B689A4203D97B68DA6AB5
:10AFB000154B1A607B68DA6A13009B009B189B0094
:10AFC000124A9A187B68043319001000FEF79AFEA3
:10AFD000FEF7B8FF0A4B1B68002B08D0074B1B6815
:10AFE000DA6A7B68DB6A9A4201D2FEF789FFC046C3
:10AFF000BD4602B080BDC04640A3012040A2012052
:10B000004CA301205CA3012048A3012044A20120FD
:10B0100080B584B000AF78600023FB607B68002BB4
:10B020000AD000F057F97B680021180001F0BCFA43
:10B0300000F05CF90300FB60FB68002B01D1FEF718
:10B040005FFFC046BD4604B080BD000080B588B03B
:10B0500000AF78607B68BB612B4B1B68BA699A4272
:10B0600004D11F23FB1800221A7046E0FEF758FF98
:10B07000BB695B697B61254B1B683B61244B1B688B
:10B08000FB60FEF75FFF7A693B699A4203D07A69F9
:10B09000FB689A4204D11F23FB1802221A702CE08D
:10B0A0007A691C4B9A4218D1BB699B6A002B0FD15D
:10B0B000BB695C229B5CDBB2012B04D11F23FB1814
:10B0C00002221A7019E01F23FB1803221A7014E0E1
:10B0D0001F23FB1802221A700FE07A690E4B9A4266
:10B0E00002D07B69002B04D11F23FB1804221A70A5
:10B0F00003E01F23FB1801221A701F23FB181B7883
:10B100001800BD4608B080BD40A20120F8A2012071
:10B11000FCA201202CA3012014A3012080B584B03F
:10B1200000AF7860FEF7FCFE7B68002B02D1074B76
:10B130001B6800E07B68FB60FB68DB6ABB60FEF7B6
:10B1400001FFBB681800BD4604B080BD40A20120CD
:10B1500080B586B000AF7860396000237B613B68C2
:10B16000062B01D906233B60FEF7DAFE7B68002B35
:10B1700002D1384B1B6800E07B683B613B69DB6CAC
:10B18000FB60FA683B689A425DD03A68FB689A4275
:10B190000DD9304B1B683A699A420FD02D4B1B6872
:10B1A000DB6A3A689A4209D301237B6106E0294BA6
:10B1B0001B683A699A4201D101237B613B69DB6AD2
:10B1C000BB603B69DA6C3B69DB6A9A4202D13B693E
:10B1D0003A68DA623B693A68DA643B699B69002B3A
:10B1E00004DB3B680722D21A3B699A613B695969C3
:10B1F000BA6813009B009B189B00174A9B18994242
:10B200001CD13B6904331800FEF7D4FD3B69DA6AB0
:10B21000124B1B689A4203D93B69DA6A0F4B1A60DA
:10B220003B69DA6A13009B009B189B000A4A9A1834
:10B230003B69043319001000FEF764FD7B69002BA5
:10B2400001D0FEF75DFEFEF77DFEC046BD4606B0AE
:10B2500080BDC04640A2012044A2012048A3012095
:10B2600080B584B002AF144A14491548154B0193B8
:10B27000002300930023FFF794FD03007B607B68AD
:10B28000012B03D101F0E4F903007B607B68012B03
:10B290000ED172B60C4B012252421A600B4B0122A6
:10B2A0001A600B4B00221A60EFF77EFEFEF704FED9
:10B2B000C046BD4602B080BDC40900007CD702086C
:10B2C000B9B9010864A3012060A301204CA30120A7
:10B2D00044A3012080B500AF034B1B685A1C024BEE
:10B2E0001A60C046BD4680BD68A3012080B584B009
:10B2F00000AF0023FB600023BB60FEF711FE364B5E
:10B300001B685A1E344B1A60334B1B68002B5BD1F1
:10B31000324B1B68002B57D02FE0314BDB68DB68CA
:10B32000FB60FB6818331800FEF744FDFB6804332C
:10B330001800FEF73FFDFB68DA6A2A4B1B689A4249
:10B3400003D9FB68DA6A274B1A60FB68DA6A1300D4
:10B350009B009B189B00244A9A18FB680433190031
:10B360001000FEF7CFFCFB68DA6A204B1B68DB6A33
:10B370009A4202D31E4B01221A60194B1B68002B04
:10B38000CBD1FB68002B01D000F082FC194B1B686D
:10B390007B607B68002B0FD000F0DCF8031E02D02E
:10B3A000134B01221A607B68013B7B607B68002B9A
:10B3B000F2D1104B00221A600D4B1B68002B03D0FA
:10B3C0000123BB60FEF79CFDFEF7BCFDBB681800C7
:10B3D000BD4604B080BDC04668A3012040A3012043
:10B3E00000A3012048A3012044A2012040A2012083
:10B3F00054A3012050A3012080B582B000AF044BBC
:10B400001B687B607B681800BD4602B080BDC046EB
:10B4100044A3012080B582B000AF00237B60044BC1
:10B420001B683B603B681800BD4602B080BDC0464B
:10B4300044A3012080B586B000AFF860B9607A609F
:10B4400000237B6107233B61FFF744FF3B4B1B68F5
:10B45000BA689A426AD33B69013B3B617A6913003F
:10B46000DB009B189B001A00FB6898183A691300D0
:10B470009B009B189B00324A9B180122190000F088
:10B4800089FB02007B699B187B613B69002BE2D141
:10B490007A691300DB009B189B001A00FB68981860
:10B4A000284B1B680222190000F074FB02007B6924
:10B4B0009B187B617A691300DB009B189B001A00C4
:10B4C000FB689818204B1B680222190000F062FBF1
:10B4D00002007B699B187B617A691300DB009B1873
:10B4E0009B001A00FB689B1818490422180000F002
:10B4F00051FB02007B699B187B617A691300DB00BA
:10B500009B189B001A00FB689B1811490322180026
:10B5100000F040FB02007B699B187B617B68002B7D
:10B5200004D0EFF757FD02007B681A60FFF7DEFEDC
:10B530007B691800BD4606B080BDC04640A301200F
:10B5400044A20120F8A20120FCA2012014A30120A2
:10B550002CA3012080B586B000AF00237B61464B51
:10B560001B68002B00D07DE0444B1B6801333B611E
:10B57000424B3A691A603B69002B10D1404B1B6863
:10B58000FB60404B1A683E4B1A603E4BFA681A60EB
:10B590003D4B1B685A1C3C4B1A6000F079FB3B4B3F
:10B5A0001B683A699A4249D3354B1B681B68002BCC
:10B5B00004D1364B012252421A603FE0304B1B68E7
:10B5C000DB68DB68BB60BB685B687B603A697B6893
:10B5D0009A4203D22D4B7A681A602FE0BB6804337D
:10B5E0001800FEF7E7FBBB689B6A002B04D0BB6822
:10B5F00018331800FEF7DEFBBB68DA6A244B1B68C1
:10B600009A4203D9BB68DA6A214B1A60BB68DA6ACE
:10B6100013009B009B189B001E4A9A18BB680433BA
:10B6200019001000FEF76EFBBB68DA6A1A4B1B6844
:10B63000DB6A9A42B8D301237B61B5E7164B1B68DE
:10B64000DA6A144913009B009B189B005B58012B7E
:10B6500001D901237B61114B1B68002B07D001230B
:10B660007B6104E00E4B1B685A1C0D4B1A607B6912
:10B670001800BD4606B080BD68A3012044A3012088
:10B68000F8A20120FCA2012058A3012060A3012000
:10B6900048A3012044A2012040A2012054A301207C
:10B6A00050A3012080B584B000AF3F4B1B68002B36
:10B6B00003D03E4B01221A6071E03C4B00221A601D
:10B6C000EFF788FC02003A4B1A60394B1A68394B85
:10B6D0001B689A4209D9384B1B68596D344A106867
:10B6E000344A1268821A8A185A65314B1A68314BEB
:10B6F0001A60314B1B681B6BBB60304B7B60BB68B7
:10B700001B687A689A4211D1BB6804331B687A6857
:10B710009A420BD1BB6808331B687A689A4205D1FC
:10B72000BB680C331B687A689A4208D0224B1A68AF
:10B73000214B1B68343319001000F9F7CFF9204B67
:10B740001B68FB6002E0FB68013BFB601D49FA6877
:10B7500013009B009B189B005B58002BF3D0FA68EA
:10B7600013009B009B189B00164A9B183B603B688C
:10B770005B685A683B685A603B685A683B680833A4
:10B780009A4204D13B685B685A683B685A603B68E0
:10B790005B68DA68084B1A60094BFA681A60C046A1
:10B7A000BD4604B080BDC04668A3012054A301205B
:10B7B00070A301206CA3012040A20120A5A5A5A58E
:10B7C00048A3012044A2012080B582B000AF786078
:10B7D0003960094B1B6818331A007B681100180088
:10B7E000FEF7B2FA3B680121180000F0DDFEC0460A
:10B7F000BD4602B080BDC04640A2012080B584B0E5
:10B8000000AFF860B9607A600C4B1B6818331A00FF
:10B81000FB6811001800FEF775FA7B68002B02D058
:10B8200001235B42BB607A68BB681100180000F01E
:10B83000BBFEC046BD4604B080BDC04640A201204C
:10B8400080B584B000AF78607B68DB68DB68BB6084
:10B85000BB6818331800FEF7ADFA1F4B1B68002BAE
:10B860001DD1BB6804331800FEF7A4FABB68DA6A7E
:10B870001A4B1B689A4203D9BB68DA6A174B1A60E5
:10B88000BB68DA6A13009B009B189B00144A9A1845
:10B89000BB68043319001000FEF734FA07E0BB68F8
:10B8A00018331A000F4B11001800FEF72BFABB6873
:10B8B000DA6A0D4B1B68DB6A9A4205D90123FB60EB
:10B8C0000A4B01221A6001E00023FB60FB681800AC
:10B8D000BD4604B080BDC04668A3012048A3012036
:10B8E00044A2012000A3012040A2012054A3012072
:10B8F00080B582B000AF7860054B1A687B681A602B
:10B90000044B1A687B685A60C046BD4602B080BDD1
:10B9100058A3012044A3012080B586B000AF786011
:10B920003960FEF7FDFA1D4B1B683B617B685B6865
:10B930003A69D31AFB603B681B68013302D10023CC
:10B940007B6124E07B681A68154B1B689A4207D01C
:10B950007B685B683A699A4202D301237B6116E0F7
:10B960003B681B68FA689A420CD23B681A68FB680D
:10B97000D21A3B681A607B681800FFF7B9FF0023F2
:10B980007B6104E03B6800221A6001237B61FEF7C3
:10B99000D9FA7B691800BD4606B080BD44A30120DA
:10B9A00058A3012080B500AF024B01221A60C046A7
:10B9B000BD4680BD54A3012080B582B000AF786041
:10B9C00000F04EF8034B1B68012BF9D9FEF798FAEB
:10B9D000F6E7C04644A2012080B582B000AF002344
:10B9E0007B600CE07A6813009B009B189B00144A54
:10B9F0009B181800FEF75DF97B6801337B607B685C
:10BA0000062BEFD90F4B1800FEF753F90E4B180019
:10BA1000FEF74FF90D4B1800FEF74BF90C4B1800D1
:10BA2000FEF747F90B4B1800FEF743F90A4B054A9E
:10BA30001A600A4B044A1A60C046BD4602B080BD77
:10BA400044A20120D0A20120E4A2012000A30120F1
:10BA500014A301202CA30120F8A20120FCA20120A4
:10BA600080B582B000AF1AE0FEF75AFA104BDB68DF
:10BA7000DB687B607B6804331800FEF79BF90D4B95
:10BA80001B685A1E0B4B1A600B4B1B685A1E0A4B45
:10BA90001A60FEF757FA7B68180000F0E8F8064BCA
:10BAA0001B68002BE0D1C046C046BD4602B080BD39
:10BAB00014A3012040A3012028A3012080B586B053
:10BAC00000AFF860B9607A601A00FB1C1A70FB685E
:10BAD000002B02D12E4B1B6800E0FB687B61BB682A
:10BAE0007A691A607B6934331A00BB685A607B69D3
:10BAF000DA6ABB681A617B691A6BBB68DA617B69B9
:10BB00005A6CBB689A607B69DA6CBB685A617B6966
:10BB10005A6DBB689A61FB1C1B78052B1CD01C4B13
:10BB20001B687A699A4203D1BB6800221A731BE032
:10BB3000BB68FA1C12781A73FB1C1B78032B13D1F9
:10BB4000FFF7C8FB7B699B6A002B02D0BB6802220F
:10BB50001A73FFF7CBFB07E07B691800FFF776FA53
:10BB600003001A00BB681A737B68002B09D07B693D
:10BB70001B6B180000F061F803001A00BB681A8400
:10BB800002E0BB6800221A84C046BD4606B080BDF4
:10BB900040A2012080B58AB000AFF860B960FB1DFB
:10BBA0001A7000237B62BB681B68002B40D0BB6807
:10BBB0003B623B6A5B685A683B6A5A603B6A5A68F8
:10BBC0003B6A08339A4204D13B6A5B685A683B6A15
:10BBD0005A603B6A5B68DB68FB61BB68BB61BB6941
:10BBE0005B685A68BB695A60BB695A68BB690833AD
:10BBF0009A4204D1BB695B685A68BB695A60BB69E9
:10BC00005B68DB687B617A6A1300DB009B189B0032
:10BC10001A00FB689918FB1D1B7878690122FFF751
:10BC20004DFF7B6A01337B627A69FB699A42D4D10A
:10BC30007B6A1800BD460AB080BD80B584B000AFF5
:10BC400078600023FB6005E07B6801337B60FB6864
:10BC50000133FB607B681B78A52BF5D0FB689B0844
:10BC6000FB60FB689BB21800BD4604B080BD80B588
:10BC700082B000AF78607B681B6B1800FEF780FA1B
:10BC80007B681800FEF77CFAC046BD4602B080BD56
:10BC900080B582B000AF0B4B1B681B68002B04D132
:10BCA000094B012252421A6008E0064B1B68DB6810
:10BCB000DB687B607B685A68034B1A60C046BD46F0
:10BCC00002B080BDF8A2012060A3012080B582B03F
:10BCD00000AF0A4B1B68002B02D101237B6008E0F8
:10BCE000074B1B68002B02D102237B6001E000237D
:10BCF0007B607B681800BD4602B080BD4CA301206C
:10BD000068A3012080B584B000AF78607B68BB6019
:10BD10000023FB607B68002B51D0BB68DA6A2A4B9A
:10BD20001B68DB6A9A4241D2BB689B69002B06DB29
:10BD3000254B1B68DB6A0722D21ABB689A61BB6875
:10BD40005969BB68DA6A13009B009B189B001F4A65
:10BD50009B18994222D1BB6804331800FEF72AF8D9
:10BD6000194B1B68DA6ABB68DA62BB68DA6A184B7F
:10BD70001B689A4203D9BB68DA6A154B1A60BB6824
:10BD8000DA6A13009B009B189B00104A9A18BB6844
:10BD9000043319001000FDF7B5FF04E00A4B1B68DF
:10BDA000DA6ABB68DA620123FB6008E0BB68DA6C20
:10BDB000054B1B68DB6A9A4201D20123FB60FB68DA
:10BDC0001800BD4604B080BD40A2012044A201205D
:10BDD00048A3012080B584B000AF78607B68BB6069
:10BDE0000023FB607B68002B37D0BB681B6D5A1E9D
:10BDF000BB681A65BB68DA6ABB68DB6C9A422CD0F8
:10BE0000BB681B6D002B28D1BB6804331800FDF7FD
:10BE1000D1FFBB68DA6CBB68DA62BB68DB6A0722F9
:10BE2000D21ABB689A61BB68DA6A0E4B1B689A42E9
:10BE300003D9BB68DA6A0B4B1A60BB68DA6A130075
:10BE40009B009B189B00084A9A18BB680433190092
:10BE50001000FDF757FF0123FB60FB681800BD468B
:10BE600004B080BD48A3012044A2012080B586B063
:10BE700000AF786039607B683B610123FB607B68C1
:10BE8000002B4BD03B69DB6C3A689A4202D93B6885
:10BE90007B6102E03B69DB6C7B613B69DB6A7A6951
:10BEA0009A423BD03B691B6DFA689A4236D13B6996
:10BEB000DB6ABB603B697A69DA623B699B69002B8C
:10BEC00004DB7B690722D21A3B699A613B69596995
:10BED000BA6813009B009B189B00124A9B1899425A
:10BEE0001CD13B6904331800FDF764FF3B69DA6A33
:10BEF0000D4B1B689A4203D93B69DA6A0A4B1A60F8
:10BF00003B69DA6A13009B009B189B00054A9A184C
:10BF10003B69043319001000FDF7F4FEC046BD462E
:10BF200006B080BD44A2012048A3012080B584B0A2
:10BF300000AF786039603A687B681100180009F03A
:10BF4000B0FD7B681800E4F7E9F80300FB6007E048
:10BF50007A68FB68D31820221A70FB680133FB60F3
:10BF6000FB680B2BF4D97A68FB68D31800221A708F
:10BF70007A68FB68D3181800BD4604B080BD000085
:10BF8000F0B589B002AF78607B6800221A704C4B24
:10BF90001B68FB604A4B1A681300DB009B189B0070
:10BFA0001800FEF74DF80300BB60BB68002B00D102
:10BFB00082E0F968BB6800221800FFF73BFA030033
:10BFC000FB6000237B616FE07A691300DB009B1844
:10BFD0009B001A00BB689B181B7B042B1DD89A0082
:10BFE000384BD3181B689F461323FB1858221A702E
:10BFF00018E01323FB1852221A7013E01323FB18C6
:10C0000042221A700EE01323FB1853221A7009E023
:10C010001323FB1844221A7004E01323FB18002298
:10C020001A70C0467A691300DB009B189B001A0047
:10C03000BB689B185A687B6811001800FFF776FFF1
:10C0400003007B601323FB181C787A691300DB0064
:10C050009B189B001A00BB689B181D697A69130026
:10C06000DB009B189B001A00BB689B181B8C1E00F2
:10C070007A691300DB009B189B001A00BB689B18B1
:10C080009B6811497868019300962B00220009F003
:10C0900069FB7B681800E4F741F802007B689B1895
:10C0A0007B607B6901337B617A69FB689A428BD341
:10C0B000BB681800FEF764F8C046BD4607B0F0BD87
:10C0C00040A3012094D7020884D7020880B588B025
:10C0D00000AF78607B6800221A703F4B1B68BB6121
:10C0E0003D4B1A681300DB009B189B001800FDF7FE
:10C0F000A7FF03007B617B69002B68D00C23FA1833
:10C10000B9697B691800FFF795F90300BB61FB680B
:10C1100064211800E4F71EF80300FB60FB68002BA5
:10C1200051D00023FB614AE0FA691300DB009B1841
:10C130009B001A007B699B189B69FA681100180024
:10C14000E4F708F803003B61FA691300DB009B1871
:10C150009B001A007B699B185A687B6811001800C5
:10C16000FFF7E4FE03007B603B69002B0ED0FA6909
:10C170001300DB009B189B001A007B699B189A69CF
:10C180003B691649786809F0EDFA0DE0FA69130089
:10C19000DB009B189B001A007B699B189A69104969
:10C1A0007B68180009F0DEFA7B681800E3F7B6FF39
:10C1B00002007B689B187B60FB690133FB61FA69B5
:10C1C000BB699A42B0D37B691800FDF7D9FFC0461E
:10C1D000BD4608B080BDC04640A30120A8D70208D4
:10C1E000B4D7020880B500AF064B1B68002B04D003
:10C1F000044B1B681A6D01321A65024B1B6818004C
:10C20000BD4680BD40A2012080B584B000AF7860FB
:10C210003960FDF785FE1C4B1B689B6D002B0ED112
:10C22000194B1B685C22012199543B68002B06D0F6
:10C230003B680121180000F0B7F9FDF761FEFDF73A
:10C2400081FEFDF76DFE104B1B689B6DFB60FB686C
:10C25000002B0CD07B68002B04D00B4B1B680022FA
:10C260009A6504E0084B1B68FA68013A9A65064B28
:10C270001B685C2200219954FDF764FEFB681800DE
:10C28000BD4604B080BDC04640A2012080B588B044
:10C2900000AFF860B9603B60FB1D1A700123FB61C1
:10C2A000FB68BB61FDF73CFE3B68002B03D0BB691C
:10C2B0009A6D3B681A601723FB18BA695C21525CBF
:10C2C0001A70BB695C2202219954FB1D1B78042B58
:10C2D00021D89A002A4BD3181B689F46BB699A6DD8
:10C2E000BB681A43BB699A6518E0BB699B6D5A1C11
:10C2F000BB699A6512E0BB69BA689A650EE01723BC
:10C30000FB181B78022B03D0BB69BA689A6505E05D
:10C310000023FB6102E0C04600E0C0461723FB1883
:10C320001B78012B25D1BB6904331800FDF742FDB2
:10C33000BB69DA6A134B1B689A4203D9BB69DA6A94
:10C34000104B1A60BB69DA6A13009B009B189B00B4
:10C350000D4A9A18BB69043319001000FDF7D2FC8E
:10C36000BB69DA6A094B1B68DB6A9A4201D9FDF79F
:10C37000C7FDFDF7E7FDFB691800BD4608B080BDAD
:10C38000C0D7020848A3012044A2012040A20120F6
:10C3900080B588B000AFF860B9603B60FB1D1A70D3
:10C3A0000123FB61FB68BB61FDF7DEFD03007B61E0
:10C3B0003B68002B03D0BB699A6D3B681A6013235E
:10C3C000FB18BA695C21525C1A70BB695C220221BD
:10C3D0009954FB1D1B78042B21D89A00354BD31898
:10C3E0001B689F46BB699A6DBB681A43BB699A6517
:10C3F00018E0BB699B6D5A1CBB699A6512E0BB696A
:10C40000BA689A650EE01323FB181B78022B03D041
:10C41000BB69BA689A6505E00023FB6102E0C0468B
:10C4200000E0C0461323FB181B78012B39D1224BA7
:10C430001B68002B1DD1BB6904331800FDF7BAFC43
:10C44000BB69DA6A1D4B1B689A4203D9BB69DA6A79
:10C450001A4B1A60BB69DA6A13009B009B189B0099
:10C46000174A9A18BB69043319001000FDF74AFCFB
:10C4700007E0BB6918331A00124B11001800FDF7D2
:10C4800041FCBB69DA6A104B1B68DB6A9A4208D927
:10C49000BB6A002B02D0BB6A01221A600B4B01223F
:10C4A0001A607B691800FDF765FDFB691800BD4641
:10C4B00008B080BDD4D7020868A3012048A301209A
:10C4C00044A2012000A3012040A2012054A3012086
:10C4D00080B586B000AF786039607B687B61FDF71E
:10C4E00043FD03003B610F203B187A695C21525CDD
:10C4F0001A707B695C22022199547B699B6D5A1CDE
:10C500007B699A653B181B78012B39D1204B1B683E
:10C51000002B1DD17B6904331800FDF74BFC7B69B0
:10C52000DA6A1C4B1B689A4203D97B69DA6A194B99
:10C530001A607B69DA6A13009B009B189B00164AFD
:10C540009A187B69043319001000FDF7DBFB07E044
:10C550007B6918331A00114B11001800FDF7D2FB4C
:10C560007B69DA6A0E4B1B68DB6A9A4208D93B6822
:10C57000002B02D03B6801221A600A4B01221A608C
:10C580003B691800FDF7F6FCC046BD4606B080BD0D
:10C5900068A3012048A3012044A2012000A3012098
:10C5A00040A2012054A3012080B584B000AF786080
:10C5B0003960214B1B68FB60204B1B68043318005B
:10C5C000FDF7F8FB7B6801330BD13B68002B08D0EB
:10C5D0001A4B1B681A1D1A4B11001800FDF792FB2D
:10C5E00026E0FA687B68D318BB60144B1B68BA68F6
:10C5F0005A60BA68FB689A4209D2124B1A680F4B0C
:10C600001B68043319001000FDF79EFB10E00E4B71
:10C610001A680A4B1B68043319001000FDF794FBDD
:10C620000A4B1B68BA689A4202D2084BBA681A6071
:10C63000C046BD4604B080BD44A3012040A20120F5
:10C640002CA30120FCA20120F8A2012060A301205C
:10C6500080B584B002AF00237B6000F0E3FA0A4BA0
:10C660001B68002B0BD0094A09490A480A4B019361
:10C67000032300930023FEF794FB03007B607B6899
:10C680001800BD4602B080BDA4A30120C40900006B
:10C69000E8D7020849C80108A8A3012090B589B0CD
:10C6A00002AFF860B9607A603B602C20FDF7C8FCEF
:10C6B00003007B617B69002B0ED07B69282200215F
:10C6C00099543C687A68B968F8687B690193BB6AD9
:10C6D0000093230000F005F87B691800BD4607B001
:10C6E00090BD80B584B000AFF860B9607A603B60FF
:10C6F000FB69002B1ED000F095FAFB69FA681A60FE
:10C70000FB69BA689A61FB693A68DA61FB69BA69E0
:10C710001A62FB6904331800FDF7E9FA7B68002B05
:10C7200008D0FB6928229B5C04221343D9B2FB6921
:10C7300028229954C046BD4604B080BD90B58BB048
:10C7400000AFF860B9607A603B6000237B621D4BEC
:10C750001B68002B30D014243B19BA681A603B19AF
:10C760007A685A603B19FA689A60BB68052B19DC35
:10C77000FFF7ACFA0300022B09D1124B1868BA6B11
:10C7800039190023FDF7ABFE03007B6214E00D4B6B
:10C7900018681423F91800230022FDF7A0FE0300F7
:10C7A0007B6209E0074B18683A681423F9180023E4
:10C7B000FDF72AFF03007B627B6A1800BD460BB0C1
:10C7C00090BDC046A4A3012080B586B002AF7860BA
:10C7D00039601C4B1B68DB68DB68FB60FB6804335B
:10C7E0001800FDF7E7FAFB6828229B5C1A00042377
:10C7F000134015D0FB689A697B68D1187B683A684A
:10C80000F86800F0BFF8031E13D07A68F8680023B8
:10C81000009300230021FFF791FF0300BB6008E0B5
:10C82000FB6828229B5C01229343D9B2FB68282233
:10C830009954FB681B6AFA6810009847C046BD46C9
:10C8400004B080BD9CA3012080B584B000AF7860A7
:10C850000823FB18180000F053F80300FB60BA68C7
:10C86000FB681100180000F003F800F0CDF8EFE7C6
:10C8700080B584B000AF78603960FEF72BFD0823E7
:10C88000FB18180000F05EF80300FB60BB68002B8B
:10C890002BD13B68002B0CD17A68FB689A4208D8F0
:10C8A000FEF724FDFA687B6811001800FFF78CFF83
:10C8B0001DE03B68002B08D00F4B1B681B68002B4A
:10C8C00001D1012300E000233B600C4B18687A681B
:10C8D000FB68D31A3A681900FEF730FAFEF706FD36
:10C8E000031E04D1FDF70CFB01E0FEF7FFFCC04680
:10C8F000BD4604B080BDC046A0A30120A4A3012072
:10C9000080B584B000AF78600D4B1B681B68002BAE
:10C9100001D1012200E000227B681A607B681B685D
:10C92000002B05D1064B1B68DB681B68FB6001E030
:10C930000023FB60FB681800BD4604B080BDC04604
:10C940009CA3012080B584B000AF7860FEF754FD51
:10C950000300FB600A4B1B68FA689A4205D200F09C
:10C9600009F97B6801221A6002E07B6800221A60E4
:10C97000034BFA681A60FB681800BD4604B080BD1E
:10C98000ACA3012080B586B000AFF860B9607A60D2
:10C990003B6000237B61FB68BA685A60FB68FA68F9
:10C9A0001A61BA687B689A4212D87A683B68D21AD0
:10C9B000FB689B699A4202D301237B611BE0104B09
:10C9C0001A68FB68043319001000FDF7BDF912E086
:10C9D0007A683B689A4206D2BA683B689A4202D3A8
:10C9E00001237B6107E0074B1A68FB6804331900D9
:10C9F0001000FDF7A9F97B691800BD4606B080BD9F
:10CA0000A0A301209CA3012090B58DB002AF9CE0B3
:10CA10000822BB181B68002B0ADABB1804337B62A0
:10CA20007B6A1A687B6A58687B6A9B681900904722
:10CA30000822BB181B68002B00DA86E0BB189B6835
:10CA40003B623B6A5B69002B04D03B6A04331800ED
:10CA5000FDF7B0F93B1D1800FFF774FF0300FB6101
:10CA60000823FB181B68092B6ED89A003F4BD3187C
:10CA70001B689F463B6A28229B5C01221343D9B264
:10CA80003B6A2822995408243B195A683B6A9B69DF
:10CA9000D1183B195B68FA69386AFFF773FF031E08
:10CAA00053D03B6A1B6A3A6A100098473B6A2822B7
:10CAB0009B5C1A000423134047D03B195A683B6A19
:10CAC0009B69D218386A0023009300230021FFF7E6
:10CAD00035FE0300BB6138E03B6A28229B5C0122E3
:10CAE0009343D9B23B6A282299542EE03B6A28220C
:10CAF0009B5C01221343D9B23B6A28229954082334
:10CB0000FB185A683B6A9A613B6A9A69FB69D118BB
:10CB1000FB69FA69386AFFF735FF16E03B6A28229D
:10CB20009B5C1A000223134004D13B6A1800FDF7F6
:10CB300027FB0AE03B6A28229B5C01229343D9B27F
:10CB40003B6A2822995400E0C046094B1B68082222
:10CB5000B91800221800FDF7F5FD031E00D057E7B5
:10CB6000C046C046BD460BB090BDC046F0D70208D7
:10CB7000A4A3012080B588B002AF3CE0274B1B681E
:10CB8000DB681B683B61254B1B68DB68DB68FB606F
:10CB9000FB6804331800FDF70DF9FB681B6AFA689F
:10CBA00010009847FB6828229B5C1A00042313405E
:10CBB00021D0FB689B693A69D318BB60BA683B69AE
:10CBC0009A420ED9FB68BA685A60FB68FA681A6123
:10CBD000124B1A68FB68043319001000FDF7B4F813
:10CBE00009E03A69F8680023009300230021FFF769
:10CBF000A5FD03007B60094B1B681B68002BBDD1A2
:10CC0000064B1B687B61064B1A68044B1A60044B89
:10CC10007A691A60C046BD4606B080BD9CA301205B
:10CC2000A0A3012080B500AFFDF77AF9144B1B6873
:10CC3000002B20D1134B1800FDF73BF8124B1800C6
:10CC4000FDF737F8114B0F4A1A60114B0E4A1A6064
:10CC5000002210210420FDF7DAFB0200084B1A60C5
:10CC6000074B1B68002B06D0054B1B68094A1100B7
:10CC70001800FEF73BF8FDF765F9C046BD4680BDDC
:10CC8000A4A3012074A3012088A301209CA3012058
:10CC9000A0A3012018D8020880B582B000AFFB1D08
:10CCA00000221A700B4B1A680A4B802149000A4374
:10CCB0001A60032000F016F8031E03D0FB1D0122AA
:10CCC0001A7001E000F008F8FB1D1B781800BD4643
:10CCD00002B080BD0020024080B500AFC046BD4616
:10CCE00080BD000090B585B000AF78600F23FB18C1
:10CCF00000221A701D4B1B78002B2BD01C4B1C687C
:10CD00001A4B1B781900FA239800E3F723FA030063
:10CD100019002000E3F71EFA0300180001F023FABF
:10CD2000031E12D17B68032B0AD8796801235B426A
:10CD30000022180001F0F2F90E4B7A681A600DE03B
:10CD40000F23FB1801221A7008E00F23FB180122A1
:10CD50001A7003E00F23FB1801221A700F23FB182F
:10CD60001B781800BD4605B090BDC04608020020E3
:10CD7000EC0100200402002080B500AF054B1B78B9
:10CD80001A00054B1B68D218034B1A60C046BD46FB
:10CD900080BDC04608020020B0A3012080B500AFCE
:10CDA000024B1B681800BD4680BDC046B0A30120E1
:10CDB00080B584B000AF7860FFF7F0FF0300BB6080
:10CDC0007B68FB60FB68013305D00A4B1B781A00B7
:10CDD000FB689B18FB60C046FFF7E0FF0200BB68E2
:10CDE000D31AFA689A42F7D8C046C046BD4604B086
:10CDF00080BDC0460802002080B500AF034B1B6811
:10CE00001B0C1B041B0C1800BD4680BD00580140C4
:10CE100080B500AF034B1B681B051B0D1800BD46FA
:10CE200080BDC0460058014080B582B000AF786038
:10CE300039607B681B68054A1A403B681A437B6867
:10CE40001A60C046BD4602B080BDC046FFFF3FFE2F
:10CE500080B582B000AF78607B681A68E0235B041D
:10CE600013401800BD4602B080BD80B584B000AF4D
:10CE7000F860B9607A60FB685B69BA6804210A40AF
:10CE8000072191400A00D2431A40BB6804210B409D
:10CE9000796899400B001A43FB685A61C046BD4649
:10CEA00004B080BD80B582B000AF786039607B6827
:10CEB0005B693A6804210A40072191400A001A4040
:10CEC0003B6804210B40DA4013001800BD4602B055
:10CED00080BD80B582B000AF78607B68DA68C0231F
:10CEE0001B01134001D1012300E000231800BD46BF
:10CEF00002B080BD80B584B000AFF860B9607A60E0
:10CF0000FB689B6ABA681F210A400F2191400A0002
:10CF1000D2431A407B689B0E0F211940BB681F202B
:10CF2000034099400B001A43FB689A62C046BD4615
:10CF300004B080BD80B582B000AF786039607B6896
:10CF40009A6A3B685B035B0B1A437B689A62C04634
:10CF5000BD4602B080BD80B582B000AF7860396058
:10CF60007B689B6A3A685203520BD2431A407B6833
:10CF70009A62C046BD4602B080BD000080B584B054
:10CF800000AFF860B9607A60FB685B69BA6812024A
:10CF9000D2431A40BB681B0279680B4004490B401E
:10CFA0001A43FB685A61C046BD4604B080BDC04606
:10CFB00000FFFF0780B582B000AF78607B689B6898
:10CFC000054A1340802252051A437B689A60C04686
:10CFD000BD4602B080BDC046E8FFFF6F80B582B09D
:10CFE00000AF78607B689A6880235B051A408023D5
:10CFF0005B059A4201D1012300E000231800BD46E1
:10D0000002B080BD80B582B000AF78607B689B685D
:10D01000044A134001221A437B689A60C046BD4609
:10D0200002B080BDE8FFFF7F80B582B000AF7860BE
:10D030007B689B68044A134002221A437B689A600B
:10D04000C046BD4602B080BDE8FFFF7F80B582B01C
:10D0500000AF78607B689B6801221340012B01D1EF
:10D06000012300E000231800BD4602B080BD80B55A
:10D0700082B000AF78607B689B6802221340022B6D
:10D0800001D1012300E000231800BD4602B080BD9D
:10D0900080B582B000AF78607B689B68044A13401B
:10D0A00004221A437B689A60C046BD4602B080BD28
:10D0B000E8FFFF7F80B582B000AF78607B689B6837
:10D0C000044A134010221A437B689A60C046BD464A
:10D0D00002B080BDE8FFFF7F80B582B000AF78600E
:10D0E0007B689B6804221340042B01D1012300E0DC
:10D0F00000231800BD4602B080BD000080B588B096
:10D1000000AF78601F23FB1800221A700023BB6158
:10D1100000237B610023FB607B68002B01D101238E
:10D120007FE17B689B6D002B0AD17B681800F6F7C6
:10D1300001F97B680022DA657B685422002199544A
:10D140007B681B681800FFF749FF031E15D17B6839
:10D150001B681800FFF72EFFB44B1B68B44918007A
:10D16000E2F7F8FF030001335B00FB6002E0FB68BD
:10D17000013BFB60FB68002BF9D17B681B68180042
:10D18000FFF72CFF031E0FD17B689B6D10221A4303
:10D190007B689A657B68DB6D01221A437B68DA65E0
:10D1A0001F23FB1801221A707B681B681800FFF709
:10D1B00093FF03003B617B689B6D1022134000D0FE
:10D1C00022E13B69002B00D01EE17B689B6D994AF0
:10D1D000134002221A437B689A657B681B6818001B
:10D1E000FFF734FF031E00D0ADE07B689A687B68D0
:10D1F0001B7E9B031A437B685B7EDB031A437B68C1
:10D200009B7E5B031A437B681B6B002B02D0802341
:10D210005B0100E000231A437B68DB681A437B68EC
:10D220001B69002B04DA7B681B695B005B0801E06B
:10D2300080239B031A437B682C215B5C5B001343B8
:10D24000BA691343BB617B6820229B5C012B15D11B
:10D250007B689B7E002B05D1BB6980225202134361
:10D26000BB610BE07B689B6D20221A437B689A654B
:10D270007B68DB6D01221A437B68DA657B685B6A39
:10D28000002B0AD07B685A6AE0235B001A407B6857
:10D290009B6A1343BA691343BB617B681B68DB68F5
:10D2A000654A134019007B681B68BA690A43DA6053
:10D2B0007B685B689B0F9A077B68DB6C13437A691A
:10D2C00013437B617B683C229B5C012B11D17B6803
:10D2D0005B689B0F9A077B681B6C1A437B685B6CCF
:10D2E0001A437B689B6C1A437B69134301221343E7
:10D2F0007B617B681B681B69504A134019007B687F
:10D300001B687A690A431A617B685A68C0231B0646
:10D310009A4218D07B685A688023DB059A4212D063
:10D320007B685A6880231B069A420CD0444B1B68CA
:10D33000444A134019007B685A68F0239B031A4043
:10D340003F4B0A431A607B6818687B685B6B1A0066
:10D350000021FFF78AFD7B6818687B689B6B3A4960
:10D360001A00FFF782FD7B681B69002B09D17B68DF
:10D370001B689A6A7B681B68102149420A439A62BB
:10D3800018E07B681A6980239B039A4212D17B685C
:10D390001B689B6A7B68DB69013B9B001C22134076
:10D3A000102252429A4011007B681A6E7B681B68FB
:10D3B0000A439A627B681B6800211800FFF772FD20
:10D3C00002007B685B6B9A420BD17B680022DA65B6
:10D3D0007B689B6D0322934301221A437B689A6505
:10D3E0001CE07B689B6D1222934310221A437B68DA
:10D3F0009A657B68DB6D01221A437B68DA651F231F
:10D40000FB1801221A7009E07B689B6D10221A43F9
:10D410007B689A651F23FB1801221A701F23FB18D3
:10D420001B781800BD4608B080BDC046EC01002046
:10D43000400D0300FDFEFFFF0102DEFF02FCFF1FA7
:10D4400008270140FFFFC3FF04FFFF07B0B584B00A
:10D4500000AF78607B681B681800FFF73DFE031E75
:10D4600035D17B6854229B5C012B01D1022335E02E
:10D470007B685422012199540F257C197B68180080
:10D4800000F028FB030023707B191B78002B19D1B7
:10D490007B689B6D134A1340802252001A437B68BD
:10D4A0009A657B680022DA657B681B681C221A601B
:10D4B0007B685422002199547B681B681800FFF791
:10D4C000E7FD08E07B6854220021995403E00F2314
:10D4D000FB1802221A700F23FB181B781800BD4698
:10D4E00004B0B0BDFEF0FFFFB0B584B000AF78600F
:10D4F0007B6854229B5C012B01D1022329E07B68CD
:10D500005422012199540F257C197B68180000F0E2
:10D510009FFA030023707B191B78002B12D17C1912
:10D520007B68180000F05CFB030023707B191B78FC
:10D53000002B07D17B689B6D084A134001221A43D8
:10D540007B689A657B685422002199540F23FB184D
:10D550001B781800BD4604B0B0BDC046FEFEFFFFFC
:10D5600080B584B000AF786039607B685B69082B58
:10D5700002D10823FB600FE07B681B68DB68012297
:10D58000134007D07B689B6D20221A437B689A6505
:10D59000012372E00423FB60FFF700FC0300BB6083
:10D5A0001FE03B6801331CD0FFF7F8FB0200BB68AB
:10D5B000D31A3A689A4202D33B68002B11D17B6898
:10D5C0001B681B68FA6813400BD17B689B6D0422B3
:10D5D0001A437B689A657B6854220021995403237F
:10D5E0004BE07B681B681B68FA681340D9D07B68E6
:10D5F0009B6D802292001A437B689A657B681B684A
:10D600001800FFF766FC031E2ED07B689B7E002B64
:10D610002AD17B681B681B6808221340082B23D182
:10D620007B681B681800FFF757FD031E10D17B684D
:10D630001B685A687B681B680C218A435A607B68A8
:10D640009B6D104A134001221A437B689A650BE0D8
:10D650007B689B6D20221A437B689A657B68DB6D33
:10D6600001221A437B68DA657B681B7E002B03D19D
:10D670007B681B680C221A6000231800BD4604B0AA
:10D6800080BDC046FEFEFFFF80B582B000AF78606F
:10D690007B681B681B6C1800BD4602B080BD000093
:10D6A00080B586B000AF786039601723FB18002280
:10D6B0001A700023FB607B6854229B5C012B01D114
:10D6C0000223C0E17B685422012199547B681B68C6
:10D6D0001800FFF701FD031E00D0A3E13B685B6863
:10D6E000022B00D143E17B681A6980231B069A4212
:10D6F00004D07B681B69C14A934208D17B681A68D1
:10D700003B681B6819001000FFF714FCC9E07B6838
:10D710001A6E3B685B681F210B400F2199400B007C
:10D72000DB43134019003B681B685B035B0B05D1AF
:10D730003B681B689B0E1F22134098E03B681B68E8
:10D740000122134000D091E03B681B680222134085
:10D7500000D089E03B681B680422134000D081E0C0
:10D760003B681B680822134000D079E03B681B68C7
:10D770001022134000D071E03B681B682022134048
:10D7800000D069E03B681B684022134000D061E094
:10D790003B681B688022134000D059E03B681A6840
:10D7A00080235B00134051D13B681A6880239B00A3
:10D7B000134049D13B681A688023DB00134041D1F4
:10D7C0003B681A6880231B01134039D13B681A68F3
:10D7D00080235B01134031D13B681A6880239B0191
:10D7E000134029D13B681A688023DB01134021D103
:10D7F0003B681A6880231B02134019D13B681A68E2
:10D8000080235B02134011D13B681A6880239B027E
:10D81000134009D13B681A688023DB02134001D012
:10D82000122324E0002322E0112320E010231EE035
:10D830000F231CE00E231AE00D2318E00C2316E042
:10D840000B2314E00A2312E0092310E008230EE062
:10D8500007230CE006230AE0052308E0042306E082
:10D86000032304E0022302E0012300E000233A68DE
:10D8700052681F20024093400A001A437B681A66D0
:10D880003B685B689B085A1C7B68DB699A4208D836
:10D890007B6818683B6859683B681B681A00FFF78B
:10D8A00029FB7B6818683B6819683B689B681A000D
:10D8B000FFF764FB3B681B68002B00DBBCE0504BB0
:10D8C0001800FFF7C5FA03003B613B681B684D4A2F
:10D8D000934222D13A6980231B0413401DD13B6936
:10D8E000802212041343464A19001000FFF79CFAE5
:10D8F000454B1B6845491800E2F72CFC03005A1CF5
:10D9000013005B009B189B00FB6002E0FB68013B7F
:10D91000FB60FB68002BF9D18EE03B681B683C4A3A
:10D9200093420ED13A6980235B04134009D13B69CD
:10D93000802252041343324A19001000FFF774FA90
:10D940007AE03B681B68334A934200D074E03A693E
:10D950008023DB03134000D06EE03B698022D203BA
:10D960001343274A19001000FFF75EFA64E07B6852
:10D970001A6980231B069A4204D07B681B691F4AE0
:10D98000934207D17B681A683B681B681900100036
:10D99000FFF7E1FA3B681B68002B4DDA184B1800C3
:10D9A000FFF756FA03003B613B681B68154A934238
:10D9B00008D13B69184A1340114A19001000FFF7BB
:10D9C00033FA39E03B681B68114A934208D13B693E
:10D9D000124A13400A4A19001000FFF725FA2BE0FB
:10D9E0003B681B680B4A934226D13B690C4A1340A3
:10D9F000034A19001000FFF717FA1DE00400008029
:10DA000008270140001000B0EC010020400D030089
:10DA1000004000B8002000B4FFFF7FFFFFFFFFFEC3
:10DA2000FFFFBFFF7B689B6D20221A437B689A65CE
:10DA30001723FB1801221A707B6854220021995485
:10DA40001723FB181B781800BD4606B080BDC046E2
:10DA500080B584B000AF78607B681B681800FFF762
:10DA60003BFB031E31D07B681B681800FFF7FFFAF1
:10DA7000031E04D17B681B681800FFF71BFBFFF730
:10DA80008DF90300FB601AE0FFF788F90200FB68DC
:10DA9000D31A022B13D97B681B689B68042213409E
:10DAA0000DD07B689B6D10221A437B689A657B685A
:10DAB000DB6D01221A437B68DA65012306E07B688F
:10DAC0001B689B6804221340DED100231800BD466A
:10DAD00004B080BD80B584B000AF78600023BB6027
:10DAE0007B681B681800FFF7B1FA031E00D069E0DD
:10DAF0007B681B689B68364A13400DD07B689B6D22
:10DB000010221A437B689A657B68DB6D01221A43F9
:10DB10007B68DA65012356E07B681B681800FFF715
:10DB200071FA2C4B1800FFF793F9020080231B04B5
:10DB300013400FD0284B1B6828491800E2F70AFB56
:10DB400003000133BB6002E0BB68013BBB60BB6804
:10DB5000002BF9D17B685B7E012B33D0FFF71EF9D8
:10DB60000300FB6027E07B681B681800FFF76EFA74
:10DB7000031E04D17B681B681800FFF743FAFFF708
:10DB80000DF90200FB68D31A022B14D97B681B68BD
:10DB90001B6801221340012B0DD07B689B6D102266
:10DBA0001A437B689A657B68DB6D01221A437B68A8
:10DBB000DA65012307E07B681B681B6801221340BC
:10DBC000012BD0D100231800BD4604B080BDC04653
:10DBD0001700008008270140EC010020400D0300E1
:10DBE00080B584B000AF78607B681B681800FFF7D1
:10DBF0003EFA0300FB607B681B681800FFF726FAFB
:10DC0000031E46D0FB68002B43D17B681B689B68D2
:10DC100005221340012B0DD17B681B681800FFF70C
:10DC200003FA7B681B6803221A60FFF7B7F803004A
:10DC3000BB6028E07B689B6D10221A437B689A6565
:10DC40007B68DB6D01221A437B68DA65012321E0E2
:10DC5000FFF7A4F80200BB68D31A022B13D97B6824
:10DC60001B689B68012213400DD07B689B6D1022BE
:10DC70001A437B689A657B68DB6D01221A437B68D7
:10DC8000DA65012306E07B681B689B68012213406C
:10DC9000DED100231800BD4604B080BD80B582B03F
:10DCA00000AF78607B681A68F0239B03134018006C
:10DCB000BD4602B080BD80B582B000AF78607B68A1
:10DCC0001B699B0F9B071800BD4602B080BD80B545
:10DCD00082B000AF786039607B68B4229B587F22A5
:10DCE00093431A003B681A437B68B4215A50C046DC
:10DCF000BD4602B080BD80B582B000AF78607B6861
:10DD0000B4229B587F2213401800BD4602B080BD4C
:10DD100080B582B000AF78607B689B68044A13408E
:10DD200001221A437B689A60C046BD4602B080BD9E
:10DD3000E8FFFF7F80B582B000AF78607B689B68AA
:10DD4000044A134002221A437B689A60C046BD46CB
:10DD500002B080BDE8FFFF7F80B582B000AF786081
:10DD60007B689B6801221340012B01D1012300E055
:10DD700000231800BD4602B080BD000080B582B00F
:10DD800000AF78607B689B68054A134080221206CA
:10DD90001A437B689A60C046BD4602B080BDC0464B
:10DDA000E8FFFF7F80B582B000AF78607B689B683A
:10DDB000DB0FDA0780231B069A4201D1012300E022
:10DDC00000231800BD4602B080BD000090B58BB0A6
:10DDD00000AF78600023FB6000233B627B68542225
:10DDE0009B5C012B01D10223DDE07B6854220121E1
:10DDF00099541F23FC187B681800FFF7F1FE0300FD
:10DE000023707B681B681800FFF7A6FF031E00D075
:10DE1000BCE07B689B6D664A134002221A437B6814
:10DE20009A657B681B68DB68624A1340BB617B684C
:10DE30001B68DA687B681B685F490A40DA60002368
:10DE40007B622DE07B681B681800FFF797FF14E0EA
:10DE5000FB680133FB60FB68584A93420DD97B682D
:10DE60009B6D1222934310221A437B689A657B684C
:10DE7000542200219954012395E07B681B68180007
:10DE8000FFF790FF031EE3D17B681B681800FFF7C4
:10DE900032FF02003B6A9B183B627B6A01337B6264
:10DEA0007B6A072BCED9796A386AE2F753F9030007
:10DEB0003B627B681B681800FFF72AFF7B681B68C2
:10DEC0001800FFF7F8FE031E1BD13D4B1800FFF7AB
:10DED000E5FE03007B617A69E0235B039A4210D37D
:10DEE0007B699B0C033B01229A401300BB60BB681B
:10DEF0005B08BB6002E0BB68013BBB60BB68002BFA
:10DF0000F9D17B681B683A6A11001800FFF7DFFE41
:10DF10007B681B681800FFF70DFFFEF73FFF03004B
:10DF20003B611BE0FEF73AFF02003B69D31A022B6C
:10DF300014D97B681B681800FFF70EFF031E0DD075
:10DF40007B689B6D10221A437B689A657B68DB6D4A
:10DF500001221A437B68DA65012324E07B681B6891
:10DF60001800FFF7F9FE031EDCD17B681B68D96837
:10DF70007B681B68BA690A43DA607B689B6D032281
:10DF8000934301221A437B689A6505E07B689B6D89
:10DF900010221A437B689A657B68542200219954A9
:10DFA0001F23FB181B781800BD460BB090BDC04660
:10DFB000FDFEFFFF03800000FC7FFFFFFFF102007A
:10DFC0000827014080B582B000AF0200FB1D1A7027
:10DFD000FB1D1B787F2B09D8FB1D1B781A001F2304
:10DFE0001A40044B012191400A001A60C046BD4608
:10DFF00002B080BD00E100E090B583B000AF020048
:10E000003960FB1D1A70FB1D1B787F2B28D82F4A07
:10E01000FB1D1B785BB29B08C0339B009B58FA1D0D
:10E020001278110003220A40D200FF2191400A0019
:10E03000D2431A4011003B689B01FF221A40FB1D8E
:10E040001B78180003230340DB009A401F48FB1D88
:10E050001B785BB29B080A43C0339B001A5031E027
:10E060001B4AFB1D1B7819000F230B40083B9B0824
:10E0700006339B00D31804331B68FA1D1278110075
:10E0800003220A40D200FF2191400A00D2431A40E5
:10E0900011003B689B01FF221A40FB1D1B781800F2
:10E0A00003230340DB009A400948FB1D1B781C003A
:10E0B0000F232340083B9B080A4306339B00C318E9
:10E0C00004331A60C046BD4603B090BD00E100E0D5
:10E0D00000ED00E080B582B000AF78607B685A1E2A
:10E0E00080235B049A4201D3012310E00A4B7A6833
:10E0F000013A5A6001235B4203211800FFF77CFFBD
:10E10000054B00229A60044B07221A600023180076
:10E11000BD4602B080BDC04610E000E080B584B0CE
:10E1200000AFB9607A600F217B18021C1A70BA68C0
:10E130007B181B785BB211001800FFF75DFFC0462B
:10E14000BD4604B080BD80B582B000AF0200FB1DAB
:10E150001A70FB1D1B785BB21800FFF733FFC04637
:10E16000BD4602B080BD80B582B000AF78607B68EC
:10E170001800FFF7AFFF03001800BD4602B080BDD6
:10E1800080B582B000AF78607B68002B01D101239D
:10E1900056E07B685B7FDBB2002B06D17B680022F8
:10E1A0001A777B681800F4F739FC7B6802225A77EB
:10E1B0007B681B79002B0CD17B681B68224A5A6153
:10E1C0007B681B689A687B681B6818218A439A6081
:10E1D0000BE07B6899687B68DA687B68180000F060
:10E1E00093F9031E01D001232AE07B685B79002BA1
:10E1F00005D17B681B68012252421A6104E07B68EA
:10E200001B687A6812691A617B681B689B686022C8
:10E21000934319007B685A697B681B680A439A60BC
:10E220007B681B689B688022934319007B689A690E
:10E230007B681B680A439A607B6801225A77002337
:10E240001800BD4602B080BDB71DC10480B586B0C0
:10E2500000AFF860B9607A6000233B61FB6802227E
:10E260005A77FB681B6A032B05D02DD8012B19D0D8
:10E27000022B20D028E000237B610AE07B699B0011
:10E28000BA68D218FB681B6812681A607B69013390
:10E290007B617A697B689A42F0D3FB681B681B68D4
:10E2A0003B6112E07A68B968FB68180000F064F816
:10E2B00003003B6109E07A68B968FB68180000F068
:10E2C000ECF803003B6100E0C046FB6801225A778E
:10E2D0003B691800BD4606B080BD80B586B000AF72
:10E2E000F860B9607A6000233B61FB6802225A77CC
:10E2F000FB681B689A68FB681B6801210A439A60E7
:10E30000FB681B6A032B05D02DD8012B19D0022BDB
:10E3100020D028E000237B610AE07B699B00BA687B
:10E32000D218FB681B6812681A607B6901337B6135
:10E330007A697B689A42F0D3FB681B681B683B6173
:10E3400012E07A68B968FB68180000F015F803005D
:10E350003B6109E07A68B968FB68180000F09DF835
:10E3600003003B6100E0C046FB6801225A773B692D
:10E370001800BD4606B080BD80B588B000AFF8601B
:10E38000B9607A600023FB6123E0FB699B00BA68F7
:10E39000D3181B781A06FB699B000133B968CB18A8
:10E3A0001B781B041A43FB699B000233B968CB1826
:10E3B0001B781B021A43FB699B000333B968CB1817
:10E3C0001B781900FB681B680A431A60FB6901335C
:10E3D000FB617B689B08FA699A42D6D37B6803226B
:10E3E000134053D07B6803221340012B07D1FB69F4
:10E3F0009B00BA68D218FB681B6812781A707B6899
:10E4000003221340022B19D1FB699B00BA68D31871
:10E410001B781B021AB2FB699B000133B968CB1849
:10E420001B781BB213431AB21A217B181A80FB689F
:10E430001B687B617B697A1812881A807B680322CB
:10E440001340032B22D1FB699B00BA68D3181B78B9
:10E450001B021AB2FB699B000133B968CB181B7809
:10E460001BB213431AB21A217B181A80FB681B686F
:10E470007B617B697A1812881A80FB699B000233E2
:10E48000BA68D218FB681B6812781A70FB681B68A0
:10E490001B681800BD4608B080BD80B586B000AFCF
:10E4A000F860B9607A6000237B6113E07B699B00B0
:10E4B000BA68D3181B881A047B699B000233B968B9
:10E4C000CB181B881900FB681B680A431A607B691C
:10E4D00001337B617B685B087A699A42E6D37B688B
:10E4E0000122134009D0FB681B683B617B699B00DC
:10E4F000BA68D3181A883B691A80FB681B681B68C6
:10E500001800BD4606B080BD80B586B000AFF8608B
:10E51000B9607A6017217B1800221A701F233B61B3
:10E52000BB680122134003D17B1801221A7045E019
:10E53000C0463B695A1E3A61002B08D03B691F2236
:10E540001340BA68DA40130001221340F1D07B680F
:10E55000182B0FD07B68182B24D87B68102B11D078
:10E560007B68102B1ED87B68002B20D07B68082B83
:10E5700010D017E03B69062B1BD91723FB1801228B
:10E580001A7016E03B69072B15D91723FB180122D7
:10E590001A7010E03B690F2B0FD91723FB180122CB
:10E5A0001A700AE01723FB1801221A7006E0C04611
:10E5B00004E0C04602E0C04600E0C0461723FB1856
:10E5C0001B78002B0ED1FB681B68BA685A61FB6888
:10E5D0001B689B68182293431900FB681B687A68C4
:10E5E0000A439A601723FB181B781800BD4606B033
:10E5F00080BD000080B582B000AF78607B68002BE2
:10E6000001D1012391E07B681B681A00494B9A42B3
:10E6100010D87B681B68484A94466344142118004C
:10E62000E1F798FD03009A007B685A647B68434ACF
:10E630001A640FE07B681B68414A944663441421C6
:10E640001800E1F787FD03009A007B685A647B6835
:10E650003C4A1A647B682522022199547B681B6816
:10E660001A687B681B6838490A401A607B681B6817
:10E6700019687B689A687B68DB681A437B681B694A
:10E680001A437B685B691A437B689B691A437B6802
:10E69000DB691A437B681B6A1A437B681B680A4361
:10E6A0001A607B68180000F0A9FA7B689A688023DA
:10E6B000DB019A4202D17B6800225A607B685A686B
:10E6C0007B689B6C7F210A401A607B68DB6C7A68F0
:10E6D000126D5A607B685B68002B11D07B685B68A9
:10E6E000042B0DD87B68180000F0D2FA7B685B6DB4
:10E6F00000221A607B689B6D7A68D26D5A6008E0D0
:10E700007B6800225A657B6800229A657B6800223C
:10E71000DA657B680022DA637B682522012199543F
:10E720007B6824220021995400231800BD4602B0C2
:10E7300080BDC04607040240F8FFFDBF0000024054
:10E74000F8FBFDBF000402400F80FFFF80B586B0DC
:10E7500000AFF860B9607A603B601723FB180022B5
:10E760001A70FB6824229B5C012B01D102236FE00D
:10E77000FB68242201219954FB6825229B5CDBB2B3
:10E78000012B57D1FB68252202219954FB680022F6
:10E79000DA63FB681B681A68FB681B6801218A43FF
:10E7A0001A603B687A68B968F86800F0EBF9FB68B2
:10E7B0001B6B002B08D0FB681B681A68FB681B6882
:10E7C0000E210A431A600FE0FB681B681A68FB6899
:10E7D0001B6804218A431A60FB681B681A68FB687F
:10E7E0001B680A210A431A60FB689B6C1A68802325
:10E7F0005B02134008D0FB689B6C1A68FB689B6C3B
:10E80000802149000A431A60FB685B6D002B08D029
:10E81000FB685B6D1A68FB685B6D802149000A43E9
:10E820001A60FB681B681A68FB681B6801210A43B1
:10E830001A600AE0FB688022DA63FB682422002168
:10E8400099541723FB1801221A701723FB181B7801
:10E850001800BD4606B080BD80B582B000AF7860BC
:10E860007B68002B01D101234FE07B6825229B5C54
:10E87000DBB2022B08D07B680422DA637B68242297
:10E8800000219954012340E07B681B681A687B686B
:10E890001B680E218A431A607B689B6C1A687B6830
:10E8A0009B6C1C490A401A607B681B681A687B686D
:10E8B0001B6801218A431A607B685B6C1C221A402A
:10E8C0007B681B6C012191400A005A607B68DB6CFD
:10E8D0007A68126D5A607B685B6D002B0CD07B6888
:10E8E0005B6D1A687B685B6D0A490A401A607B6839
:10E8F0009B6D7A68D26D5A607B68252201219954FC
:10E900007B6824220021995400231800BD4602B0E0
:10E9100080BDC046FFFEFFFF80B584B000AF7860C9
:10E920000F217B1800221A707B6825229B5CDBB2CA
:10E93000022B06D07B680422DA637B1801221A704E
:10E9400048E07B681B681A687B681B680E218A4355
:10E950001A607B681B681A687B681B6801218A4300
:10E960001A607B689B6C1A687B689B6C1D490A4027
:10E970001A607B685B6C1C221A407B681B6C01214F
:10E9800091400A005A607B68DB6C7A68126D5A60AD
:10E990007B685B6D002B0CD07B685B6D1A687B68B5
:10E9A0005B6D10490A401A607B689B6D7A68D26D76
:10E9B0005A607B682522012199547B68242200211A
:10E9C00099547B689B6B002B04D07B689B6B7A68A7
:10E9D000100098470F23FB181B781800BD4604B0A1
:10E9E00080BDC046FFFEFFFF80B584B000AF7860F9
:10E9F0007B681B6C1B68FB607B681B681B68BB60CB
:10EA00007B685B6C1C22134004229A401300FA6856
:10EA1000134026D0BB680422134022D07B681B68B9
:10EA20001B682022134007D17B681B681A687B682B
:10EA30001B6804218A431A607B685B6C1C221A40A5
:10EA40007B681B6C042191400A005A607B681B6B39
:10EA5000002B00D180E07B681B6B7A681000984720
:10EA60007AE07B685B6C1C22134002229A40130000
:10EA7000FA6813403CD0BB680222134038D07B6850
:10EA80001B681B68202213400BD17B681B681A6827
:10EA90007B681B680A218A431A607B682522012152
:10EAA00099547B681B681A002E4B9A4209D97B68DF
:10EAB0005B6C1C221A402C4B022191400A005A60C8
:10EAC00008E07B685B6C1C221A40284B02219140B5
:10EAD0000A005A607B682422002199547B68DB6A13
:10EAE000002B39D07B68DB6A7A681000984733E0E6
:10EAF0007B685B6C1C22134008229A401300FA6862
:10EB000013402AD0BB680822134026D07B681B68BC
:10EB10001A687B681B680E218A431A607B685B6CED
:10EB20001C221A407B681B6C012191400A005A602C
:10EB30007B680122DA637B682522012199547B6876
:10EB40002422002199547B685B6B002B05D07B68E5
:10EB50005B6B7A6810009847C046C046BD4604B05B
:10EB600080BDC04680000240000402400000024018
:10EB700080B582B000AF78607B68DB6B1800BD4663
:10EB800002B080BD80B584B000AFF860B9607A6033
:10EB90003B60FB68DB6CFA68126D5A60FB685B6D6A
:10EBA000002B04D0FB689B6DFA68D26D5A60FB683D
:10EBB0005B6C1C221A40FB681B6C012191400A000F
:10EBC0005A60FB681B683A685A60FB689B68102BA8
:10EBD00008D1FB681B687A689A60FB681B68BA6892
:10EBE000DA6007E0FB681B68BA689A60FB681B681C
:10EBF0007A68DA60C046BD4604B080BD80B584B096
:10EC000000AF78607B681B681A001D4B9A4214D8CD
:10EC10007B685B6C9B089B001A4A9A187B689A6415
:10EC20007B681B681A00FF231340083B142118005F
:10EC3000E1F790FA0300FB6014E07B685B6C9B08D3
:10EC40009B00114A9A187B689A647B681B681A00BB
:10EC5000FF231340083B14211800E1F77BFA03005F
:10EC60000733FB607B68094ADA64FB681F221340A4
:10EC700001229A407B681A65C046BD4604B080BD3B
:10EC800007040240000802401C08024080080240BD
:10EC900080B584B000AF78607B685B687F221340EA
:10ECA000FB60FB680A4A944663449B001A007B6839
:10ECB0005A657B68074A9A65FB68013B032213404B
:10ECC00001229A407B68DA65C046BD4604B080BD2B
:10ECD0003F82001040090240B0B586B000AFF86036
:10ECE000B9603A607B60214B1B78012B01D1022374
:10ECF00038E01E4B01221A701C4B00225A60172567
:10ED00007C19FA239B00180000F07AF803002370A6
:10ED10007B191B78002B1FD1FB68012B06D13A68A9
:10ED20007B68B968080000F0B9F805E03A68BB688C
:10ED3000110018000BF024FE1723FC18FA239B0087
:10ED4000180000F05DF803002370094B5A69FB6856
:10ED5000D943074B0A405A61044B00221A7017230B
:10ED6000FB181B781800BD4606B0B0BDB4A3012047
:10ED70000020024080B582B000AFFB1D00221A7057
:10ED80000B4B5B69002B0CDA094B0A4A9A60084B63
:10ED9000094A9A60064B5B69002B02DAFB1D0122CF
:10EDA0001A70FB1D1B781800BD4602B080BDC0461E
:10EDB0000020024023016745AB89EFCD80B582B0CA
:10EDC00000AFFB1D01221A70FA239B00180000F00F
:10EDD00017F80A4B5A69094B802109060A435A6100
:10EDE000064B5B69002B02DAFB1D00221A70FB1D2B
:10EDF0001B781800BD4602B080BDC046002002400E
:10EE000080B584B000AF7860FDF7C8FF0300FB60F9
:10EE1000C0239B02BB600CE07B68013309D0FDF787
:10EE2000BDFF0200FB68D31A7A689A4201D8032317
:10EE300028E0164B1B69BA681340EDD1134B1B69D0
:10EE4000134A1340BB60114B124A1A61BB68002B76
:10EE500011D0114BBA685A60012313E07B6801336B
:10EE600009D0FDF79BFF0200FB68D31A7A689A422B
:10EE700001D8032306E0054B1A698023DB02134007
:10EE8000ECD100231800BD4604B080BD0020024034
:10EE9000FAC30000FBC30800B4A30120B0B584B0DE
:10EEA00000AFF8603A607B600B4B5A690A4B012156
:10EEB0000A435A61FB683A681A60BFF36F8FC04615
:10EEC0007B681C0000231D00FB68043322001A60CD
:10EED000C046BD4604B0B0BD00200240B0B584B00D
:10EEE00000AF78603960334B1B78012B01D10223CE
:10EEF0005CE0304B01221A702E4B00225A600F2525
:10EF00007C19FA239B001800FFF77AFF0300237097
:10EF10002C003B191B78002B42D17B681B68042B0B
:10EF20000DD17B685B68180000F048F83C19FA23A3
:10EF30009B001800FFF764FF0300237030E03B687C
:10EF4000012252421A607B689B68BB601AE07B68B2
:10EF50005B68BA681100180000F044F80F257C19AE
:10EF6000FA239B001800FFF74BFF030023707B1967
:10EF70001B78002B03D03B68BA681A600AE0BB68B4
:10EF80000133BB607B689A687B68DB68D318BA681A
:10EF90009A42DCD3084B5A69074B02218A435A61D3
:10EFA000044B00221A700F23FB181B781800BD4673
:10EFB00004B0B0BDB4A301200020024080B582B0EF
:10EFC00000AF7860064B5A697B681A43044B802176
:10EFD00049020A435A61C046BD4602B080BDC046E0
:10EFE0000020024080B584B000AF786039600F4BDC
:10EFF0005B690F4A1340FB607B68042B05D0FB68FC
:10F00000802292011343FB6003E0FB68094A13402E
:10F01000FB603B68DA00FB681A43044B06490A436D
:10F020005A61C046BD4604B080BDC04600200240C3
:10F0300007E0FFFFFFDFFFFF0200010080B586B0A1
:10F0400000AF7860396000237B614DE13B681B684D
:10F0500001217A6991400A001340FB60FB68002B94
:10F0600000D13EE13B685B6803221340012B05D0D1
:10F070003B685B6803221340022B30D17B689B689E
:10F080003B617B695B0003229A401300DA433B69D2
:10F0900013403B613B68DA687B695B009A40130070
:10F0A0003A6913433B617B683A699A607B685B68A5
:10F0B0003B6101227B699A401300DA433B691340AC
:10F0C0003B613B685B681B0901221A407B699A40DF
:10F0D00013003A6913433B617B683A695A603B68A5
:10F0E0005B6803221340032B17D07B68DB683B610E
:10F0F0007B695B0003229A401300DA433B691340AB
:10F100003B613B689A687B695B009A4013003A69EF
:10F1100013433B617B683A69DA603B685B680322B2
:10F120001340022B23D17B69DA087B6808329200F6
:10F13000D3583B617B69072213409B000F229A4002
:10F140001300DA433B6913403B613B681A697B69F2
:10F1500007210B409B009A4013003A6913433B611F
:10F160007B69DA087B68083292003969D1507B6884
:10F170001B683B617B695B0003229A401300DA4302
:10F180003B6913403B613B685B6803221A407B6923
:10F190005B009A4013003A6913433B617B683A690C
:10F1A0001A603B685A68C0239B02134000D198E064
:10F1B000534A7B699B0818339B009B583B617B69D2
:10F1C00003221340DB000F229A401300DA433B690D
:10F1D00013403B617A68A023DB059A4219D07B6813
:10F1E000484A934213D07B68474A93420DD07B68CC
:10F1F000464A934207D07B68454A934201D1042393
:10F2000008E0052306E0032304E0022302E00123D3
:10F2100000E000237A6903210A40D20093403A6952
:10F2200013433B6136497B699B0818339B003A695D
:10F230005A50334B1B683B61FB68DA433B69134010
:10F240003B613B685A6880235B03134003D03A69F3
:10F25000FB6813433B612A4B3A691A60284B5B6891
:10F260003B61FB68DA433B6913403B613B685A688A
:10F2700080239B03134003D03A69FB6813433B612F
:10F280001F4B3A695A601E4A8423D3583B61FB687E
:10F29000DA433B6913403B613B685A6880239B0219
:10F2A000134003D03A69FB6813433B61144984223D
:10F2B0003B698B50124A8023D3583B61FB68DA4389
:10F2C0003B6913403B613B685A6880235B021340F3
:10F2D00003D03A69FB6813433B61094980223B69CB
:10F2E0008B507B6901337B613B681A687B69DA402C
:10F2F000131E00D0AAE6C046C046BD4606B080BD7B
:10F30000001802400004005000080050000C00509B
:10F310000010005080B584B000AF78600A00BB1CBC
:10F320001A807B681B69BA1C1288134004D00F2313
:10F33000FB1801221A7003E00F23FB1800221A7039
:10F340000F23FB181B781800BD4604B080BD80B5A4
:10F3500082B000AF786008001100BB1C021C1A804C
:10F360007B1C0A1C1A707B1C1B78002B04D0BB1C56
:10F370001A887B689A6103E0BB1C1A887B689A62D2
:10F38000C046BD4602B080BD80B584B000AF786095
:10F390000A00BB1C1A807B685B69FB60BB1C1B8876
:10F3A000FA6813401A04FB68DB43B91C09880B4058
:10F3B0001A437B689A61C046BD4604B080BD000018
:10F3C00080B582B000AF0200BB1D1A80104BDB6815
:10F3D000BA1D1288134008D00D4BBA1D1288DA608E
:10F3E000BB1D1B88180000F015F8094B1B69BA1DDE
:10F3F0001288134008D0064BBA1D12881A61BB1D33
:10F400001B88180000F010F8C046BD4602B080BD51
:10F410000018024080B582B000AF0200BB1D1A8008
:10F42000C046BD4602B080BD80B582B000AF0200CC
:10F43000BB1D1A80C046BD4602B080BD80B582B0FB
:10F4400000AF78607B68002B01D101238FE07B68DF
:10F4500041229B5CDBB2002B07D17B68402200215C
:10F4600099547B681800F3F769FE7B6841222421D8
:10F4700099547B681B681A687B681B6801218A4362
:10F480001A607B685A687B681B683B490A401A61AE
:10F490007B681B689A687B681B6838490A409A60D9
:10F4A0007B68DB68012B08D17B689A687B681B68E6
:10F4B000802109020A439A6007E07B689A687B68AA
:10F4C0001B68842109020A439A607B68DB68022B6F
:10F4D00009D17B681B685A687B681B688021090119
:10F4E0000A435A6007E07B681B685A687B681B68A0
:10F4F00023490A405A607B681B685A687B681B680E
:10F5000020490A435A607B681B68DA687B681B687D
:10F510001A490A40DA607B681A697B685B691A439A
:10F5200011007B689B691A027B681B680A43DA60DA
:10F530007B68D9697B681A6A7B681B680A431A6012
:10F540007B681B681A687B681B6801210A431A6084
:10F550007B6800225A647B684122202199547B6891
:10F5600000221A637B68422200219954002318006C
:10F57000BD4602B080BDC046FFFFFFF0FF7FFFFF2A
:10F58000FFF7FFFF0080000290B589B002AFF8607E
:10F5900008007A6019000A23FB18021C1A8008234D
:10F5A000FB180A1C1A80FB6841229B5CDBB2202BF3
:10F5B00000D00AE1FB6840229B5C012B01D10223B1
:10F5C00004E1FB68402201219954FDF7E7FB0300A9
:10F5D0003B6180231902F8683B69009319230122DB
:10F5E00000F026FA031E01D00123EFE0FB68412260
:10F5F00021219954FB68422210219954FB68002272
:10F600005A64FB687A685A62FB680822BA18128842
:10F610005A85FB6800225A63FB685B8D9BB2FF2B07
:10F6200006D9FB68FF221A8580235B047B6107E013
:10F63000FB685B8D9AB2FB681A8580239B047B6113
:10F64000FB681B8D002B27D0FB685B6A1A78FB6870
:10F650001B689A62FB685B6A5A1CFB685A62FB680B
:10F660005B8D9BB2013B9AB2FB685A85FB681B8D90
:10F67000013B9AB2FB681A85FB681B8DDBB2013334
:10F68000DAB27C690A23FB181988F868514B009399
:10F69000230000F04DFC6FE0FB681B8DDAB27C6943
:10F6A0000A23FB181988F8684A4B0093230000F0DE
:10F6B0003FFC61E03A69B96AFB68180000F010FA93
:10F6C000031E01D0012381E0FB685B6A1A78FB68A6
:10F6D0001B689A62FB685B6A5A1CFB685A62FB688B
:10F6E0005B8D9BB2013B9AB2FB685A85FB681B8D10
:10F6F000013B9AB2FB681A85FB685B8D9BB2002BBD
:10F700003AD0FB681B8D002B36D1BA6AF8683B698A
:10F71000009313000022802100F08AF9031E01D01B
:10F72000012353E0FB685B8D9BB2FF2B11D9FB6873
:10F73000FF221A85FB681B8DDAB280235C040A2342
:10F74000FB181988F86800230093230000F0F0FBF1
:10F7500012E0FB685B8D9AB2FB681A85FB681B8D13
:10F76000DAB280239C040A23FB181988F868002366
:10F770000093230000F0DCFBFB685B8D9BB2002B49
:10F7800098D13A69B96AFB68180000F0EFF9031ED6
:10F7900001D001231AE0FB681B682022DA61FB68B4
:10F7A0001B685A68FB681B680B490A405A60FB6873
:10F7B000412220219954FB68422200219954FB6880
:10F7C000402200219954002300E002231800BD4686
:10F7D00007B090BD0020008000E800FE90B589B021
:10F7E00002AFF86008007A6019000A23FB18021CB7
:10F7F0001A800823FB180A1C1A80FB6841229B5CB4
:10F80000DBB2202B00D0E8E0FB6840229B5C012BA0
:10F8100001D10223E2E0FB68402201219954FDF767
:10F82000BDFA03007B6180231902F8687B690093AD
:10F830001923012200F0FCF8031E01D00123CDE0C2
:10F84000FB68412222219954FB68422210219954DD
:10F85000FB6800225A64FB687A685A62FB680822D7
:10F86000BA1812885A85FB6800225A63FB685B8DC0
:10F870009BB2FF2B11D9FB68FF221A85FB681B8DF9
:10F88000DAB280235C040A23FB181988F868554B08
:10F890000093230000F04CFB76E0FB685B8D9AB28E
:10F8A000FB681A85FB681B8DDAB280239C040A234F
:10F8B000FB181988F8684B4B0093230000F038FBC5
:10F8C00062E07A69B96AFB68180000F093F9031ED8
:10F8D00001D0012382E0FB681B685A6AFB685B6AFF
:10F8E000D2B21A70FB685B6A5A1CFB685A62FB68EA
:10F8F0001B8D013B9AB2FB681A85FB685B8D9BB23E
:10F90000013B9AB2FB685A85FB685B8D9BB2002B6A
:10F910003AD0FB681B8D002B36D1BA6AF8687B6938
:10F92000009313000022802100F082F8031E01D012
:10F93000012353E0FB685B8D9BB2FF2B11D9FB6861
:10F94000FF221A85FB681B8DDAB280235C040A2330
:10F95000FB181988F86800230093230000F0E8FAE8
:10F9600012E0FB685B8D9AB2FB681A85FB681B8D01
:10F97000DAB280239C040A23FB181988F868002354
:10F980000093230000F0D4FAFB685B8D9BB2002B40
:10F9900097D17A69B96AFB68180000F0E7F8031E8E
:10F9A00001D001231AE0FB681B682022DA61FB68A2
:10F9B0001B685A68FB681B680B490A405A60FB6861
:10F9C000412220219954FB68422200219954FB686E
:10F9D000402200219954002300E002231800BD4674
:10F9E00007B090BD0024008000E800FE80B582B022
:10F9F00000AF78607B681B689B6902221340022B72
:10FA000003D17B681B6800229A627B681B689B6934
:10FA100001221340012B07D07B681B689A697B6821
:10FA20001B6801210A439A61C046BD4602B080BDF1
:10FA300080B584B000AFF860B9603B60FB1D1A7000
:10FA40003AE0BA693968FB68180000F071F9031EE2
:10FA500001D0012340E03B6801332DD0FDF79EF932
:10FA60000200BB69D31A3A689A4202D33B68002B62
:10FA700022D1FB681B689B69BA681340BA68D31A25
:10FA80005A425341DBB21A00FB1D1B789A4213D134
:10FA9000FB685B6C20221A43FB685A64FB684122B6
:10FAA00020219954FB68422200219954FB6840228E
:10FAB0000021995401230FE0FB681B689B69BA6819
:10FAC0001340BA68D31A5A425341DBB21A00FB1DE5
:10FAD0001B789A42B5D000231800BD4604B080BD03
:10FAE00080B584B000AFF860B9607A6032E07A68BF
:10FAF000B968FB68180000F01BF9031E01D0012350
:10FB000030E0BB68013325D0FDF748F902007B687F
:10FB1000D31ABA689A4202D3BB68002B1AD1FB6889
:10FB20001B689B6902221340022B13D0FB685B6C9D
:10FB300020221A43FB685A64FB6841222021995411
:10FB4000FB68422200219954FB684022002199540D
:10FB5000012307E0FB681B689B6902221340022B0C
:10FB6000C5D100231800BD4604B080BD80B584B067
:10FB700000AFF860B9607A602FE07A68B968FB6816
:10FB8000180000F0D5F8031E01D001232DE0FDF789
:10FB900005F902007B68D31ABA689A4202D3BB689F
:10FBA000002B1AD1FB681B689B6920221340202B75
:10FBB00013D0FB685B6C20221A43FB685A64FB6815
:10FBC000412220219954FB68422200219954FB686C
:10FBD000402200219954012307E0FB681B689B69C0
:10FBE00020221340202BC8D100231800BD4604B0AA
:10FBF00080BD000080B586B000AFF860B9607A6063
:10FC00001723FB1800221A707BE07A68B968FB683A
:10FC1000180000F08DF8031E03D01723FB180122F3
:10FC20001A70FB681B689B6920221340202B40D16F
:10FC300017217B181B78002B3BD1FB681B689B6945
:10FC400004221340042B06D1FB681B8D002B02D02D
:10FC50007B1800221A70FB681B689B6910221340F6
:10FC6000102B23D1FB681B681022DA61FB68042289
:10FC70005A64FB681B682022DA61FB681B685A68BB
:10FC8000FB681B6829490A405A60FB684122202111
:10FC90009954FB68422200219954FB6840220021BC
:10FCA00099541723FB1801221A7002E0FB68002206
:10FCB0005A64FDF773F802007B68D31ABA689A4257
:10FCC00002D3BB68002B1CD117203B181B78002BDC
:10FCD00017D1FB681B689B6904221340042B10D0CA
:10FCE000FB685B6C20221A43FB685A64FB68412264
:10FCF00020219954FB684022002199543B1801228D
:10FD00001A70FB681B689B6904221340042B05D002
:10FD10001723FB181B78002B00D176E71723FB185D
:10FD20001B781800BD4606B080BDC04600E800FE46
:10FD300090B58BB000AFF860B9607A602723FB18EC
:10FD400000221A70FB681B689B69BB6100233B6241
:10FD50007B68FB61BB691022134000D182E0FB6825
:10FD60001B681022DA6160E027243B193A191278E7
:10FD70001A70BB68013358D0FDF710F80200FB6918
:10FD8000D31ABA689A4206D33B193A1912781A70F4
:10FD9000BB68002B49D1FB681B685A688023DB01D4
:10FDA00013407B6113203B18FA684221525C1A70A1
:10FDB000FB681B689A6980231B021A4080231B0280
:10FDC0009A4226D17A698023DB019A4221D03B18DE
:10FDD0001B78202B1DD0FB681B685A68FB681B68CA
:10FDE0008021C9010A435A60FCF7D8FF0300FB6178
:10FDF0000FE0FCF7D3FF0200FB69D31A192B08D9D7
:10FE00003B6A202213433B622723FB1801221A700E
:10FE10000BE0FB681B689B692022134027217A189E
:10FE2000791809781170202BE3D1FB681B689B6956
:10FE300020221340202B04D02723FB181B78002BF3
:10FE400092D02723FB181B78002B03D1FB681B687B
:10FE50002022DA613B6A042213433B622723FB180A
:10FE600001221A70FB681B689B69BB61BA69802319
:10FE70005B0013400CD03B6A012213433B62FB68DA
:10FE80001B6880225200DA612723FB1801221A70B6
:10FE9000BA698023DB0013400CD03B6A082213436D
:10FEA0003B62FB681B688022D200DA612723FB18C3
:10FEB00001221A70BA6980239B0013400CD03B6A60
:10FEC000022213433B62FB681B6880229200DA61C6
:10FED0002723FB1801221A702723FB181B78002BFD
:10FEE0001DD0FB681800FFF781FDFB681B685A688E
:10FEF000FB681B680D490A405A60FB685A6C3B6AF4
:10FF00001A43FB685A64FB68412220219954FB681C
:10FF1000422200219954FB68402200219954272352
:10FF2000FB181B781800BD460BB090BD00E800FE22
:10FF300090B587B000AFF860080011007B600A241C
:10FF40003B19021C1A8009203B180A1C1A703B1925
:10FF50001B889B059A0D3B181B781904FF231B0473
:10FF60000B401A437B681A43BB6A13435B005B0870
:10FF70007B61FB681B685B68BA6A510D8022D20006
:10FF80000A4007490A43D2431A401100FB681B6824
:10FF90007A690A435A60C046BD4607B090BDC04664
:10FFA000FF63FF0380B582B000AF786039607B6883
:10FFB00041229B5CDBB2202B38D17B6840229B5CCA
:10FFC000012B01D1022332E07B68402201219954A8
:10FFD0007B684122242199547B681B681A687B68DE
:10FFE0001B6801218A431A607B681B681A687B685A
:10FFF0001B6811490A401A607B681B6819687B6896
:020000040802F0
:100000001B683A680A431A607B681B681A687B6839
:100010001B6801210A431A607B6841222021995400
:100020007B68402200219954002300E0022318003D
:10003000BD4602B080BDC046FFEFFFFF80B584B073
:1000400000AF786039607B6841229B5CDBB2202B7B
:1000500039D17B6840229B5C012B01D1022333E024
:100060007B684022012199547B68412224219954C4
:100070007B681B681A687B681B6801218A431A60C9
:100080007B681B681B68FB60FB68114A1340FB60C0
:100090003B681B02FA681343FB607B681B68FA68C5
:1000A0001A607B681B681A687B681B6801210A4319
:1000B0001A607B684122202199547B6840220021EC
:1000C0009954002300E002231800BD4604B080BD0F
:1000D000FFF0FFFF80B582B000AF78600C4BDB68AB
:1000E0007A683F210A40D2431A4011007B681A0AFD
:1000F000074B0A43DA60064B99687B683F221A4037
:10010000034B0A439A60C046BD4602B080BDC0465C
:100110000070004080B582B000AF7860064B9A68EE
:100120007B683F210B40D943034B0A409A60C0468D
:10013000BD4602B080BDC0460070004080B582B0B0
:1001400000AF78600A00FB1C1A707B68002B09D096
:10015000144B1B68072293431A00124B01210A43D8
:100160001A6005E00F4B1A680E4B07218A431A608C
:100170000D4B1A690C4B04210A431A61FB1C1B78B6
:10018000012B01D130BF02E040BF20BF20BF064B92
:100190001A69054B04218A431A61C046BD4602B064
:1001A00080BDC0460070004000ED00E080B500AFAB
:1001B000094B1B68072293431A00074B03210A438C
:1001C0001A60064B1A69054B04210A431A6130BFB5
:1001D000C046BD4680BDC0460070004000ED00E056
:1001E00080B500AF044B9A68034B802149000A4355
:1001F0009A60C046BD4680BD0070004080B584B0A6
:1002000000AF7860194B1B68194A13401900174B4F
:100210007A680A431A607A6880239B009A421FD149
:10022000144B1A6813005B009B185B0012491800FE
:10023000DFF790FF03000133FB6008E0FB68002B51
:1002400003D0FB68013BFB6001E0032309E0074B9F
:100250005A698023DB001A408023DB009A42EDD0EC
:1002600000231800BD4604B080BDC04600700040A9
:10027000FFF9FFFFEC01002040420F0080B500AF06
:10028000034B9A68E023DB0113401800BD4680BD94
:100290000010024080B588B000AF78607B68002B0A
:1002A00002D1012300F050FB7B681B680122134040
:1002B00000D17CE0C34B9B6838221340BB61C14B2B
:1002C000DB68032213407B61BB69102B02D17B6981
:1002D000032B02D0BB69082B0BD1BA4B1A688023C1
:1002E0009B02134062D07B685B68002B5ED10123C8
:1002F0002AE37B685A6880235B029A4207D1B14B9C
:100300001A68B04B802149020A431A6020E07B68DA
:100310005A68A023DB029A420ED1AA4B1A68A94B55
:100320008021C9020A431A60A64B1A68A54B802196
:1003300049020A431A600BE0A24B1A68A14BA2497A
:100340000A401A609F4B1A689E4BA0490A401A60E7
:100350007B685B68002B14D0FCF720FD03003B6139
:1003600008E0FCF71BFD02003B69D31A642B01D99E
:100370000323E9E2934B1A6880239B021340F0D0D9
:1003800015E0FCF70BFD03003B6108E0FCF706FD00
:1003900002003B69D31A642B01D90323D4E2894BB1
:1003A0001A6880239B021340F0D100E0C0467B68AE
:1003B0001B680222134000D199E0824B9B683822CF
:1003C0001340BB617F4BDB68032213407B61BB6939
:1003D000102B02D17B69022B02D0BB69002B35D1D7
:1003E000784B1A688023DB00134005D07B68DB68FC
:1003F000002B01D10123A7E2724B5B68744A1340C2
:1004000019007B685B691A026E4B0A435A60BB692C
:10041000002B12D16B4B1B686E4A134019007B688E
:100420001A69684B0A431A60664B1B68DB0A07228D
:100430001340694ADA40694B1A60694B1B6818001F
:10044000FCF750FC031E51D001237DE27B68DB6882
:10045000002B30D05B4B1B685E4A134019007B6851
:100460001A69584B0A431A60564B1A68554B80213B
:1004700049000A431A60FCF791FC03003B6108E065
:10048000FCF78CFC02003B69D31A022B01D9032331
:100490005AE24C4B1A688023DB001340F0D0494BE2
:1004A0005B684B4A134019007B685B691A02454B35
:1004B0000A435A601BE0434B1A68424B49490A40C1
:1004C0001A60FCF76BFC03003B6108E0FCF766FC7C
:1004D00002003B69D31A022B01D9032334E2394BC2
:1004E0001A688023DB001340F0D100E0C0467B682F
:1004F0001B680822134047D0324B9B6838221340B8
:10050000182B0AD12F4B1B6E022213403CD07B6864
:100510009B69002B38D1012316E27B689B69002B75
:1005200019D0284B1A6E274B01210A431A66FCF793
:1005300035FC03003B6108E0FCF730FC02003B693E
:10054000D31A022B01D90323FEE11E4B1B6E02229C
:100550001340F1D018E01B4B1A6E1A4B01218A434D
:100560001A66FCF71BFC03003B6108E0FCF716FC75
:1005700002003B69D31A022B01D90323E4E1114B9A
:100580001B6E02221340F1D17B681B6804221340CA
:1005900000D1C7E01F23FB1800221A70094B9B688B
:1005A00038221340202B1FD1064BDB6D0222134053
:1005B00000D1B7E07B689B68002B00D0B2E001233C
:1005C000C2E1C04600100240FFFFFEFFFFFFFBFF3D
:1005D000FF80FFFFFFC7FFFF0024F400EC010020B5
:1005E00004020020FFFEFFFFB54BDA6B80235B05A2
:1005F000134001D1012300E00023002B11D0B04BA8
:10060000DA6BAF4B802149050A43DA63AC4BDA6BF6
:1006100080235B051340FB60FB681F23FB1801224E
:100620001A70A84B1A6880235B0013401AD1A54B9F
:100630001A68A44B802149000A431A60FCF7AEFBFC
:1006400003003B6108E0FCF7A9FB02003B69D31AF9
:10065000022B01D9032377E19A4B1A6880235B00B0
:100660001340F0D07B689B68012B06D1944BDA6D68
:10067000934B01210A43DA651CE07B689B68052BDC
:100680000CD18F4BDA6D8E4B04210A43DA658C4B0B
:10069000DA6D8B4B01210A43DA650BE0884BDA6D8A
:1006A000874B01218A43DA65854BDA6D844B04213F
:1006B0008A43DA657B689B68002B14D0FCF76EFBDD
:1006C00003003B6109E0FCF769FB02003B69D31AB8
:1006D0007D4A934201D9032336E1794BDB6D022237
:1006E0001340F0D013E0FCF759FB03003B6109E035
:1006F000FCF754FB02003B69D31A734A934201D9B9
:10070000032321E16E4BDB6D02221340F0D11F2346
:10071000FB181B78012B05D1694BDA6B684B6B49D1
:100720000A40DA637B681B682022134039D07B685B
:10073000DB69002B1BD0624B1A68614B8021C90317
:100740000A431A60FCF72AFB03003B6108E0FCF750
:1007500025FB02003B69D31A022B01D90323F3E0E6
:10076000574B1A6880231B041340F0D019E0544BF8
:100770001A68534B56490A401A60FCF70FFB0300F6
:100780003B6108E0FCF70AFB02003B69D31A022B2D
:1007900001D90323D8E04A4B1A6880231B04134075
:1007A000F0D17B681B6A002B00D1CCE0444B9B68E6
:1007B00038221340102B00D17BE07B681B6A022B90
:1007C00056D13F4B1A683E4B42490A401A60FCF72B
:1007D000E5FA03003B6108E0FCF7E0FA02003B6940
:1007E000D31A022B01D90323AEE0354B1A688023BC
:1007F0009B041340F0D1324BDB68374A1340190099
:100800007B685A6A7B689B6A1A437B68DB6A1B02B7
:100810001A437B681B6B1A437B685B6B1A437B68CC
:100820009B6B1A43264B0A43DA60254B1A68244B0C
:10083000802149040A431A60214BDA68204B802149
:1008400049050A43DA60FCF7A9FA03003B6108E0B6
:10085000FCF7A4FA02003B69D31A022B01D9032347
:1008600072E0174B1A6880239B041340F0D06AE0B3
:10087000134B1A68124B17490A401A60FCF78EFA9C
:1008800003003B6108E0FCF789FA02003B69D31AD8
:10089000022B01D9032357E0094B1A6880239B04DC
:1008A0001340F0D1064BDA68054B0C490A40DA6078
:1008B00049E07B681B6A012B12D1012344E0C0464A
:1008C000001002400070004088130000FFFFFFEF9F
:1008D000FFFFBFFFFFFFFFFE8C80C111FCFFFEEE9C
:1008E0001B4BDB687B617B6903221A407B685B6A78
:1008F0009A4226D17B6970221A407B689B6A9A4291
:100900001FD17A69FE23DB011A407B68DB6A1B0278
:100910009A4216D17A69F8239B031A407B681B6BB5
:100920009A420ED17A69E0231B051A407B685B6B03
:100930009A4206D17B695B0F5A077B689B6B9A4290
:1009400001D0012300E000231800BD4608B080BD9F
:100950000010024080B584B000AF786039607B68D9
:10096000002B01D10123E9E0764B1B6807221340DD
:100970003A689A421ED9734B1B68072293431900A9
:10098000704B3A680A431A60FCF708FA0300FB60F0
:1009900009E0FCF703FA0200FB68D31A6A4A9342A3
:1009A00001D90323CAE0674B1B68072213403A684A
:1009B0009A42EED17B681B680222134015D07B68F7
:1009C0001B680422134006D0604B9A685F4BE021FD
:1009D000C9010A439A605D4B9B685D4A1340190048
:1009E0007B689A68594B0A439A607B681B680122AE
:1009F000134057D07B685B68012B07D1534B1A68B3
:100A000080239B0213402BD1012397E07B685B6816
:100A1000022B07D14D4B1A6880239B0413401FD132
:100A200001238BE07B685B68002B07D1474B1A687A
:100A30008023DB00134013D101237FE07B685B68D8
:100A4000032B06D1414B1B6E0222134008D1012318
:100A500074E03E4BDB6D0222134001D101236DE0B7
:100A60003A4B9B680722934319007B685A68374BBF
:100A70000A439A60FCF792F90300FB6009E0FCF777
:100A80008DF90200FB68D31A2F4A934201D9032340
:100A900054E02E4B9B6838221A407B685B68DB0071
:100AA0009A42ECD1274B1B68072213403A689A42BE
:100AB0001ED2244B1B68072293431900214B3A682E
:100AC0000A431A60FCF76AF90300FB6009E0FCF7CF
:100AD00065F90200FB68D31A1B4A934201D903232C
:100AE0002CE0184B1B68072213403A689A42EED15B
:100AF0007B681B680422134009D0144B9B68154A7D
:100B0000134019007B68DA68104B0A439A6000F0C2
:100B100029F801000D4B9B681B0A0F221A400E4B4F
:100B20009200D3581F2213400A00DA400B4B1A6080
:100B30000B4B1B681800FCF7D5F803001800BD46E6
:100B400004B080BD00200240881300000010024065
:100B5000FFF0FFFFFF8FFFFFD0D50208EC01002060
:100B60000402002080B586B000AF3C4B9B68382261
:100B700013400FD1394B1B68DB0A072213400122B7
:100B80009A4013003B6039683548DFF7E3FA030009
:100B90003B615DE0314B9B6838221340082B02D14A
:100BA000304B3B6154E02D4B9B6838221340102B97
:100BB00038D12A4BDB6803221340FB60274BDB68EC
:100BC0001B09072213400133BB60FB68032B0DD1C7
:100BD000B9682448DFF7BEFA030019001F4BDB6831
:100BE0001B0A7F2213404B437B610DE0B9681C4810
:100BF000DFF7B0FA03001900184BDB681B0A7F22ED
:100C000013404B437B61C046144BDB685B0F0722EC
:100C1000134001337B6079687869DFF79BFA030042
:100C20003B6115E00D4B9B6838221340202B03D10C
:100C300080231B023B610BE0084B9B68382213406A
:100C4000182B03D1FA23DB013B6101E000233B6158
:100C50003B691800BD4606B080BDC046001002408A
:100C60000024F40000127A0080B500AF024B1B682C
:100C70001800BD4680BDC046EC010020B0B500AFF5
:100C8000FFF7F2FF0400FFF7F9FA03001A0B054B18
:100C90009200D3581F221340DC4023001800BD46A9
:100CA000B0BDC04610D6020880B586B000AF7860EF
:100CB0001323FB1800221A701223FB1800221A704B
:100CC0007B681A6880239B02134000D1ADE011209D
:100CD0003B1800221A70474BDA6B80235B051340E8
:100CE00010D1444BDA6B434B802149050A43DA6348
:100CF000404BDA6B80235B051340BB60BB683B183D
:100D000001221A703C4B1A683B4B802149000A4370
:100D10001A60FCF743F80300FB600BE0FCF73EF8B9
:100D20000200FB68D31A022B04D91323FB180322F9
:100D30001A7005E0304B1A6880235B001340EDD039
:100D40001323FB181B78002B5ED12A4BDA6DC023CE
:100D50009B0013407B617B69002B19D07B681B6C67
:100D60007A699A4214D0234BDB6D244A13407B618D
:100D7000204BDA6D1F4B802149020A43DA651D4B77
:100D8000DA6D1C4B1E490A40DA651A4B7A69DA653E
:100D90007B690122134016D0FCF700F80300FB60CA
:100DA0000CE0FBF7FBFF0200FB68D31A154A9342E5
:100DB00004D91323FB1803221A7004E00D4BDB6DDA
:100DC00002221340EDD01323FB181B78002B0AD10D
:100DD000084BDB6D094A134019007B681A6C054B00
:100DE0000A43DA6516E01223FB181322BA181278A8
:100DF0001A700FE00010024000700040FFFCFFFF7F
:100E0000FFFFFEFF881300001223FB181322BA18FD
:100E100012781A701123FB181B78012B05D1B64BE1
:100E2000DA6BB54BB5490A40DA637B681B6801226F
:100E3000134009D0B04B5B6D0322934319007B68CC
:100E40005A68AD4B0A435A657B681B6802221340FF
:100E500009D0A94B5B6D0C22934319007B689A68FB
:100E6000A54B0A435A657B681B680422134009D0CE
:100E7000A14B5B6D3022934319007B68DA689E4B6F
:100E80000A435A657B681B681022134009D09A4BAD
:100E90005B6D9B4A134019007B681A69964B0A43A5
:100EA0005A657B681A6880235B01134009D0924B16
:100EB0005B6D944A134019007B685A698E4B0A4354
:100EC0005A657B681A6880239B00134009D08A4BBF
:100ED0005B6D8D4A134019007B689A6A864B0A4302
:100EE0005A657B681A688023DB00134009D0824B67
:100EF0005B6D864A134019007B68DA6A7E4B0A43B1
:100F00005A657B681B682022134009D07A4B5B6DC1
:100F10007F4A134019007B689A69774B0A435A65E8
:100F20007B681B684022134009D0734B5B6D794A84
:100F3000134019007B68DA696F4B0A435A657B6876
:100F40001A688023DB01134015D06B4B5B6D9B004F
:100F500099087B681A6B684B0A435A657B681A6B61
:100F60008023DB059A4206D1634BDA68624B80210D
:100F700049020A43DA607B681A6880231B03134026
:100F800009D05D4B5B6D4022934319007B685A6B1F
:100F9000594B0A435A657B681A6880239B031340A8
:100FA00016D0554B5B6D5C4A134019007B689A6BF9
:100FB000514B0A435A657B689A6B8023DB039A4244
:100FC00006D14D4BDA684C4B802149040A43DA6064
:100FD0007B681A688023DB03134016D0464B5B6D99
:100FE0004E4A134019007B68DA6B434B0A435A653B
:100FF0007B68DA6B80235B049A4206D13E4BDA6849
:101000003D4B802149040A43DA607B681A688023DB
:101010001B01134014D0384B9B6D032293431900DE
:101020007B681A6A344B0A439A657B681B6A012BFA
:1010300006D1314BDA68304B802149020A43DA602D
:101040007B681A6880239B01134014D02A4B9B6D48
:101050000C22934319007B685A6A274B0A439A650E
:101060007B685B6A042B06D1234BDA68224B802114
:1010700049020A43DA607B681A6880235B041340E4
:1010800016D01D4B9B6D224A134019007B685A6C89
:10109000194B0A439A657B685A6C80239B019A42DC
:1010A00006D1154BDA68144B802149040A43DA60F3
:1010B0007B681A6880239B04134016D00E4B9B6DEF
:1010C000104A134019007B689A6C0B4B0A439A65CF
:1010D0007B689A6C80235B009A4206D1064BDA68E3
:1010E000054B802149040A43DA601223FB181B7860
:1010F0001800BD4606B080BD00100240FFFFFFEFA4
:10110000FFF3FFFFFFFCFFFFFFFFF3FFFFFFCFFF3A
:10111000FFCFFFFFFF3FFFFFFFFFBFFFFFFFFFFE10
:10112000B0B584B000AF78600F23FB1801221A70AD
:101130007B68002B00D18CE07B6829229B5CDBB2B2
:10114000002B0BD17B682822002199547B688822D0
:1011500012025A607B681800F3F746FF7B68292269
:10116000022199547B681B68DB6810221340102B06
:1011700062D07B681B68CA225A627B681B68532254
:101180005A620F257C197B68180000F011FB0300E0
:10119000237028003B181B78002B2CD17B681B6820
:1011A0009A697B681B682E490A409A617B681B68B4
:1011B00099697B689A687B685B691A437B68DB691D
:1011C0001A437B681B680A439A617B681B687A68CC
:1011D00012691A617B681B6819697B68DB681A04ED
:1011E0007B681B680A431A613C187B68180000F092
:1011F00021FB030023700F23FB181B78002B16D153
:101200007B681B689A697B681B68D200D2089A6168
:101210007B681B6899697B685A6A7B681B6A1A43FA
:101220007B689B691A437B681B680A439A617B68E9
:101230001B68FF225A6203E00F23FB1800221A707A
:101240000F23FB181B78002B03D17B682922012177
:1012500099540F23FB181B781800BD4604B0B0BD8D
:10126000BFFF8FFBB0B584B000AF78607B682922E8
:10127000022199547B681B68CA225A627B681B68EA
:1012800053225A620F257C197B68180000F090FAEF
:10129000030023707B191B78002B5CD17B681B68D3
:1012A00000221A607B681B68394A5A607B681B6899
:1012B0009A697B681B6807210A409A61FBF76EFDFB
:1012C0000300BB6012E0FBF769FD0200BB68D21AA5
:1012D000FA239B009A4209D97B681B68FF225A6255
:1012E0007B6829220321995403234CE07B681B6807
:1012F000DB6804221340E6D07B681B689B697B682F
:101300001B6800229A617B681B68224A5A617B68CD
:101310001B68214A1A617B681B6800221A647B687B
:101320001B6800229A647B681B680022DA627B6873
:101330001B6800229A627B681B6800225A647B68E3
:101340001B680022DA640F23FC187B68180000F089
:1013500071FA030023707B681B68FF225A620F2317
:10136000FB181B78002B07D17B681800F3F776FE7B
:101370007B682922002199547B68282200219954F6
:101380000F23FB181B781800BD4604B0B0BDC04643
:1013900001210000FFFF0000FF007F00B0B586B014
:1013A00000AFF860B9607A60FB6828229B5C012B73
:1013B00001D1022392E0FB68282201219954FB68A5
:1013C000292202219954FB681B68CA225A62FB68D1
:1013D0001B6853225A6213257C19FB68180000F021
:1013E000E7F9030023707B191B78002B62D17B681F
:1013F000002B25D1FB681B689B694022134002D15A
:10140000BB680022DA70BB681B78180000F056FA3F
:1014100003001C04BB685B78180000F04FFA03005F
:101420001B021C43BB689B78180000F047FA0300BE
:1014300022001A43BB68DB789B0513437B6117E0EE
:10144000FB681B689B694022134002D1BB680022E5
:10145000DA70BB681B781A04BB685B781B02134305
:10146000BA6892781A43BB68DB789B0513437B61AB
:10147000FB681B687A691B490A401A60FB681B6895
:101480009A69FB681B6818490A409A61FB681B68E7
:101490009969BB68DA68BB681B691A43FB681B68FB
:1014A0000A439A611323FC18FB68180000F0C2F984
:1014B00003002370FB681B68FF225A621323FB188A
:1014C0001B78002B03D1FB68292201219954FB686A
:1014D0002822002199541323FB181B781800BD46BD
:1014E00006B0B0BD7F7F7F00FFFFFBFF80B586B0F9
:1014F00000AFF860B9607A60FB681B689A68BB68E7
:101500005A60FB681B681B695B045A0CBB689A60D5
:10151000FB681B681B68224A13407B617B691B0CBC
:10152000DBB23F221340DAB2BB681A707B691B0A38
:10153000DBB27F221340DAB2BB685A707B69DBB240
:101540007F221340DAB2BB689A707B699B0DDBB2D5
:1015500001221340DAB2BB68DA707B68002B1AD123
:10156000BB681B78180000F0D1F903001A00BB68B3
:101570001A70BB685B78180000F0C8F903001A0005
:10158000BB685A70BB689B78180000F0BFF9030075
:101590001A00BB689A7000231800BD4606B080BDD3
:1015A0007F7F7F00B0B586B000AFF860B9607A6029
:1015B000FB6828229B5C012B01D102237EE0FB68A3
:1015C000282201219954FB682922022199547B6821
:1015D000002B0ED1BB685B781A001023134008D093
:1015E000BB685B7810229343DBB20A33DAB2BB6884
:1015F0005A707B68002B1CD1BB68DB78180000F0A8
:101600005DF903001C04BB685B78180000F056F914
:1016100003001B021C43BB689B78180000F04EF9C6
:10162000030022001A43BB681B785B0313437B61F2
:101630000EE0BB68DB781A04BB685B781B021343BF
:10164000BA6892781A43BB681B785B0313437B61CB
:10165000FB681B68CA225A62FB681B6853225A62E5
:1016600013257C19FB68180000F0A2F80300237012
:1016700028003B181B78002B0CD1FB681B687A698B
:1016800010490A405A603C18FB68180000F0D2F874
:1016900003002370FB681B68FF225A621323FB18A8
:1016A0001B78002B03D1FB68292201219954FB6888
:1016B0002822002199541323FB181B781800BD46DB
:1016C00006B0B0BD3FFFFF0080B586B000AFF86048
:1016D000B9607A60FB681B685B68214A13407B61D4
:1016E0007B691B0CDAB2BB68DA707B691B0ADBB260
:1016F0001F221340DAB2BB685A707B69DBB23F220B
:101700001340DAB2BB689A707B695B0BDBB20722CD
:101710001340DAB2BB681A707B68002B1AD1BB6821
:10172000DB78180000F0F2F803001A00BB68DA70EA
:10173000BB685B78180000F0E9F803001A00BB688A
:101740005A70BB689B78180000F0E0F803001A009C
:10175000BB689A7000231800BD4606B080BDC04625
:101760003FFFFF0080B584B000AF78607B681B68E6
:101770000E4ADA60FBF712FB0300FB600AE0FBF79E
:101780000DFB0200FB68D21AFA239B009A4201D992
:10179000032306E07B681B68DB6820221340EED041
:1017A00000231800BD4604B080BDC0465F000100A4
:1017B00080B584B000AF78600F23FB1800221A7048
:1017C0007B681B68DB68402213402CD17B681B6858
:1017D000DA687B681B6880210A43DA60FBF7DEFA6F
:1017E0000300BB6014E0FBF7D9FA0200BB68D21A11
:1017F0000F203B18391809781970FA239B009A4278
:1018000006D93B1803221A707B68292203219954B8
:101810007B681B68DB684022134004D10F23FB1850
:101820001B78032BDFD10F23FB181B781800BD4654
:1018300004B080BD90B585B000AF78600F243B192F
:1018400000221A701C4BDA681B4B80218A43DA6035
:10185000194B9B69202213400DD17B681800FFF7BC
:1018600081FF031E21D07B682922032199543B1953
:1018700003221A7019E0104B9A690F4B20218A43FA
:101880009A617B681800FFF76DFF031E07D07B6825
:101890002922032199540F23FB1803221A70064BA7
:1018A0009A69054B20210A439A610F23FB181B7884
:1018B0001800BD4605B090BD0028004080B584B03A
:1018C00000AF0200FB1D1A700023FB600B23FB1806
:1018D000FA1D12781A7008E0FB680133FB600B22D6
:1018E000BB18BA1812780A3A1A700B217B181B78A9
:1018F000092BF1D8FB68DBB21B01DAB27B181B782D
:101900001343DBB21800BD4604B080BD80B584B07F
:1019100000AF0200FB1D1A70FB1D1B781B09DBB218
:101920001A0013009B009B185B00FB60FB68DAB297
:10193000FB1D1B780F210B40DBB2D318DBB2180064
:10194000BD4604B080BD80B586B000AFF860B96018
:101950007A60FB681B681A00FB685B68D3187B61C0
:101960007B690133FF333B61BB689B003A69D31845
:101970003B613B697A681A60C046BD4606B080BDCF
:1019800080B584B000AF786039607B681B681A004E
:101990007B685B68D318FB60FB680133FF33BB6077
:1019A0003B689B00BA68D318BB60BB681B68180013
:1019B000BD4604B080BD80B582B000AF78607B6862
:1019C000002B01D101234AE07B683D229B5CDBB206
:1019D000002B07D17B683C22002199547B681800BA
:1019E00000F041F87B683D22022199547B681A6817
:1019F0007B6804331900100000F098F87B684822D7
:101A0000012199547B683E22012199547B683F2231
:101A1000012199547B684022012199547B6841221D
:101A2000012199547B684222012199547B68432209
:101A3000012199547B684422012199547B684522F5
:101A4000012199547B684622012199547B684722E1
:101A5000012199547B683D220121995400231800EB
:101A6000BD4602B080BD80B582B000AF7860C04690
:101A7000BD4602B080BD000080B584B000AF786084
:101A80007B683D229B5CDBB2012B01D001233FE050
:101A90007B683D22022199547B681B681E4A934251
:101AA00014D07B681A688023DB059A420ED07B68CD
:101AB0001B681A4A934209D07B681B68184A9342F4
:101AC00004D07B681B68174A934216D17B681B6859
:101AD0009B68154A1340FB60FB68062B16D0FA681A
:101AE00080235B029A4211D07B681B681A687B686E
:101AF0001B6801210A431A6008E07B681B681A68AA
:101B00007B681B6801210A431A6000E0C04600237D
:101B10001800BD4604B080BD002C01400004004008
:101B200000080040004001400700010080B584B07B
:101B300000AF786039607B681B68FB607B683F4A58
:101B400093420CD07A688023DB059A4207D07B68E9
:101B50003B4A934203D07B683A4A934208D1FB68E0
:101B600070229343FB603B685B68FA681343FB6039
:101B70007B68324A93421CD07A688023DB059A4204
:101B800017D07B682E4A934213D07B682D4A93422C
:101B90000FD07B682C4A93420BD07B682B4A934230
:101BA00007D07B682A4A934203D07B68294A934234
:101BB00008D1FB68284A1340FB603B68DB68FA6881
:101BC0001343FB60FB68802293431A003B685B6908
:101BD0001343FB607B68FA681A603B689A687B680D
:101BE000DA623B681A687B689A627B68134A9342A0
:101BF0000BD07B68154A934207D07B68144A934206
:101C000003D07B68134A934203D13B681A697B680F
:101C10001A637B6801225A617B681B6901221340A9
:101C2000012B06D17B681B69012293431A007B6854
:101C30001A61C046BD4604B080BDC046002C0140BC
:101C40000004004000080040002000400040014027
:101C50000044014000480140FFFCFFFF80B582B016
:101C600000AF78607B68002B01D1012346E07B68E0
:101C700088229B58002B07D17B688422002199542D
:101C80007B681800F3F7E4FB7B68882224219950D5
:101C90007B681B681A687B681B6801218A431A608D
:101CA0007B689B6A002B03D07B68180001F0D8F892
:101CB0007B68180000F07EFD0300012B01D1012399
:101CC0001CE07B681B685A687B681B680D490A40EA
:101CD0005A607B681B689A687B681B682A218A4364
:101CE0009A607B681B681A687B681B6801210A433D
:101CF0001A607B68180001F067F903001800BD4600
:101D000002B080BDFFB7FFFF80B582B000AF786042
:101D10007B68002B01D1012332E07B6888222421DB
:101D200099507B681B681A687B681B6801218A438D
:101D30001A607B681B6800221A607B681B6800229F
:101D40005A607B681B6800229A607B68180000F06C
:101D50001BF87B689022002199507B688822002123
:101D600099507B688C22002199507B680022DA66AA
:101D70007B6800221A677B68842200219954002323
:101D80001800BD4602B080BD80B582B000AF78605B
:101D9000C046BD4602B080BD80B58AB002AFF860D3
:101DA000B9603B60BB1D1A80FB6888229B58202BC2
:101DB00000D090E0BB68002B03D0BB1D1B88002B1C
:101DC00001D1012388E0FB689A6880235B019A4275
:101DD00009D1FB681B69002B05D1BB6801221340A8
:101DE00001D0012378E0FB68902200219950FB6824
:101DF000882221219950FAF7D1FF03007B61FB680B
:101E0000BA1D542112885A52FB68BA1D56211288F5
:101E10005A52FB689A6880235B019A4208D1FB689A
:101E20001B69002B04D10023FB61BB68BB6103E08D
:101E3000BB68FB610023BB6130E07A69F8683B68EE
:101E4000009313000022802101F068F9031E05D0E1
:101E5000FB6888222021995003233DE0FB69002B79
:101E60000BD1BB691B881A00FB681B68D205D20D19
:101E70009A62BB690233BB6107E0FB691A78FB68B1
:101E80001B689A62FB690133FB61FB6856229B5A0F
:101E90009BB2013B99B2FB6856229952FB685622CD
:101EA0009B5A9BB2002BC8D17A69F8683B680093B3
:101EB00013000022402101F031F9031E05D0FB6818
:101EC000882220219950032306E0FB6888222021E4
:101ED0009950002300E002231800BD4608B080BDE1
:101EE00080B58CB000AFF860B960BB1D1A80FB688C
:101EF00088229B58202B00D08DE0BB68002B03D09C
:101F0000BB1D1B88002B01D1012385E0FB689A686B
:101F100080235B019A4209D1FB681B69002B05D124
:101F2000BB680122134001D0012375E0FB68BA6849
:101F30001A65FB68BA1D542112885A52FB68BA1DF3
:101F4000562112885A52FB6800229A67FB68902239
:101F500000219950FB68882221219950FB685A6E14
:101F600080239B059A422AD1FB689A6880235B01F3
:101F70009A4207D1FB681B69002B03D1FB68284AF2
:101F80009A6702E0FB68274A9A67EFF31083FB61C8
:101F9000FB69BB6201233B623B6A83F31088C04646
:101FA000FB681B689A68FB681B68802109040A4368
:101FB0009A60BB6A7B627B6A83F3108829E0FB68C6
:101FC0009A6880235B019A4207D1FB681B69002B4A
:101FD00003D1FB68144A9A6702E0FB68134A9A67C8
:101FE000EFF310833B613B69FB6201237B617B69FB
:101FF00083F31088C046FB681B681A68FB681B687F
:1020000080210A431A60FB6ABB61BB6983F31088B5
:10201000C046002300E002231800BD460CB080BD7E
:10202000193902082D3802086F370208BB3602083A
:1020300080B58CB000AF78607B6888229B58FB62CB
:102040007B688C229B58BB627B681B689B688022E4
:102050001340802B38D1FB6A212B35D1EFF310834D
:102060007B617B697B620123BB61BB6983F3108861
:10207000C0467B681B689A687B681B6880218A431E
:102080009A607B6AFB61FB6983F31088C0467B68BA
:10209000DB6F002B14D07B68DB6F1800FCF7DCFBD8
:1020A000031E0DD07B68DB6F1800FCF761FD030099
:1020B000202B05D17B68902210219950032347E003
:1020C0007B68180001F040F97B681B689B68402220
:1020D0001340402B3BD1BB6A222B38D1EFF3108346
:1020E000BB60BB683B620123FB60FB6883F3108825
:1020F000C0467B681B689A687B681B6840218A43DE
:102100009A603B6A3B613B6983F31088C0467B68F9
:1021100080229B58002B16D07B6880229B58180089
:10212000FCF79AFB031E0ED07B6880229B58180098
:10213000FCF71EFD0300202B05D17B6890221021A7
:102140009950032304E07B68180001F03DF9002357
:102150001800BD460CB080BDB0B5AAB000AF786025
:102160007B681B68DB69A422B9180B607B681B685D
:102170001B68A02039180B607B681B689B689C2437
:1021800039190B601100BB181B68A24A1340982232
:10219000BD182B60BB181B68002B1AD17B181B685D
:1021A0002022134015D03B181B682022134005D174
:1021B0003B191A6880235B0513400AD07B685B6F6C
:1021C000002B00D1DCE27B685B6F7A6810009847D7
:1021D000D6E29823FB181B68002B00D122E19C2338
:1021E000FB181B688C4A134006D1A023FB181B6800
:1021F0008A4A134000D115E1A423FB181B68012271
:10220000134012D0A023FB181A6880235B001340F0
:102210000BD07B681B6801221A627B6890229B5856
:1022200001221A437B6890215A50A423FB181B6893
:102230000222134011D09C23FB181B68012213407B
:102240000BD07B681B6802221A627B6890229B5825
:1022500004221A437B6890215A50A423FB181B6860
:102260000422134011D09C23FB181B680122134049
:102270000BD07B681B6804221A627B6890229B58F3
:1022800002221A437B6890215A50A423FB181B6832
:102290000822134017D0A023FB181B6820221340EC
:1022A00005D19C23FB181B685B4A13400BD07B684D
:1022B0001B6808221A627B6890229B5808221A43E6
:1022C0007B6890215A50A423FB181A6880231B01B5
:1022D000134013D0A023FB181A688023DB0413409B
:1022E0000CD07B681B68802212011A627B689022E6
:1022F0009B5820221A437B6890215A507B68902279
:102300009B58002B00D13DE2A423FB181B68202220
:10231000134015D0A023FB181B682022134006D1C0
:102320009C23FB181A6880235B05134008D07B6848
:102330005B6F002B04D07B685B6F7A681000984756
:102340007B6890229B5894217A1813607B681B68E5
:102350009B6840221340402B04D07B181B68282226
:1023600013404CD07B68180001F02EF87B681B6886
:102370009B6840221340402B3CD1EFF310833B6617
:102380003B6E90203A18136001237B667B6E83F3CB
:102390001088C0467B681B689A687B681B68402170
:1023A0008A439A603B181B68BB66BB6E83F3108838
:1023B000C0467B6880229B58002B16D07B68802209
:1023C0009B58174A9A637B6880229B581800FCF739
:1023D000A3FA031E1CD07B6880229B589B6B7A68F3
:1023E000802152581000984712E07B681800F2F7DD
:1023F000D5FA0DE07B681800F2F7D0FA08E07B68A8
:102400001800F2F7CBFA7B68902200219950B9E1CD
:10241000C046B7E10F0800000100001020010004D1
:102420008D3602087B68DB6E012B00D03EE1A423D1
:10243000FB181B681022134000D137E1A023FB18C2
:102440001B681022134000D130E17B681B6810220A
:102450001A627B681B689B6840221340402B00D0A7
:10246000A4E07B6880229B581B685A687E217B18F9
:102470001A807B181B88002B00D185E17B685C22C9
:102480009B5A7A1812889A4200D37DE17B687A18A9
:102490005E2112885A527B6880229B581B681B68F9
:1024A0002022134070D1EFF310833B633B6BBB677B
:1024B00001237B637B6B83F31088C0467B681B68BA
:1024C0001A687B681B68B4490A401A60BB6FBB631B
:1024D000BB6B83F31088C046EFF31083FB63FB6B89
:1024E0007B6701233B643B6C83F31088C0467B68A9
:1024F0001B689A687B681B6801218A439A607B6F1E
:102500007B647B6C83F31088C046EFF31083BB645D
:10251000BB6C3B670123FB64FB6C83F31088C046F4
:102520007B681B689A687B681B6840218A439A60B5
:102530003B6F3B653B6D83F31088C0467B688C2204
:10254000202199507B680022DA66EFF310837B65C7
:102550007B6DFB660123BB65BB6D83F31088C046B2
:102560007B681B681A687B681B6810218A431A60A5
:10257000FB6EFB65FB6D83F31088C0467B68802291
:102580009B581800FCF768F97B6802221A677B6881
:102590005C229A5A7B685E215B5A9BB2D31A9AB22C
:1025A0007B6811001800F1F79DFFEDE07B685C226D
:1025B000995A7B685E229B5A9AB28E203B188A1ADF
:1025C0001A807B685E229B5A9BB2002B00D1DDE013
:1025D0003B181B88002B00D1D8E0EFF31083FB6081
:1025E000FB6888243A19136001233B613B6983F33C
:1025F0001088C0467B681B681A687B681B6867493F
:102600000A401A603B191B687B617B6983F3108861
:10261000C046EFF31083BB61BB6984243A19136091
:102620000123FB61FB6983F31088C0467B681B684C
:102630009A687B681B685A490A409A603B191B6874
:102640003B623B6A83F31088C0467B688C22202162
:1026500099507B680022DA667B6800225A67EFF3A4
:1026600010837B627B6A80243A1913600123BB626A
:10267000BB6A83F31088C0467B681B681A687B6856
:102680001B6810218A431A603B191B68FB62FB6AB6
:1026900083F31088C0467B6802221A673B181A88A9
:1026A0007B6811001800F1F71DFF6FE0A423FB18F1
:1026B0001A6880235B03134010D09C23FB181A6810
:1026C0008023DB03134009D07B681B688022520300
:1026D0001A627B681800F2F7D3F95AE0A423FB18BA
:1026E0001B688022134016D0A023FB181B68802291
:1026F000134006D19C23FB181A6880231B04134047
:1027000009D07B689B6F002B42D07B689B6F7A68F7
:10271000100098473CE0A423FB181B68402213409C
:102720000AD0A023FB181B684022134004D07B680A
:10273000180001F06BF92CE0A423FB181A68802321
:102740001B0413400BD0A023FB181A688023DB0561
:10275000134004D07B68180001F08CF919E0A42321
:10276000FB181A6880235B04134012D0A023FB18C7
:102770001B68002B0DDA7B68180001F073F908E084
:10278000C04606E0C04604E0C04602E0C04600E0A5
:10279000C046BD462AB0B0BDFFFEFFFFDFFEFFFF13
:1027A000FEFFFFEF80B582B000AF7860C046BD4647
:1027B00002B080BDB0B590B000AF78621A2320227D
:1027C0009B18DB1900221A707B6A9A687B6A1B6966
:1027D0001A437B6A5B691A437B6ADB691343FB63B9
:1027E0007B6A1B681B68C14A134019007B6A1A6820
:1027F000FB6B0B4313607B6A1B685B68BC4A13402E
:1028000018007B6AD9687B6A1A6803000B4353601F
:102810007B6A9B69FB637B6A1B68B64A934209D05B
:102820007B6A1B68B44A934204D07B6A1B6AFA6BCA
:102830001343FB637B6A1B689B68B04A1340190013
:102840007B6A1A68FB6B0B4393607B6A1B68DB6ACD
:102850000F22934318007B6A596A7B6A1A68030047
:102860000B43D3627B6A1B68A54A934231D1A54BC7
:102870005B6D03221340032B1DD023D8022B0CD0F9
:1028800020D8002B02D0012B0ED01BE01B232022CE
:102890009B18DB1900221A7054E11B2320229B187D
:1028A000DB1902221A704DE11B2320229B18DB1931
:1028B00004221A7046E11B2320229B18DB190822F0
:1028C0001A703FE11B2320229B18DB1910221A707B
:1028D00038E17B6A1B688C4A934231D1894B5B6D2E
:1028E0000C2213400C2B1DD023D8082B0CD020D841
:1028F000002B02D0042B0ED01BE01B2320229B18A0
:10290000DB1900221A701DE11B2320229B18DB1902
:1029100002221A7016E11B2320229B18DB190422C5
:102920001A700FE11B2320229B18DB1908221A7052
:1029300008E11B2320229B18DB1910221A7001E1E9
:102940007B6A1B68714A934231D16E4B5B6D3022BA
:102950001340302B1DD023D8202B0CD020D8002B97
:1029600002D0102B0ED01BE01B2320229B18DB195A
:1029700000221A70E6E01B2320229B18DB1902229A
:102980001A70DFE01B2320229B18DB1904221A7027
:10299000D8E01B2320229B18DB1908221A70D1E0F3
:1029A0001B2320229B18DB1910221A70CAE07B6AB5
:1029B0001B68574A934206D11B2320229B18DB1920
:1029C00000221A70BEE07B6A1B68524A934206D10D
:1029D0001B2320229B18DB1900221A70B2E07B6AAD
:1029E0001B684D4A934206D11B2320229B18DB19FA
:1029F00000221A70A6E07B6A1B683E4A93423ED1D1
:102A0000404B5A6DC0231B011340C0221201934258
:102A100027D0C022120193422AD880221201934269
:102A200011D080221201934222D8002B04D08022A0
:102A3000D20093420ED01BE01B2320229B18DB19EF
:102A400000221A707EE01B2320229B18DB19022231
:102A50001A7077E01B2320229B18DB1904221A70BE
:102A600070E01B2320229B18DB1908221A7069E0F2
:102A70001B2320229B18DB1910221A7062E07B6A4C
:102A80001B681D4A934257D11E4B5A6DC0239B00B1
:102A90001340C0229200934240D0C0229200934241
:102AA00043D880229200934211D080229200934218
:102AB0003BD8002B04D08022520093420ED034E049
:102AC0001B2320229B18DB1900221A703AE01B23DB
:102AD00020229B18DB1902221A7033E01B232022CC
:102AE0009B18DB1904221A702CE0C046F369FFCF53
:102AF000FFCFFFFF0080004000840040FFF4FF1183
:102B000000380140001002400044004000480040EE
:102B1000004C004000500040003C01401B2320229C
:102B20009B18DB1908221A700CE01B2320229B182B
:102B3000DB1910221A7005E01B2320229B18DB19D9
:102B400010221A707B6A1B68C14A934205D07B6AC7
:102B50001B68C04A934200D093E01B2320229B189D
:102B6000DB191B78082B15D018DC042B0DD015DCD5
:102B7000002B02D0022B05D010E0FEF77FF80300F7
:102B80007B6314E0B44B7B6311E0FDF7EBFF0300C4
:102B90007B630CE080231B027B6308E000237B63E4
:102BA0001A2320229B18DB1901221A70C0467B6B66
:102BB000002B00D135E17B6A5A6AA84B5200D35AE8
:102BC0001900786BDDF7C6FA0300BB627B6A5A68AE
:102BD00013005B009B18BA6A9A4205D37B6A5B6854
:102BE0001B03BA6A9A4206D91A2320229B18DB19C2
:102BF00001221A7044E07B6BBB610023FB617B6A9E
:102C00005A6A964B5200D35A3B6100237B613A6962
:102C10007B69B869F969DDF78BFC02000B00110EC6
:102C20001D020D4314027B6A5B685B08BB600023D6
:102C3000FB60B868F968001969417B6A5B683B60B2
:102C400000237B603A687B68DDF772FC02000B00B2
:102C500013003B633A6BC0239B009A4209D33A6B43
:102C600080235B039A4204D27B6A1B683A6BDA606A
:102C700006E01A2320229B18DB1901221A70D0E0EB
:102C8000CFE07B6ADA6980231B029A4200D070E0B1
:102C90001B2320229B18DB191B78082B15D018DC6E
:102CA000042B0DD015DC002B02D0022B05D010E038
:102CB000FDF7E4FF03007B6314E0674B7B6311E0E7
:102CC000FDF750FF03007B630CE080231B027B6356
:102CD00008E000237B631A2320229B18DB190122C2
:102CE0001A70C0467B6B002B00D19AE07B6A5A6A4F
:102CF0005A4B5200D35A1900786BDDF72BFA0300B8
:102D00005A007B6A5B685B08D2187B6A5B681900B3
:102D10001000DDF71FFA03003B633B6B0F2B21D93B
:102D20003A6B80235B029A421CD23B6B9AB20E2014
:102D300020240319DB190F218A431A803B6B5B089F
:102D40009BB20722134099B20319DB190219D21959
:102D500012880A431A807B6A1B680219D2191288EA
:102D6000DA605EE01A2320229B18DB1901221A7018
:102D700057E01B2320229B18DB191B78082B15D04A
:102D800018DC042B0DD015DC002B02D0022B05D053
:102D900010E0FDF773FF03007B6314E02E4B7B63B1
:102DA00011E0FDF7DFFE03007B630CE080231B02D4
:102DB0007B6308E000237B631A2320229B18DB1926
:102DC00001221A70C0467B6B002B2AD07B6A5A6A9C
:102DD000224B5200D35A1900786BDDF7BBF9030080
:102DE0001A007B6A5B685B08D2187B6A5B68190013
:102DF0001000DDF7AFF903003B633B6B0F2B0AD9E3
:102E00003A6B80235B029A4205D23B6B9AB27B6A93
:102E10001B68DA6005E01A2320229B18DB190122C7
:102E20001A707B6A6A22012199527B6A6822012109
:102E300099527B6A00225A677B6A00229A671A239A
:102E400020229B18DB191B781800BD4610B0B0BDBE
:102E500000800040008400400024F40028D80208CC
:102E600080B582B000AF78607B689B6A082213400F
:102E70000BD07B681B685B684A4A134019007B686B
:102E80009A6B7B681B680A435A607B689B6A0122C5
:102E900013400BD07B681B685B68434A13401900E2
:102EA0007B68DA6A7B681B680A435A607B689B6AA6
:102EB000022213400BD07B681B685B683B4A1340BF
:102EC00019007B681A6B7B681B680A435A607B6831
:102ED0009B6A042213400BD07B681B685B68344AF2
:102EE000134019007B685A6B7B681B680A435A6061
:102EF0007B689B6A102213400BD07B681B689B6821
:102F00002C4A134019007B68DA6B7B681B680A4304
:102F10009A607B689B6A202213400BD07B681B68F9
:102F20009B68254A134019007B681A6C7B681B68F4
:102F30000A439A607B689B6A402213401DD07B68DD
:102F40001B685B681D4A134019007B685A6C7B68DC
:102F50001B680A435A607B685A6C80235B039A4261
:102F60000BD17B681B685B68154A134019007B68AE
:102F70009A6C7B681B680A435A607B689B6A802254
:102F800013400BD07B681B685B680E4A1340190026
:102F90007B68DA6C7B681B680A435A60C046BD4692
:102FA00002B080BDFF7FFFFFFFFFFDFFFFFFFEFFC1
:102FB000FFFFFBFFFFEFFFFFFFDFFFFFFFFFEFFF65
:102FC000FFFF9FFFFFFFF7FF80B592B002AF786071
:102FD0007B68902200219950F9F7E0FE0300FB6323
:102FE0007B681B681B6808221340082B2DD1FB6BE4
:102FF000802291037868474A0092002200F08EF800
:10300000031E22D0EFF310837B627B6ABB63012334
:10301000BB62BB6A83F31088C0467B681B681A6872
:103020007B681B6880218A431A60BB6BFB62FB6A6A
:1030300083F31088C0467B688822202199507B68E2
:10304000842200219954032360E07B681B681B687D
:1030500004221340042B46D1FB6B8022D1037868F5
:103060002C4A0092002200F059F8031E3BD0EFF3E7
:103070001083FB60FB687B6301233B613B6983F347
:103080001088C0467B681B681A687B681B682249E9
:103090000A401A607B6B7B617B6983F31088C046B2
:1030A000EFF31083BB61BB693B630123FB61FB69E9
:1030B00083F31088C0467B681B689A687B681B682E
:1030C00001218A439A603B6B3B623B6A83F3108821
:1030D000C0467B688C22202199507B688422002185
:1030E0009954032312E07B688822202199507B6841
:1030F0008C22202199507B680022DA667B680022AE
:103100001A677B6884220021995400231800BD4669
:1031100010B080BDFFFFFF01DFFEFFFF80B584B070
:1031200000AFF860B9603B60FB1D1A7051E0BB69ED
:1031300001334ED0F9F732FE02003B68D31ABA6968
:103140009A4202D3BB69002B01D1032351E0FB68F3
:103150001B681B68042213403BD0BB68802B38D00F
:10316000BB68402B35D0FB681B68DB690822134025
:10317000082B11D1FB681B6808221A62FB68180033
:1031800000F022F9FB68902208219950FB68842204
:103190000021995401232CE0FB681B68DA69802325
:1031A0001B011A4080231B019A4212D1FB681B6845
:1031B000802212011A62FB68180000F005F9FB6812
:1031C000902220219950FB688422002199540323E6
:1031D0000FE0FB681B68DB69BA681340BA68D31A52
:1031E0005A425341DBB21A00FB1D1B789A429ED013
:1031F00000231800BD4604B080BD000080B590B02B
:1032000000AFF860B960BB1D1A80FB68BA689A65A8
:10321000FB68BA1D5C2112885A52FB68902200217B
:103220009950FB688C2222219950FB6880229B5880
:10323000002B2DD0FB6880229B58404ADA62FB6845
:1032400080229B583E4A1A63FB6880229B583D4A65
:103250005A63FB6880229B5800229A63FB68802295
:103260009858FB681B6824331900FB689B6D1A0093
:10327000BB1D1B88FBF76AFA031E09D0FB6890226E
:1032800010219950FB688C2220219950012350E095
:10329000FB681B69002B19D0EFF31083BB62BB6A7C
:1032A000FB630123FB62FB6A83F31088C046FB6863
:1032B0001B681A68FB681B68802149000A431A6072
:1032C000FB6B3B633B6B83F31088C046EFF31083CB
:1032D0003B613B69BB6301237B617B6983F310889E
:1032E000C046FB681B689A68FB681B6801210A439B
:1032F0009A60BB6BBB61BB6983F31088C046EFF378
:103300001083FB61FB697B6301233B623B6A83F3B0
:103310001088C046FB681B689A68FB681B684021E0
:103320000A439A607B6B7B627B6A83F31088C0469A
:1033300000231800BD4610B080BDC0469534020879
:10334000C53502080736020880B58AB000AF78603C
:10335000EFF31083BB60BB687B620123FB60FB68FB
:1033600083F31088C0467B681B681A687B681B68FB
:10337000C0218A431A607B6A3B613B6983F31088F2
:10338000C046EFF310837B617B693B620123BB6125
:10339000BB6983F31088C0467B681B689A687B68AA
:1033A0001B6808490A409A603B6AFB61FB6983F32A
:1033B0001088C0467B68882220219950C046BD46AF
:1033C0000AB080BDFFFF7FFF80B58EB000AF786090
:1033D000EFF310837B617B697B630123BB61BB6976
:1033E00083F31088C0467B681B681A687B681B687B
:1033F00026490A401A607B6BFB61FB6983F31088E6
:10340000C046EFF310833B623B6A3B6301237B6260
:103410007B6A83F31088C0467B681B689A687B6868
:103420001B681B490A409A603B6BBB62BB6A83F313
:103430001088C0467B68DB6E012B18D1EFF3108338
:10344000BB60BB68FB620123FB60FB6883F31088F1
:10345000C0467B681B681A687B681B6810218A431A
:103460001A60FB6A3B613B6983F31088C0467B6846
:103470008C22202199507B680022DA667B6800222A
:103480005A67C046BD460EB080BDC046DFFEFFFF96
:10349000FEFFFFEF80B594B000AF78607B689B6A59
:1034A000FB647B681B681B68202213406FD1FB6C98
:1034B0005E2200219952EFF31083BB61BB69BB64AC
:1034C0000123FB61FB6983F31088C046FB6C1B681A
:1034D0001A68FB6C1B683A490A401A60BB6C3B6275
:1034E0003B6A83F31088C046EFF310837B627B6AEC
:1034F0007B640123BB62BB6A83F31088C046FB6C0C
:103500001B689A68FB6C1B6801218A439A607B6C7C
:10351000FB62FB6A83F31088C046EFF310833B63C2
:103520003B6B3B6401237B637B6B83F31088C0465A
:10353000FB6C1B689A68FB6C1B6840218A439A608D
:103540003B6CBB63BB6B83F31088C046FB6C8C2267
:1035500020219950FB6CDB6E012B18D1EFF3108307
:10356000FB60FB68FB6301233B613B6983F31088CD
:10357000C046FB6C1B681A68FB6C1B6810218A43F1
:103580001A60FB6B7B617B6983F31088C046FB6C20
:1035900000221A67FB6CDB6E012B08D1FB6C5C22EE
:1035A0009A5AFB6C11001800F0F79CFF03E0FB6CCB
:1035B0001800F1F75DFAC046BD4614B080BDC046A4
:1035C000FFFEFFFF80B584B000AF78607B689B6A28
:1035D000FB60FB6801221A67FB68DB6E012B0AD1D6
:1035E000FB685C229B5A5B089AB2FB6811001800CA
:1035F000F0F778FF03E0FB681800FFF7D3F8C04648
:10360000BD4604B080BD80B586B000AF78607B68F1
:103610009B6A7B617B6988229B583B617B698C221A
:103620009B58FB607B691B689B6880221340802B42
:103630000AD13B69212B07D17B695622002199527F
:103640007B691800FFF780FE7B691B689B6840223E
:103650001340402B0AD1FB68222B07D17B695E22E5
:10366000002199527B691800FFF7AEFE7B6990221A
:103670009B5810221A437B6990215A507B6918008D
:10368000F1F78CF9C046BD4606B080BD80B584B068
:1036900000AF78607B689B6AFB60FB685E2200215C
:1036A0009952FB68562200219952FB681800F1F7E5
:1036B00075F9C046BD4604B080BD80B58AB000AF84
:1036C00078607B6888229B58212B4CD17B685622DE
:1036D0009B5A9BB2002B32D1EFF31083BB60BB68C7
:1036E0007B620123FB60FB6883F31088C0467B6824
:1036F0001B681A687B681B6880218A431A607B6A92
:103700003B613B6983F31088C046EFF310837B6114
:103710007B693B620123BB61BB6983F31088C046B0
:103720007B681B681A687B681B6840210A431A6023
:103730003B6AFB61FB6983F31088C04613E07B683A
:103740001B6D1A787B681B689A627B681B6D5A1C1C
:103750007B681A657B6856229B5A9BB2013B99B2E3
:103760007B6856229952C046BD460AB080BD80B5DE
:103770008CB000AF78607B6888229B58212B51D198
:103780007B6856229B5A9BB2002B32D1EFF31083F9
:10379000FB60FB68BB6201233B613B6983F31088DC
:1037A000C0467B681B681A687B681B6880218A4357
:1037B0001A60BB6A7B617B6983F31088C046EFF3B4
:1037C0001083BB61BB697B620123FB61FB6983F3EF
:1037D0001088C0467B681B681A687B681B6840219C
:1037E0000A431A607B6A3B623B6A83F31088C046D7
:1037F00018E07B681B6DFB62FB6A1B881A007B6804
:103800001B68D205D20D9A627B681B6D9A1C7B687F
:103810001A657B6856229B5A9BB2013B99B27B6822
:1038200056229952C046BD460CB080BD80B58CB0C2
:1038300000AF78607B6888229B58212B65D12E23AE
:10384000FB187A686A21525A1A8059E07B6856221E
:103850009B5A9BB2002B33D1EFF31083FB60FB68C4
:10386000BB6201233B613B6983F31088C0467B68E0
:103870001B689A687B681B6826490A409A60BB6A85
:103880007B617B6983F31088C046EFF31083BB61D3
:10389000BB697B620123FB61FB6983F31088C0462F
:1038A0007B681B681A687B681B6840210A431A60A2
:1038B0007B6A3B623B6A83F31088C046C04624E0C3
:1038C0007B681B68DB698022134013D07B681B6D0B
:1038D0001A787B681B689A627B681B6D5A1C7B6830
:1038E0001A657B6856229B5A9BB2013B99B27B6852
:1038F000562299522E217B181A887B18013A1A8079
:103900002E23FB181B88002BA0D1C046BD460CB04F
:1039100080BDC046FFFF7FFF80B58CB000AF7860F0
:103920007B6888229B58212B6AD12E23FB187A684A
:103930006A21525A1A805EE07B6856229B5A9BB2DB
:10394000002B33D1EFF31083BB60BB687B62012394
:10395000FB60FB6883F31088C0467B681B689A682D
:103960007B681B6828490A409A607B6A3B613B6917
:1039700083F31088C046EFF310837B617B693B6261
:103980000123BB61BB6983F31088C0467B681B6859
:103990001A687B681B6840210A431A603B6AFB6116
:1039A000FB6983F31088C046C04629E07B681B682A
:1039B000DB698022134018D07B681B6DBB62BB6A39
:1039C0001B881A007B681B68D205D20D9A627B683F
:1039D0001B6D9A1C7B681A657B6856229B5A9BB2AA
:1039E000013B99B27B68562299522E217B181A8886
:1039F0007B18013A1A802E23FB181B88002B9BD1C1
:103A0000C046BD460CB080BDFFFF7FFF80B586B0CD
:103A100000AF7860EFF31083BB60BB687B6101236C
:103A2000FB60FB6883F31088C0467B681B681A68DC
:103A30007B681B6840218A431A607B693B613B6954
:103A400083F31088C0467B688822202199507B68C8
:103A500000229A677B681800F0F77CFFC046BD46DD
:103A600006B080BD80B582B000AF7860C046BD466C
:103A700002B080BD80B582B000AF7860C046BD4660
:103A800002B080BD80B588B002AFF8603B1D196000
:103A90005A601723FB1800221A70FB6884229B5C73
:103AA000012B01D102234CE0FB68842201219954AF
:103AB000FB68882224219950FB681B681A68FB6800
:103AC0001B6801218A431A60FB681B689B681F4AB8
:103AD000134019003B1D1A68FB681B680A439A6073
:103AE0003B1D1B68002B05D13B1DF86819685A68FF
:103AF00000F0B6F9FB681B681A68FB681B680121B7
:103B00000A431A60F9F74AF903003B613B698022D6
:103B1000D103F8680E4A00920022FFF7FFFA031E55
:103B200004D01723FB1803221A7003E0FB688822D5
:103B300020219950FB688422002199541723FB18F7
:103B40001B781800BD4606B080BDC046FFFFCFFF02
:103B5000FFFFFF0180B586B000AF78607B688422EC
:103B60009B5C012B01D1022321E07B68842201218F
:103B70009954EFF31083BB60BB687B610123FB604A
:103B8000FB6883F31088C0467B681B681A687B68F3
:103B90001B6802210A431A607B693B613B6983F31E
:103BA0001088C0467B6884220021995400231800A5
:103BB000BD4606B080BD80B586B000AF78607B683A
:103BC00084229B5C012B01D1022321E07B688422AB
:103BD00001219954EFF31083BB60BB687B61012323
:103BE000FB60FB6883F31088C0467B681B681A681B
:103BF0007B681B6802218A431A607B693B613B69D1
:103C000083F31088C0467B688422002199540023E6
:103C10001800BD4606B080BD80B584B000AF7860A6
:103C20007B6884229B5C012B01D1022327E07B6807
:103C30008422012199547B688822242199507B6831
:103C40001B681B68FB607B681B681A687B681B68C5
:103C500001218A431A60FB680B4A1340FB607B68B2
:103C600000225A667B681B68FA681A607B688822A3
:103C7000202199507B688422002199540023180048
:103C8000BD4604B080BDC046FFFFFFDF80B584B0F5
:103C900000AF786039607B6884229B5C012B01D186
:103CA00002232EE07B688422012199547B688822BC
:103CB000242199507B681B681B68FB607B681B682C
:103CC0001A687B681B6801218A431A607B681B683D
:103CD0009B68DB00D9087B681B683A680A439A60D6
:103CE0007B68180000F0E0F87B681B68FA681A60CF
:103CF0007B688822202199507B6884220021995476
:103D000000231800BD4604B080BD000080B584B01B
:103D100000AF786039607B6884229B5C012B01D105
:103D200002232FE07B688422012199547B6888223A
:103D3000242199507B681B681B68FB607B681B68AB
:103D40001A687B681B6801218A431A607B681B68BC
:103D50009B680E4A134019007B681B683A680A4347
:103D60009A607B68180000F09FF87B681B68FA680F
:103D70001A607B688822202199507B688422002168
:103D8000995400231800BD4604B080BDFFFFFFF129
:103D9000B0B58AB000AFF860B960BB1D1A80FB688F
:103DA0008C229B58202B56D1BB68002B03D0BB1D07
:103DB0001B88002B01D101234EE0FB689A68802309
:103DC0005B019A4209D1FB681B69002B05D1BB68D6
:103DD0000122134001D001233EE0FB680122DA6694
:103DE000FB6800221A6727257C19BB1D1A88B96851
:103DF000FB681800FFF702FA030023707B191B7899
:103E0000002B24D1FB68DB6E012B1CD1FB681B68E7
:103E100010221A62EFF310837B617B693B620123FE
:103E2000BB61BB6983F31088C046FB681B681A68D6
:103E3000FB681B6810210A431A603B6AFB61FB693F
:103E400083F3108803E02723FB1801221A7027232D
:103E5000FB181B7800E002231800BD460AB0B0BD75
:103E600080B584B000AFF8603B1D19605A60FB68F4
:103E70001B685B68102293431A003B1D9B88190046
:103E8000FB681B680A435A60FB681B685B681B027F
:103E9000190A3B1D9B791A06FB681B680A435A6086
:103EA000C046BD4604B080BDF0B585B000AF7860B7
:103EB0007B685B6E002B08D17B686A2201219952D6
:103EC0007B6868220121995243E00F26BB19082222
:103ED0001A700E203B1808221A707B681B689B68BA
:103EE0005B0EDAB20D243B1907210A401A707B6879
:103EF0001B689B685B0FDAB20C257B1907210A400F
:103F00001A703B181B787A19127814498A5C5A4344
:103F100010007B191B78124AD35C1900DCF7A4F956
:103F2000030099B27B686A229952BB191B783A192F
:103F300012780A498A5C5A4310003B191B78084AD8
:103F4000D35C1900DCF790F9030099B27B68682212
:103F50009952C046BD4605B0F0BDC04648D80208DB
:103F600050D8020880B500AFE0F762FCFEE7000021
:103F700080B582B000AF7860084B1800EEF7CCFA3D
:103F8000074B1800EEF79AFA064B1800EEF780FA86
:103F9000054B1800EEF7AAFAEEE7C04620A4012070
:103FA00057A4012024A4012056A4012080B584B088
:103FB00000AFF860B9607A6001235B421800BD462B
:103FC00004B080BD80B584B000AFF860B9607A609D
:103FD00001235B421800BD4604B080BD80B584B0AB
:103FE00000AFF860B9607A6001235B421800BD46FB
:103FF00004B080BD80B582B000AF78603960012325
:104000005B421800BD4602B080BD80B582B000AFF3
:10401000786000231800BD4602B080BD80B500AFB7
:1040200001231800BD4680BD80B582B000AF786026
:1040300039603B68802292015A6000231800BD4617
:1040400002B080BD80B582B000AF786001235B42D2
:104050001800BD4602B080BD10B5002101F01AFA6B
:1040600010BD10B50A22002101F0ACFA10BD10B548
:104070000A22002101F0A6FA10BD000010B5034B82
:104080000100186800F00EF810BDC046940700202B
:1040900010B5034B0100186801F084FD10BDC04647
:1040A00094070020F0B50D0087B00B350190162D58
:1040B00009D907239D4307D50C23019A13600024D7
:1040C000200007B0F0BD1025A942F5D8019800F0F6
:1040D000F9F9FC23BA4E5B009D421DD22A0008323A
:1040E000B218110054680839EB088C4203D1D46827
:1040F0000233A24226D003226368A1689343E26898
:10410000E318CA609160012259680A435A60019815
:1041100000F0E0F90834D3E73F236A0A03D0042A09
:1041200026D8AB09383303229446D9008919CC68C4
:104130008C4206D0604662688243571B0F2F2FDDEA
:10414000013B013334699F498C4250D0032062689F
:104150008243501B0F2831DD012367191D430343A0
:10416000656077613761F960B9607B60A050CEE728
:10417000142A02D813005B33D5E7542A02D82B0B3C
:104180006E33D0E7AA235B009A4202D8EB0B773359
:10419000C9E78D497E238A42C5D8AB0C7C33C2E780
:1041A000E068002F08DBA368D86083600123A218B1
:1041B00051680B435360AAE70400B9E771613161AC
:1041C0000028F3DA71688C46802189008A4200D386
:1041D0008AE0D108500901228240604602437260A1
:1041E000CA0092199168E260A1609460CC600122DB
:1041F000734899108A404168914226D30A4205D1FA
:104200000324A343520004330A42FBD0DE00861984
:10421000B44602936146CC68644500D09BE0083404
:10422000A44603240299013102912142F2D1234292
:1042300000D0B7E0436893434360614B5200596834
:10424000914202D3002A00D0B8E00322836802938F
:104250005B6893430393AB4203D35A1B0F2A00DDE1
:104260001FE1029B039A08209E18584B1B681033CD
:104270005F1901F00BFC564B04901B68013303D00F
:10428000013F3B1847421F403900019801F0AAFB4B
:104290000400431C00D1DAE0864204D9484B029A5C
:1042A0009A4200D0D3E04B4A1368FB181360049A7B
:1042B000013AA64200D093E0164200D090E0404B75
:1042C0009A68039BDF1901233B435360414B424AE9
:1042D0001B6811688B4200D91360404A11688B42F9
:1042E00000D8B4E01360B2E0500A042811D8910954
:1042F0003831CF00BF19B868874225D10122891013
:104300008A4061460A437260E760A060BC60C46096
:104310006DE7142802D801005B31EAE7542802D87F
:10432000110B6E31E5E7AA214900884202D8D10B72
:104330007731DEE7244F7E21B842DAD8910C7C3108
:10434000D7E78068874204D003264168B143914291
:10435000F7D8C768D8E703276168B9430391E768CE
:10436000491B0F2910DD0122631915436560A568FB
:104370000A43EF60BD604361036112485A60D86030
:104380009860039BE150C2E6002909DB039BE1181A
:1043900001234A6813434B60A368DF60BB60B6E645
:1043A0003C0039E73168083E013BB14200D13EE7AD
:1043B00043E7043352000A42FBD027E7029BFAE7A7
:1043C000140200201C0200205405000088A40120D3
:1043D0000C02002058A4012084A4012080A4012004
:1043E00035490868013040D10C60072126000023C0
:1043F0000E400C4202D008339B1BE418E1190591D2
:10440000059F04991740CB18DF1B1740390001980E
:1044100001F0E8FA431C07D1371E059804D030009C
:104420000027059B08381818244A001B1368C01978
:10443000DB1913600122224B029910439C606060DB
:10444000994200D142E7039B0F2B13D862600322ED
:104450001B4B9B685B6893435A1BAB4201D30F2AEB
:104460001FDC019800F036F829E61449A61BF6185F
:104470000E60BAE70721039B0C3B8B430299496806
:104480000A4002991A434A60CA1805215160916096
:104490000F2B00D81AE702990198083101F082FB2E
:1044A00014E701231800064928438C681343651953
:1044B00060608D606B602AE60C02002058A4012029
:1044C0001402002010B5024801F0DEFA10BDC0460B
:1044D000CCA5012010B5024801F0D7FA10BDC046A6
:1044E000CCA50120094B10B51C68094A98342068F6
:1044F0006168084BDCF73CF8012200238018594121
:10450000206061604800400810BDC046940700204C
:104510002D7F954C2DF4515810B5034B0A00010026
:10452000186800F003F810BD94070020F0B587B0BC
:104530000C1E0390059206D11100FFF7B3FD070092
:10454000380007B0F0BD0398FFF7BCFF2300083B1D
:104550005F6802933A0003239A43059B04920B334E
:10456000162B08D907229343019306D50C23039AEF
:1045700013600027E4E710230193059B019A9342FF
:10458000F4D8049B019A934200DB6DE1049A029BEC
:10459000BA489B18826894465A689C4506D0012503
:1045A0001100A94359184968294244D103218A437B
:1045B00004998E1801999C4517D11031B1423CDC09
:1045C000019A01219446B61A2200029B0E436344CD
:1045D0008360083A5E60536803980B4061460B4362
:1045E0005360FFF777FF2700AAE7B14225DCDA68BE
:1045F0009B68DA609360019B029AF41A029B9219FD
:104600005868012318400F2C00D82FE1019D029912
:1046100028434919029D1C4368604C60506808316A
:1046200003435360039801F0BDFA0398FFF752FF6C
:10463000029F083784E700221300FF0700D5C6E079
:104640002100032008390D6802994D1B69688143D8
:1046500004980F18002B00D184E0D6199C4548D14E
:10466000019B1033B3427DDCAA68EB682F00D36056
:104670009A600200043A0837242A35D83B00132AEE
:1046800008D92368AB606368EB601B2A1AD82B003B
:104690000834103322681A6062685A60A2689A600F
:1046A000019B764AEB189360019AB61A01221643D1
:1046B0005E606B681340019A13436B600398FFF7C9
:1046C00009FF3DE7A3682B61E3686B61242A03D0EF
:1046D0002B0010341833DDE72369AB612B006269CE
:1046E0002033EA611834D5E72100380001F0A6F83C
:1046F000D6E7019AB24235DC2800DA689B680830B8
:10470000DA609360AA68EB68D3609A60049A043A0E
:10471000242A23D8132A07D92368AB606368EB6087
:104720001B2A09D808340830236803606368436093
:10473000A368836002955EE7A3682B61E3686B6101
:10474000242A03D0280010341830EDE7280023690C
:104750002030AB6163691834EB61E5E7210001F0BB
:104760006DF8E7E7019BBB4231DC2800AA68EB68E3
:104770000830D3609A60049A043A242A23D8132A72
:1047800007D92368AB606368EB601B2A09D808343B
:1047900008302368036063684360A36883603E0059
:1047A000C8E7A3682B61E3686B61242A03D0280063
:1047B00010341830EDE7280023692030AB616369BD
:1047C0001834EB61E5E7210001F038F8E7E70599D7
:1047D0000398FFF767FC071E03D10398FFF77AFEE3
:1047E000C7E623000122083B5B689343029AD31873
:1047F0000200083A934205D15E6803239E43049B5E
:10480000F618F8E6049A043A242A29D8030021006D
:10481000132A08D923680360636843601B2A0DD8F4
:104820000300083108330A681A604A685A608A68C7
:104830009A602100039801F0B5F93FE7A36883600F
:10484000E368C360242A03D0030010311033EAE781
:104850002369183103610300626918334261E2E79A
:10486000210000F0EBFFE4E7049EC4E60299064352
:104870004E6051680B435360D7E6C04614020020D7
:1048800070B516000D0002F0EBF8002E0DD06B2372
:104890006A00520D9B1A002B07DD0024034A1B05FA
:1048A0009D182B002200DDF78BFE70BD0000F03F4D
:1048B000F0B5A3B01B9200220026002705900991B5
:1048C0001E921D910A782B2A53D03FD80D2A39D831
:1048D000082A39D8002A42D00022129200211D9DB8
:1048E0000C912A78302A00D083E06A7820318A43FC
:1048F000582A00D073E00293129B954A01931EAB95
:10490000009305981FAB1DA901F066FA0F23020062
:104910001A4004000692184205D0062A2BD1002323
:1049200001351D9512931B9B002B02D01D9B1B9ADA
:104930001360129B002B19D0802330001B06F9183E
:1049400023B0F0BD202AC7D10131BAE72D2AC3D147
:104950002C3A12924A1C1D924A78002ABED1099B19
:104960001D93002312931B9B002BDFD130003900D5
:10497000E6E70022EDE71E9A002A07D0352120A89D
:1049800002F064F91E99059801F052FD06981F9BEC
:104990000138042806D8DBF7C9FB12031C1E1200DD
:1049A000209E219FE40502D580231B061F43694BEF
:1049B0003B42B8D101F03CF822230360B3E76649DB
:1049C000219A209E0A4065495B181B051A4317006F
:1049D000E8E7604FE6E70126614F7642E2E71D9B7C
:1049E0005A1C1D925B78302BF9D0002B9BD00123F1
:1049F0000C9300250A221D9B0D95139308951D9875
:104A000004782300303BD9B2092927D9012255491E
:104A100000F04AFF002831D0002023008446089A85
:104A20000E9006922022190091430A00002107915E
:104A3000452A00D0C0E0069B0C9A034313438B42E7
:104A40008DD01D9B099301331D93099B5B782B2B04
:104A500070D00C002D2B73D101246CE0089908292B
:104A600009DC0D9951435B180D93089B013001330C
:104A700008931D90C3E755435D19F6E71D9B5A1C2B
:104A80001D92089A5B78002A3AD00E9006921A007E
:104A9000303A092A12D901229446C3E71D9B0130FE
:104AA0005A1C1D925B78302BF8D01A00313A082A34
:104AB0003BD80E9000201D9A069013921A00411CBC
:104AC000303A302B16D00E9B5B180E93069B0A21B2
:104AD0009C4684449C4515D10699069B01310918D2
:104AE0001B180691082B19DC0A230D994B43002152
:104AF000D3180D931D9B08005A1C1D925B78C6E7C6
:104B00000898D0E75C1C082B04DC0D9B4B430D93ED
:104B10002300DFE7102CFBDC4D43F9E700210F2BCE
:104B2000E8DC0A235D435519E4E700220E92069261
:104B30000132B1E70024099B02331D93099B9B7846
:104B40001A00303A092A13D9099A1D92002232E03C
:104B50002CD902080000F07FFFFFEFFF33040000B4
:104B6000FFFFFF7F14D902081D9B5A1C1D925B7822
:104B7000302BF9D0002207921A00313A082A1BD8AC
:104B8000303B10931D9B07931D9B591C1D915B7817
:104B90001A00303A092A3AD9079A8A1AB449079171
:104BA000082A04DC109A07928A4200DD0791002C43
:104BB00002D0079A52420792069A002A4DD10C9AC7
:104BC000104300D0AFE66246002A00D0C7E6692B4A
:104BD00027D023DC492B24D04E2B00D0BFE6A5499B
:104BE0001DA801F02FFB002800D1B8E61D9B1B7803
:104BF000282B2CD1A04920AA1DA801F037FB05289D
:104C000025D1219B9D4A209E1A4317008BE60A223C
:104C100010994A43D218303A1092B5E76E2BDED085
:104C20009DE697491DA801F00DFB002800D196E6EE
:104C30001D9B9449013B1DA81D9301F003FB002817
:104C400002D11D9B01331D9300268C4F6BE68E48CD
:104C500000F038FF06000F0065E6079B0E9A9B1ACE
:104C60000C93089B002B01D1069B0893069C102CEB
:104C700000DD10240D98DEF793FB069B06000F0065
:104C8000092B13DC0C9B002B00D14CE60C9B002B5A
:104C900000DC7EE0162B63DC7C49DB00C9183200A7
:104CA000086849683B00DDF78BFCD3E72200774BAF
:104CB000093AD2009B181A685B68DDF781FC060090
:104CC00028000F00DEF76CFB0B00020039003000FB
:104CD000DCF7CEFC069B06000F000F2BD2DD069BF7
:104CE0001C1B0C9BE418002C00DC9BE00F22230013
:104CF000134014420AD06549DB00C9183200086825
:104D000049683B00DDF75CFC06000F000F239C4365
:104D100073D02633FF339C424BDD00230693079369
:104D20000D93089322230026059A544F13600D9B80
:104D3000B34200D1F7E51E99059801F079FB089977
:104D4000059801F075FB0799059801F071FB0D9925
:104D5000059801F06DFB0699059801F069FBE2E505
:104D60002523069A9B1A0C9A9342B8DB0F24069BC4
:104D7000464DE41AE10069183200086849683B00B2
:104D8000DDF71EFC0C9B1C1BE4002D192A686B68C8
:104D900089E70C9B1633A2DB07990E9A3B4B521AFC
:104DA000D2009B1830001A685B683900DCF7C4FF3A
:104DB00050E7002330003900354D24110993012CB0
:104DC0001EDC002B01D006000F00324B099AFF18A1
:104DD0002F4BD5005D193200286869683B00DDF76C
:104DE000EFFB264B2C4A06000B40934295D82B4AEA
:104DF000934213D901262A4F76420023099386E075
:104E00000122144204D02A686B68DDF7D9FB012324
:104E1000099A6410013209920835D0E7D4239B0423
:104E2000CF18EAE7002CE8D064420F2322001A4092
:104E30001C420AD0154BD2009B1830001A685B68E0
:104E40003900DCF779FF06000F002411D5D01F2CA4
:104E500028DD0023069307930D9308932223059AD8
:104E6000002613600D9B0027002B00D063E75AE556
:104E70001F4E000045DC020818D902080000F07F30
:104E80003DDC0208CBDC0208C7DC020870DB02084C
:104E900048DB02080000B0FC0000A07C0000907C11
:104EA000FFFFEF7F102322001A4009921C4201D01D
:104EB0005A330993300039000023BF4D01221442B8
:104EC00004D02A686B68DDF77BFB0123641008358A
:104ED000002CF3D1002B01D006000F00099B002B02
:104EE0000DD06B237A00520D39009B1A002B06DD82
:104EF0001F2B5ADD0026342B50DDDC27BF04002297
:104F0000002330003900DBF7ABFA0028A1D10D9B5C
:104F1000089A00931399069B059801F0D7FA0D9013
:104F2000002800D1F9E60C9B0799DA170E9B5B1A53
:104F30001A400C9B1792DB430C9ADB171A40002394
:104F40001A92069307930D9B0598596801F048FA49
:104F50000890002800D1E5E60D9B0C3019001A6975
:104F60000C310232920000F0A4FD20AB01931FAB84
:104F7000009332003B0005981096119701F0DCFD7C
:104F80001E90002800D1CDE60121059801F03AFBE2
:104F9000079000280ED100230793C3E64B239A1AEB
:104FA0004C3B934019400F00A9E7012252429A401E
:104FB0001640A4E71F9B1A9A179DD41A002B01DBF9
:104FC0001A9C5D190999209A5B1A36219B188A1A36
:104FD0007A4901208C460021013B169114906345CB
:104FE00006DA6146C91A521A1F293FDC884014901C
:104FF000AB180E93A418099B0E9A1C192B0095420E
:1050000000DD1300A34200DD2300002B04DD0E9A17
:10501000E41AD21A0E92ED1A179B002B16DD1A0015
:105020000799059801F0B8FB07900028B3D001005C
:105030001E9A059801F0FEFA1390002800D171E63F
:105040001E99059801F0F4F9139B1E930E9B002BFB
:1050500012DC0C9B002B18DD1A9A0899059801F0B8
:105060009BFB0890002810D100235AE65449CB1A24
:10507000010099401691BAE70E9A1E99059801F021
:10508000CDFB1E900028E4D14CE6002C07DD220069
:105090000899059801F0C2FB08900028E4D0002D83
:1050A00008DD2A000799059801F0B8FB0790002851
:1050B00000D137E6089A1E99059801F037FC069052
:1050C000002800D12EE6C368079913930023C3601C
:1050D00001F010FC00283BDA139B334367D13B03FC
:1050E00065D1D622374BD2043B4093425FD9069B11
:1050F0005B69002B03D1069B1B69012B57DD0699C9
:105100000122059801F08AFB0799069001F0F2FB55
:1051100000284CDD2B4B099A3B40002A74D0D62244
:10512000D204934270D8DC229204934200D895E6D0
:1051300030003900244B0022DDF742FA214B0600F3
:105140000F000B4200D0F6E52223059A1360F2E52A
:105150000E97002875D1139A3B031B0B002A39D0F8
:105160001A4A934238D10121099B49423200080072
:10517000002B0BD0D424134B08003B40E404A34283
:1051800004D86C301B0DC31A99400800824223D109
:105190000F4B0E99994202D1013200D1C2E5094B61
:1051A0000E9A00261A401300802252039F18099B72
:1051B000002BBDD1BFE5C04640D9020802FCFFFF6D
:1051C000E2FBFFFF0000F07F00005039FFFF0F00FF
:1051D000FFFFEF7F33439DD0169B002B1CD00E9B0F
:1051E000169A1342E3D0139B30003900099A002B22
:1051F00016D0FFF745FB02000B0010981199DCF761
:1052000037FA06000F00D2E70126924A76429B1831
:10521000914A1A431700CAE7149B3342C7D0E2E70A
:10522000FFF72EFB02000B0010981199DDF790FCA0
:105230000022002306000F00DBF712F90028B6D089
:105240000CE60799069801F0D7FC80230022DB05C5
:1052500004000D00DBF714F900286CD0139B002B21
:1052600077D1002E57D10E9B1B035AD1002220006C
:1052700029007A4BDBF7FAF8002859D120002900E1
:105280000022774BDDF79CF904000D0080231B06FC
:10529000EB180A940B930A9A0B9B14921593714A7C
:1052A0000E9B13401693169A6F4B9A4200D087E0DC
:1052B0006E4A0E9B944663441F003000190001F0B3
:1052C000CFFB0A9A0B9BDDF77BF932003B00DCF742
:1052D000CFF9644A664B06000A409A4240D9119BB6
:1052E000644A934203D1109B013300D11AE5012691
:1052F000604F76421E99059801F09AF80899059832
:1053000001F096F80799059801F092F8069905982A
:1053100001F08EF817E6012E03D10E9B002B00D171
:105320009CE50023544C4D4D0A930B940024B2E7A6
:1053300000244B4DAAE720002900494B0022DDF74D
:105340003FF9139B04000D00002B9FD00A940B958E
:10535000A1E70023414C25000A930B941C009AE717
:10536000D4239B04CF18099B1097002BC2D13D4B2F
:10537000169A3B409A42BDD120002900DBF75CF928
:10538000DBF794F902000B0020002900DDF7E0FBB9
:105390003C03139B240B34430E900F91374A1C435C
:1053A00052D0374BDBF762F8002800D0C3E40E98E8
:1053B0000F99344A2A4BDBF76DF800289AD0BAE4EB
:1053C000099B002B2AD0D423169ADB049A4225D8B5
:1053D000200029002C4A2D4BDBF752F8002816D06C
:1053E00020002900DBF70AF9002800D10130DDF7A1
:1053F000D7FF139B04000D00002B22D180231B0636
:10540000CB1818901993189A199B14921593D622B9
:10541000159BD2049B18169A9B1A159310981199F4
:10542000149E159F01F01CFB02000B003000390098
:10543000DDF7C6F8109A119BDCF71AF906000F0089
:1054400091E718941995DEE7114B0E980F99DBF749
:105450000DF8B2E70000F0FFFFFF0F000000F03F83
:105460000000E03F0000F07F0000E07F0000B0FCA3
:10547000FFFF9F7CFFFFEF7F0000F0BF9535A094FA
:10548000FFFFDF3F35E5AF350000C0FFFFFFDF4125
:10549000FFFFCF3F10B5044C0A000100034B20680A
:1054A000FFF706FA10BDC04694070020280600202A
:1054B000F0B585B017001E0003900191242B44D84D
:1054C0000C00012B41D03D4B08229C462300614635
:1054D0001D780134485D010011401042F6D12D2D98
:1054E0003AD125789C1C012300931022330093436A
:1054F00009D1302D36D1202123788B43582B31D13F
:105500001600657802342E4A009B944663443100AD
:1055100018000293DAF7A4FE0022844610002B0044
:10552000303B092B25D81D00AE4231DD531C09D07C
:1055300001225242844505D301D1A94225DB012233
:105540007043281825780134E9E700F071FA162332
:105550000360002005B0F0BD00912B2DC5D125784A
:105560009C1CC2E7002ECED10836302DCBD002369F
:10557000C9E72B00413B192B01D8373DD4E72B005D
:10558000613B192B04D8573DCEE701225242D9E79F
:10559000531C08D12223039A02981360002FD9D0FC
:1055A000631E019307E0009B002B00D04042002FB8
:1055B000D0D0002AF4D1019B3B60CBE769D9020827
:1055C000FFFFFF7F10B5044C13000A0001002068A4
:1055D000FFF76EFF10BDC04694070020002310B5F2
:1055E000040003604360836081814366C28103617C
:1055F00043618361190008225C3000F032F90B4BE3
:10560000E46123620A4B63620A4BA3620A4BE362C2
:105610000A4B9C4205D00A4B9C4202D0094B9C424B
:1056200003D12000583000F02DFA10BDA557020814
:10563000CD57020805580208315802088CA40120F1
:10564000F4A401205CA5012010B5034A03490448D5
:1056500000F06CF810BDC0461C06002065810208F1
:105660009807002041680B4B10B50400994201D007
:1056700002F078FDA168084B994202D0200002F0A8
:1056800071FDE168054B994202D0200002F06AFDED
:1056900010BDC0468CA40120F4A401205CA501200B
:1056A00010B5094B094A04211A6009480022FFF786
:1056B00095FF012209210748FFF790FF02221221DE
:1056C0000548FFF78BFF10BDC4A50120495602080D
:1056D0008CA40120F4A401205CA5012010B502488F
:1056E00000F0D2F910BDC046CEA5012010B5024889
:1056F00000F0CBF910BDC046CEA5012010B50400C6
:10570000FFF7ECFF636B002B02D0FFF7EFFF10BD3C
:10571000044B6363044B1B68002BF6D1FFF7C0FFFB
:10572000F3E7C04665560208C4A50120F7B514008A
:10573000002600900191A5686768013F04D52468A0
:10574000002CF8D13000FEBDAB89012B08D90E2208
:10575000AB5E013304D029000098019B98470643B3
:105760006835EAE70EB400B50B499CB01DAB02905A
:105770000690079104910948094904CB05910068F6
:1057800002A9019301F0B4FA0022029B1A701CB026
:1057900008BC03B01847C046FFFFFF7F94070020F6
:1057A0000802FFFF70B50C000E25495F00F006F9F6
:1057B000002803DB236D1B18236570BDA389024AF3
:1057C0001340A381F9E7C046FFEFFFFFF8B51F00C4
:1057D0008B8905000C001600DB0505D50E23C95E7C
:1057E0000022022300F0D6F8A389054A28001340BE
:1057F000A38132000E23E15E3B0000F005F9F8BD05
:10580000FFEFFFFF70B50C000E25495F00F0C2F8F6
:10581000A389421C03D1054A1340A38170BD802295
:1058200052011343A3812065F8E7C046FFEFFFFF55
:1058300010B50E23C95E00F09BF810BD10B588426C
:1058400006D800239A4208D0CC5CC4540133F9E74F
:105850008B189842F5D2013A00D210BD8B5C83546C
:10586000F9E703008218934200D1704719700133A1
:10587000F9E7020010B5137814000132002BFAD1B9
:10588000CA5CE2540133002AFAD110BDC9B20378D0
:10589000002B04D08B4200D170470130F7E74B4218
:1058A000594149420840F7E730B50500101E0BD0BA
:1058B0000024013A2B5D085D834204D1A24202D04C
:1058C0000134002BF6D1181A30BD030030B51D008D
:1058D000002A06D00C78013A01332C700131002CDB
:1058E000F5D100219A18934200D130BD19700133CF
:1058F000F9E70000034B10B51A680123503200F09D
:1059000003F810BD94070020F0B5041E02D11468FE
:10591000002C09D020000E00057801343778002FC4
:1059200004D1002D0DD11560002006E00136BD42E6
:10593000F4D1002BEED114600370F0BD0133002DC3
:1059400002D10B00267801341D78AE42F6D1002337
:105950001D009E4202D02300611E0D701360ECE713
:105960009422024B5200985C7047C04628060020E3
:10597000002370B5064D040008002B60FEF762FBA3
:10598000431C03D12B68002B00D0236070BDC046A0
:10599000C8A5012070B50400080011001A000023FA
:1059A000054D2B60FEF71AFB431C03D12B68002B1F
:1059B00000D0236070BDC046C8A5012070B50400AA
:1059C000080011001A000023054D2B60FEF7FAFABB
:1059D000431C03D12B68002B00D0236070BDC04650
:1059E000C8A50120002370B5064D040008002B60F7
:1059F00004F0A8FF431C03D12B68002B00D02360C8
:105A000070BDC046C8A5012070B504000800110093
:105A10001A000023054D2B60FEF7C8FA431C03D182
:105A20002B68002B00D0236070BDC046C8A50120A4
:105A3000014B18687047C0469407002070B50026D7
:105A40000C4C0D4D641BA410A64209D1002604F095
:105A50008BFF0A4C0A4D641BA410A64205D170BDF1
:105A6000B300EB5898470136EEE7B300EB58984780
:105A70000136F2E758DD020858DD020860DD020851
:105A800058DD02087047704770477047802310B593
:105A9000082804D0FFF7CCFF16230360173B18003B
:105AA00010BD03000A7801311A700133002AF9D1C0
:105AB0007047002310B59A4200D110BDCC5CC4548D
:105AC0000133F8E7002001497047C0460000F87F25
:105AD000034B10B5002B02D0024800F005F810BDB2
:105AE0000000000091830208002310B501001A0095
:105AF000180002F09FFC10BDF7B5040008200D004F
:105B0000FFF7C4FF06002000FEF7DCFC0322224F53
:105B10003100BB685B68934318001138401B801943
:105B20000193DAF717FB451E7543AE4204DD2000F2
:105B3000FEF7D0FC0020FEBD00212000FFF752FF41
:105B4000BB68019A9B189842F1D120006942FFF787
:105B500049FF013010D100212000FFF743FFBA6850
:105B6000811A0F29E3DD0D4D0D4B2D68401B186088
:105B700001230B435360DAE70126019BBA685B1BE4
:105B800033435360064A200013685B1B1360FEF723
:105B9000A1FC3000CFE7C046140200200C02002018
:105BA00058A40120F7B50D1E01902DD0FEF78AFCF8
:105BB000012329009C4608394F6862463B00644631
:105BC0009343C8184568023295434A4A274096686D
:105BD00086421AD15B19002F06D10868091A8D6810
:105BE0001B18C868E8608560012018434860916010
:105BF000414A12689A4204D8404B01981968FFF74D
:105C00007BFF0198FEF766FCF7BD00264560B742B2
:105C100009D10F683A4CC91BDB198F68A7422CD0F9
:105C2000CC68FC60A76047197C6801273C420BD117
:105C30005B198568002E22D1314CA5421FD13E0050
:105C400051611161CD608D600125280018434860C5
:105C5000CB50002ED5D180208000834213D2D808AB
:105C60005B099D4053681D43C3009B1855609A68AB
:105C7000CB608A609960D160C3E76646D3E7C068AD
:105C8000E8608560E0E75D0A042D12D89809383095
:105C9000C600B618B5680327AE4225D1012380108F
:105CA0008340506803435360CE608D60B160E9600B
:105CB000A7E7142D02D828005B30E9E7542D02D85D
:105CC000180B6E30E4E7AA204000854202D8D80BBA
:105CD0007730DDE70B4E7E20B542D9D8980C7C306A
:105CE000D6E7AD68AE4203D06A68BA439A42F8D8A4
:105CF000EE68D9E7140200201002002088A40120D9
:105D00001C020020540500000200F0B5046985B0B3
:105D100014324B11160002939C4231DD1F260F00F6
:105D20009B00A500D31837405519009301973142C5
:105D30000DD1160019008D4236D8009B0026033B7A
:105D40009D4202D3029BE41AA600961918E0202176
:105D5000019E019F891B009E039102CE9446F9404B
:105D6000B54216D8009B002601339D4203D3029B07
:105D7000E41AA600043E96193160002900D00436CA
:105D8000B11A89100161964201D10023436105B027
:105D9000F0BD3768039B9F400F43614680C18C462E
:105DA000019B02CED940DBE780C980C6C3E7020071
:105DB000303A0300092A02D8203BD8B270470200CB
:105DC000613A052A01D8473BF7E71A00413A00201B
:105DD000052AF3D8273BF0E7F0B589B007930B68A5
:105DE0000192039006919A1C11000132501E007816
:105DF0003028F9D0CB1A023B05930091FFF7D7FF6B
:105E000000231D00029398421ED10122A64900984A
:105E1000FFF74AFD0700A84200D06AE0009B5878CF
:105E20005C1CFFF7C4FF01230293A8422FD000940B
:105E3000009B1878302809D0FFF7B9FF4242424151
:105E40000123250002920593009C04E0009B01338E
:105E50000093EDE701342078FFF7A9FF071EF9D181
:105E6000012220009049FFF71FFD00280DD1002DD1
:105E700006D1013425002078FFF799FF002802D1D0
:105E80002D1BAF0003E00134F5E7002DF8D12022EF
:105E9000237826009343502B1DD163782B2B2DD0D4
:105EA0002D2B2FD00023661C04933078FFF77FFF43
:105EB000431EDBB20500182B2AD87078FFF777FF56
:105EC000431EDBB20136103D182B1DD9049B002B5D
:105ED00000D06D427F19069B1E60029B002B19D0DB
:105EE000059B06265A4253415B421E40300009B0D2
:105EF000F0BD01230027009C0293C8E70023049310
:105F0000A61CD2E70123FAE70A235D432D18D4E744
:105F10002600E0E7009B0299E31A013B072B0ADC0D
:105F2000039800F05DFA051E08D12A00E4215F4BBA
:105F30005F4802F0BFFA01315B10EFE70300143352
:105F40000293059300231E000493009BA34238D3C1
:105F5000059C029B40C4E41AA41030002C6100F0A0
:105F600001FB019B64011B68261A00939E4252DDCF
:105F7000F61A3100280000F08AFE041E0FD001241A
:105F80001F232000721E13409840030051110298F5
:105F900089000958194202D0A24234DC022431009F
:105FA0002800FFF7B1FEBF19019B9B68BB4242DA94
:105FB0002900039800F03CFA00230E9AA3261360F0
:105FC00094E7013C23782E2B12D0049B202B04D184
:105FD000059B40C30026059304962078FFF7E7FE53
:105FE0000F231840049B9840043306430493ACE706
:105FF000009BA342E9D8012220002B49FFF754FC63
:106000000028E2D1A1E72800B11E00F040FE0028E0
:10601000C4D00324C3E7009B00249E42C4DA9E1B25
:1060200029003200039800F0F9FB03001433050047
:10603000BF1B0293B8E7019B5E68BE426FDD009B09
:10604000F61BB34236DC019BDB68022B24D0032B0A
:1060500026D0012B17D1009BB34214D1012B0BD1B9
:10606000019B079A5B68622613600123029A2B61E9
:1060700013600E9B1D6039E700992800013900F07C
:1060800006FE0028ECD12900039800F0D1F9002386
:106090000E9A5026136029E70F9B002BF3D1DFE700
:1060A0000F9B002BDCD1EEE714D9020871DA02084D
:1060B00082DA0208771E002C2FD1002F04D039007D
:1060C000280000F0E4FD04001F237A111F401E3B4E
:1060D000BB400299920052581A4201D002231C433D
:1060E000009B31009B1B022628000093FFF70CFE4B
:1060F000019B5F68002C3FD0019BDB68022B10D016
:10610000032B12D0012B06D1A20704D5029A1268E4
:1061100014431C420CD110232DE00124D4E70126A6
:10612000E8E701230F9A9B1A0F930F9B002BF2D0E5
:106130002B69002002939B0004932B00049A1433D4
:1061400099181A68541C1CD001321A602B001433A1
:10615000022E3FD1019A00991268013A8A4209D170
:106160000A001F2010400122824049118900CB58AB
:1061700013423DD120231E430E9B1D60079B1F60D1
:10618000B4E601C39942DCD8AB68029A9A4218DBA4
:1061900069680398013100F023F9041E04D122003C
:1061A00084211D4B1D48C4E629002A690C310232A6
:1061B00092000C30FFF77DFC2900039800F038F9BD
:1061C00025002B695A1C2A61012204339B00EB181D
:1061D0005A60BBE72A6902998A420BDD0121280037
:1061E000FFF792FD019B01379B68BB4200DADFE6B7
:1061F0000126BFE71F22009C009914401142F7D0EE
:10620000049A9B18043B186800F0ACF920231B1B70
:106210009842E3DBECE7C04671DA020882DA020852
:10622000082370B520259A1A9200AD1A43680468B5
:106230001E00AE40D34034430460436004308842C3
:10624000F4D370BD30B503680C780133002C02D153
:106250000360012030BD1A781500413D192D00D88A
:1062600020320131A242EFD00020F3E7F0B50B68F5
:106270008BB0019201995A1192008A18029219006A
:106280001F22114008900691134202D0029B043352
:106290000293029B00251F1F3E003C00089B3D60AF
:1062A0001B68079505930395059B01330993059B8F
:1062B0005B780493002B28D00498FFF778FD002822
:1062C00055D1049B202B19D8039B079A934212DDCA
:1062D000B44206D2072D04DC2A0031002000FFF76B
:1062E0009FFF019B08259C4205D9261F00253400ED
:1062F000039B35600793099B0593D5E7049B292BE6
:106300005AD1059B089A02331360039B002B53D08C
:10631000B44206D2072D04DC2A0031002000FFF72A
:106320007FFF019B9C4236D91A00230002CB02C298
:106330009F42FBD2029B611CDA1E0423914205D8C6
:10634000029B043B1B1B9B0801339B00019AD31843
:10635000002204C39F42FCD23B68002B04D1019B66
:106360009F4227D101233B6005200BB0F0BD039B6A
:10637000013501330393082D06DD019B9C42BAD9F8
:1063800000230125043C23600F22236810401B01D9
:1063900003432360AFE7069B002BDDD02023069A42
:1063A00002999B1A01225242DA4004390B681340C9
:1063B0000B60D1E7043FCFE70420D6E782B0002985
:1063C00000D101A9101E06D0002B06D013780B6057
:1063D0001078431E984102B0704702204042FAE70D
:1063E000436C70B506000C00002B12D0736CA20039
:1063F0009B181868002815D101210D00A5406A1DC1
:106400003000920002F074F8002809D044608560E2
:106410000AE02122042102F06BF870640028E5D123
:10642000002070BD02681A6000230361C360F8E7B2
:10643000002906D04A68436C92009B181A680A60CB
:1064400019607047F7B50F0001900C001E00002086
:106450000D6914373B68013099B251431B0C53430B
:1064600089190E0C9B191E0C89B21B045B1808C7F6
:106470008542EFDC002E22D0A368AB4219DC6168B4
:1064800001980131FFF7ACFF071E05D13A00BA2190
:106490000C4B0D4802F00EF8210022690C3102323B
:1064A00092000C30FFF705FB21000198FFF7C0FFB9
:1064B0003C002B1D9B00E31801355E602561200028
:1064C000FEBDC04671DA0208E2DA0208F7B507003D
:1064D00018000C000830092101931500D9F7C4FEFB
:1064E0000123002183420ADB3800FFF779FF011EF8
:1064F00008D10A00194B1A48D33101F0DBFF5B00C9
:106500000131EFE7089B436101230361092D18DD89
:10651000230009331E000093641933780A223800DF
:10652000303BFFF78FFF01360100A642F5D12C006A
:10653000009B083C1C192E00019B9E4204DB0800B6
:10654000FEBD09250A34F6E7631B9B5D0A2238006D
:10655000303BFFF777FF01360100EDE771DA020803
:10656000E2DA02088022030052020020934201D2A4
:106570001B04103080225204934201D208301B02C7
:1065800080225205934201D204301B018022D205A1
:10659000934201D202309B00002B03DB01301342F7
:1065A00000D1202070470368010007221800104026
:1065B00013420DD0063A0020134205D102300342A7
:1065C00003D0D34010000B6070479B080B60FBE7C3
:1065D0009AB2002A01D110201B0CDAB2002A01D194
:1065E00008301B0A1A0701D104301B099A0701D190
:1065F00002309B08DA07E9D401305B08E6D120209D
:10660000E2E7000010B50C000121FFF7E9FE0028C9
:1066100007D14621054C0200054B2000FF3101F057
:1066200049FF01234461036110BDC046E2DA02085C
:1066300071DA0208F0B514000A6923690D008BB005
:106640009A4202DB23000C001D0027692E69616855
:10665000BB190393A368BA19934200DA0131FFF71B
:10666000BFFE0290002806D1B121494B4948029A49
:10667000490001F01FFF029B002214339C46BB1906
:106680009B0063440493634604998B422AD32300FE
:10669000BF00143314350893B600DB190593AB190A
:1066A0000993042306932300059A153301959A4212
:1066B00005D3131B153B9B0801339B000693019BDD
:1066C000099A934210D3039B002B05DD049B043BE6
:1066D00004931B68002B56D0029B039A18001A6182
:1066E0000BB0F0BD04C3CFE7019B186880B200284F
:1066F0001ED067460025089E02CE3B6807938BB2EA
:1067000043431A006B46090C9B8B4143D318079AED
:106710005B19120C89181A0C8A189BB2150C1204FA
:106720001A43059B04C7B342E6D86346069A9D50B8
:10673000019B1868000C20D06346250061460027A5
:106740001B6814352A680E6892B24243360C9219BF
:10675000D21916049BB21E430E6040CD4B68360C16
:1067600046439BB2120CF3189B18059A1F0C043178
:10677000AA42E7D8624606995350019B043301931D
:1067800004239C449BE7039B013B03939BE7C04688
:1067900071DA0208E2DA0208F7B5032315000700F0
:1067A0000E001A401D4208D01A49013A9200525870
:1067B00000233100FFF746FE0600AD1027D03C6CE9
:1067C000002C07D138001449FFF71CFF00230400F8
:1067D0003864036001231D420AD0310022003800D2
:1067E000FFF728FF310001903800FFF721FE019EDE
:1067F0006D100CD02068002807D12200210038003D
:10680000FFF718FF0023206003600400E2E7300078
:10681000FEBDC0463CDB020871020000F0B50C0072
:1068200016002369571185B0FB18019301330093BB
:106830004968A3680290009A934210DB0298FFF720
:10684000CFFD0023010005001A00143198420CD13D
:10685000EF212A00254B2648490001F02BFE01318B
:106860005B00E8E798000A500133BB42FADBFB43C8
:10687000DB171F40BF0023001F20C9193700226902
:10688000143392009A180740064229D00130C01BE9
:1068900003908C4600201E68BE400643604640C000
:1068A0008446039E01CBF0409A42F4D82600153668
:1068B0000423B24204D3131B153B9B0801339B00F6
:1068C000C850002802D0019B02330093009B02981D
:1068D000013B21002B61FFF7ABFD280005B0F0BDA7
:1068E00001CB01C19A42FBD8F0E7C04671DA020839
:1068F000E2DA020830B50B6904690200E01A9C4232
:106900000FD114329B0014311400C918D218043A64
:10691000043915680B689D4204D001209D4200D2C5
:10692000023830BD9442F2D3FBE70000F0B50C0012
:1069300087B00090110020001700FFF7DBFF051E55
:1069400010D101000098FFF74BFD021E04D1404B0F
:106950004048414901F0AEFD01234561036110004B
:1069600007B0F0BD0026B04203DA23003C001F0050
:10697000013661680098FFF733FD021E03D1344BE6
:1069800034483649E6E72369143400939B00E31842
:10699000210001943C0002933B6914349B00E318EE
:1069A00003930300C6608C460020143304930593C0
:1069B000634620CBA9B20E009C4608CC2D0C99B2A0
:1069C000711A09181B0C0814EB1A1B18181489B239
:1069D0001B041943059B02C30593039BA342E7D8FD
:1069E0003900039C153104238C4204D3E31B153B6F
:1069F0009B0801339B000199CD1804992E00CB18F8
:106A00001F0002998E4211D3029CE91E00208C4285
:106A100004D321000331491B890888001B18043B5B
:106A20001968002910D0009B136198E7844602CEB4
:106A300088B2604400140C0C04196144201489B21B
:106A40002404214302C7DCE7009901390091E6E7FD
:106A500071DA0208E2DA020837020000450200009B
:106A600010B500240C4B0D4A0B409B18A34206DCCA
:106A70005B421A15132A05DC80231B0313411900FE
:106A8000200010BD143A01241E2A02DC80242406B2
:106A9000D4400023F3E7C0460000F07F0000C0FCB4
:106AA000F7B50600036914369B00F3181D1F2C6808
:106AB0000F0020000193FFF755FD2022121A3A60C3
:106AC00003001C4A0A2815DC0B212700091ACF40B5
:106AD0003A438C4611000022AE4202D2019A083A93
:106AE000126815339C4063462700DA40174338008C
:106AF00003B0F0BD0027AE4202D2019D083D2F68D1
:106B00000B2149428C469C440B2B10D0614620231C
:106B10008C405B1A3900D9400C43224311000022FB
:106B2000B54201D9043D2A686446A740DDE7224307
:106B30001100DCE70000F03FF7B5012116001F004F
:106B4000FFF74EFC041E05D12200254B254826499F
:106B500001F0B0FC3B037D001B0B6D0D02D08022C9
:106B6000520313430193002E25D068460096FFF789
:106B70001AFD019B009900281BD020221E00121A2A
:106B800096403200C3400A4362610193019EA661B0
:106B9000731E9E4101362661002D14D03526134BFD
:106BA000ED18089B2D181D60099B361A1E602000E9
:106BB000FEBD6161EAE701A8FFF7F5FC019B012634
:106BC00063612030E7E70A4BC018089B1860094B47
:106BD000F3189B00E3185869FFF7C4FC7601E3E75C
:106BE00071DA0208E2DA02080F030000CDFBFFFFB2
:106BF000CEFBFFFFFFFFFF3FF0B587B00F0004A9FA
:106C00000600FFF74DFF00900191009B019C3800AA
:106C100005A902930394FFF743FF0D0002000B0048
:106C200030693969049E401A05994001711A41186A
:106C30000805002908DD019941180391029803997C
:106C4000DBF77AF807B0F0BD2B1AF7E770B5140040
:106C500005000139136949110131890014349B0081
:106C60004118E318A3420DD81400113400259C42AA
:106C700003D89B1A113B9B089D00002340198142B9
:106C800003D870BD40CC40C5ECE708C0F7E7020070
:106C9000006910B514324B11984213DB0CDD1F2430
:106CA00008002040214207D099008C582100C140A3
:106CB000814001208C4204D19B00D318934203D819
:106CC000002010BD0300F7E7043B19680029F5D048
:106CD0000120F6E70300081E05D0FF2A04D98A2206
:106CE00001201A604042704701200A70FBE7000053
:106CF000F0B5DDB01C000B9109920A9001F044FB45
:106D0000036818002093D9F709FA0B9B18909B8908
:106D10001B0617D50B9B1B69002B13D140210A982A
:106D2000FDF7C0F90B9B18601861002807D10C23F0
:106D30000A9A136001235B421A9300F011FC40236E
:106D40000B9A536100230022329331930E93002358
:106D500016921793002333AF309723932293149303
:106D60001D9321931A93099D2B78002B02D0252B7C
:106D700000D090E0099BEE1A9D4216D03B60329BFA
:106D80007E609B193293319B083701333193072B77
:106D900008DD0B990A9830AA02F074FA002800D096
:106DA000D8E333AF1A9B9B191A932B78002B01D190
:106DB00001F08AF900231B220126691C1D0022A86C
:106DC00012181370764219934B1C15930B7810937D
:106DD000109820385A2801D900F002FED9F7B0F9EE
:106DE0009B0000060006A5000006000600068000C5
:106DF00000060006A700AF000006AD00B4000006C4
:106E0000D000D200D200D200D200D200D200D200F4
:106E1000D200D200000600060006000600060006AA
:106E2000000654010006FD000F01540154015401F5
:106E30000006000600060006E40000060006D40472
:106E400000060006000618050006360500060006C6
:106E5000660500060006000600060006000600069D
:106E6000000654010006FD001101540154015401B3
:106E7000E6001101F9000006F2000006B604D6048F
:106E80000705F90000061805A300380500060006EE
:106E90005D000006A300013566E7A54B280023939B
:106EA000202318401D4201D100F003FD193B073497
:106EB0009C43220018CA069307940D92EB070AD54B
:106EC000069B079A134306D0302229AB1A70109AFA
:106ED0005A7002231D43974B02201D4000F066FCB0
:106EE0000A9801F051FA436818002193D9F716F96E
:106EF0001D900A9801F048FA836814931D9B002B9B
:106F000011D0149B002B0ED01B78002B0BD08023AC
:106F1000DB001D4307E01B2322AA9B181A78002AD6
:106F200001D120321A7015994EE70123F1E708CC00
:106F30001993002BF7DA5B4219930423E9E71B232B
:106F400022AA9B182B22EDE7159A159B1278013384
:106F500010922A2A0DD000260A21109A1593303A51
:106F6000092A00D934E74E43B6181A780133109233
:106F7000F3E740CC002E01DA012676421593D2E7E2
:106F80008023C6E700220A21159B1992199A1098AE
:106F90004A433038821819921A7801331092303AE5
:106FA000092AF3D9159313E70823B2E7159B1B7839
:106FB000682B05D1159B0133159380239B00A8E70F
:106FC0004023A6E7159B1B786C2B04D1159B01333E
:106FD000159320239DE710239BE7210004C943ABB1
:106FE0000D911B211A70002222A809180A7001268F
:106FF0000C921B921292139211920993BEE11023EC
:107000001D43AB062FD5072307349C43220018CA23
:10701000069307940D92079B0120002B0BDA069B29
:10702000079C00225942A241069107921B222D2162
:1070300022ABD2181170069A079B1A43711C01D11A
:1070400001F052F880212C008C43002A01D001F07D
:1070500050F8002E01D100F0B9FC012801D001F058
:107060004CF800F04DFC220008CA0D92EA0603D548
:107070000693DB170793CEE76A0601D51BB2F7E745
:10708000AA05F5D55BB2F3E7072307349C4322003A
:1070900018CA0D92012216931794169B52422493FC
:1070A000179B5B005B08259324982599224BDCF7FE
:1070B000EBF8002824D12498259901221E4B524236
:1070C000D9F7DEF900281BD1169817990022002362
:1070D000D9F7CCF9002804D01B2322AA9B182D2213
:1070E0001A70164B0993109B472B01DD144B099323
:1070F00080239D43002303260C931B9301F02CF85F
:10710000169A179B10001900DCF7BEF800281DD056
:10711000179B002B04DA1B2322AA9B182D221A701E
:10712000084B0993109B472BE2DD074BDFE7C04676
:1071300048DC0208FFFBFFFFFFFFEF7F38DC02089F
:107140003CDC020840DC020844DC0208109B612B96
:1071500000D1E9E15822412B00D1E6E1731C00D1B6
:1071600009E22023109A0C909A43472A02D1002E5C
:1071700000D1013680235B002B431C93179B002B0F
:1071800000DBFBE1802212069446169B1E93179BA0
:1071900063441F932D2327932023109A9A4312921E
:1071A000412A00D006E21E981F992AAA01F010F980
:1071B000FF2300229B05DBF703FA002200230E9039
:1071C0000F91D9F74DF9002801D001232A93CF4B15
:1071D0001393109B612B01D0CD4B1393099C731E0D
:1071E00000220E980F991193CA4BDBF7E9F90E9024
:1071F0000F91DCF76BF81B90DCF7A4F802000B0092
:107200000E980F99DBF7A4FC139A0E900F911B991F
:10721000119B525C2270013401330BD00E980F99F0
:10722000119B0022013B26930023D9F719F900286E
:1072300000D1A9E100220E980F99B74B2694D9F7F7
:1072400029F900280CD10E980F990022B24BD9F7DA
:1072500007F9002800D1A8E11B9BDB0700D4A4E1BB
:107260003020139B2E94DB7B2E9A013A2E921178BC
:10727000994200D18AE14B1CDBB2392901D1139B21
:107280009B7A1370269B099A9B1A0E932A9B119343
:10729000129B472B00D0DCE1119B033303DB119BD6
:1072A000B34200DCFBE1109B023B1093119B402298
:1072B0005C1E6B4610999B18203A00201B782A947C
:1072C0009143412902D10F33DBB201302CA90B705D
:1072D0002B23002C03DA0124119BE41A2D234B707D
:1072E000092C00DCCDE1372322AA9B181293129EB1
:1072F0002000731E0A211293D9F79CF8731E3031B7
:10730000197020000A211194D8F7AEFF119B0400D8
:10731000632BECDC2A2222A8B11E121837200B00A6
:1073200030340C7022AC0019834200D2A4E1002357
:10733000814203D8393322AA9B189B1B2A2222A9F7
:107340005218D3182CAA9B1A0E9A22939E18012A1F
:1073500001DCEB0701D5189BF61880226F4B520019
:107360002B401A4300231C92129313931193279BD3
:10737000002B00D0E4E100231C9D1B931B9B1C935E
:10738000B34200DA1C961B2322AA9B181B785A1EB4
:1073900093411C9AD3181C9302232B40269302235B
:1073A0001D4202D01C9B02331C9384232B40279345
:1073B00084231D421FD1199B1C9A9C1A002C1ADD94
:1073C0003900319B5648329A013308313860102C0D
:1073D00000DD17E37C60A4180F0032943193072B73
:1073E00009DD0B990A9830AA01F04CFF002801D062
:1073F00000F049FE33AF1B2222A952181178329BAC
:10740000002914D03A6001229B183293319B7A6094
:107410009B1831930837072B09DD0B990A9830AA7E
:1074200001F030FF002801D000F02DFE33AF269A86
:10743000329B002A15D029AA3A6002229B18329367
:10744000319B7A60013331930837072B09DD0B99A3
:107450000A9830AA01F016FF002801D000F013FEB0
:1074600033AF279B802B1FD1199B1C9A9C1A002C91
:107470001ADD3900319B2B48329A013308313860CC
:10748000102C00DDD1E27C60A4180F0032943193FF
:10749000072B09DD0B990A9830AA01F0F3FE0028AA
:1074A00001D000F0F0FD33AF1B9B9C1B002C1ADDBC
:1074B0003900319B1B48329A013308313860102C57
:1074C00000DDC5E2A2187C6032920F003193072BD9
:1074D00009DD0B990A9830AA01F0D4FE002801D0EA
:1074E00000F0D1FD33AF329B1B93EB0500D5CBE20F
:1074F000099B7E603B601B9BF618319B32960133E3
:107500003193072B00DDA3E3083701E348DC0208D1
:1075100059DC0208000030400000E03FFFFBFFFFA5
:107520007CDC02086CDC02087822302129AB19705F
:107530005A7002231D43632E15DD0A98711CFCF757
:10754000B1FD0990002813D10B9B9A894023134366
:107550000B9A93810B9B9B895B0601D5FFF7EAFB96
:107560001A985DB0F0BD00230C9343AB099301E67C
:10757000099B0C93FEE506260C90FBE5169B179CD9
:107580001E931F94002306E6269B29E610706BE6E7
:1075900018700133CA1AFBD5119A0023013201DB9E
:1075A000119B0133E31826936CE6119A23003020D7
:1075B0001119EFE7129A34000323462A05D014006C
:1075C000453C62425441013B34192EAA04922BAA35
:1075D00003922AAA029200930A981E9A1F9B019472
:1075E00001F062F8129B0990472B19D1EB0701D4E7
:1075F0002E9B48E6099B1B190E9300221E981F998B
:107600000023D8F72DFF002801D00E9B2E933022A7
:107610002E9B0E999942EBD9591C2E911A70F7E7BF
:10762000099B1B190E93129B462BE6D1099B1B78D5
:10763000302B0AD11E981F9900220023D8F710FF83
:10764000002802D101231B1B2A932A9B0E9AD318D0
:10765000D2E7129B462B00D028E601222B0011997D
:1076600013403343002929DD002B42D0189A8B1890
:10767000F618662310932DE01C7801331470013244
:1076800052E62A2222ABD218002804D130232B2222
:107690008B7022ABD2183034531C147052E6119BFD
:1076A0000E9A93420FDA0E9B189A9E186723109336
:1076B000119B002B0EDCF61A01360BE0002B1AD0C2
:1076C000189B0133D4E76723119E1093EB0701D574
:1076D000189AB61880232A00DB001A401392002261
:1076E00012921D4200D142E6119B934225DC139277
:1076F0003DE6119EBDE7662316001093EAE7119A56
:1077000093420FDAD31A1193149B5B78002B10D09D
:10771000139B01331393149B01331493149B1B7815
:10772000FF2BECD1129A139B9B181D9A53439E1961
:107730001DE6129B01331293F0E7129B1393EDE7C2
:107740001B2322AA9B182D221A7014E6AB0609D51A
:1077500023681A9A1A60D2175A600434159B099349
:10776000FFF701FBEB0603D523681A9A1A60F4E7CA
:107770006B0603D523681A9A1A80EEE7AD05F3D598
:1077800023681A9A1A70E8E710231D432023280063
:1077900018401D420FD0193B07349C43220018CAE1
:1077A000069307940D920020B34B1D401B2222AB81
:1077B0000021D2183EE4220008CA29000D921022AE
:1077C0001140154202D006930790ECE740222800B2
:1077D0001040154203D09BB206930791E3E7802245
:1077E0002900920011401542F6D0DBB2EBE72300EE
:1077F00004CBA2490D930023069229AA0793118076
:1078000002339F4A18001D43763323921093CDE72D
:10781000230004CB00240D931B23099222AA9B185A
:107820001C70731C0DD032002100099800F0C4FDBB
:107830000C90A04200D1E2E0099A861A23000C9431
:107840005BE40998D8F76AFC0600F7E710231D43AC
:107850002023280018401D4209D0193B07349C43BF
:10786000220018CA069307940D9201209EE7230078
:1078700004CB29000D93102319401D4202D006921B
:107880000790F2E74023280018401D4203D093B22E
:1078900006930791E9E7802329009B0019401D42C8
:1078A00002D0D3B20693EBE70692F2E7754BFFF7EF
:1078B000F5FA230004CB29000D93102319401D4233
:1078C00003D006920790FFF7F9FA402328001840EA
:1078D0001D4204D093B206930791FFF7EFFA80237D
:1078E00029009B0019401D4202D0D3B20693E9E75C
:1078F0000692F1E7079B002B0CD1069B092B09D8B8
:10790000069B3033DBB2E72222A95218137009928A
:1079100000F01BFC00230E938023DB0023405CADB2
:107920000C930A22069807990023D8F701FE6B1ED4
:10793000303209931A700E9B119001330E930C9BF9
:107940001291002B1DD0149B0E9A1B789A4218D1CD
:10795000FF2A16D0079B002B02D1069B092B10D9BA
:10796000099B1D9A21999B1A18000993FDF7ADFFF9
:107970000022149B0E925B785A1E9341149AD318DE
:107980001493079B002B03D1069B092B00D8DCE343
:10799000119B099D0693129B0793C2E70F20099B39
:1079A000239A013B0993069B0340D35C099A137009
:1079B000079B1907069B1A09079B11431B0907938D
:1079C0000B00079A06911343E9D1BEE35CAB099320
:1079D000002800D0B9E3ED0700D4B6E3302392E7E6
:1079E000109B002B00D16FE3109A1B2143AB1A7040
:1079F000002222A809180A700D94FFF7F8FA0C9BD0
:107A0000FFF77BFB10201218786032923193072B1E
:107A100008DD0B990A9830AA01F034FC002800D048
:107A200031E333A90F00103CCAE41020121878602B
:107A300032923193072B08DD0B990A9830AA01F096
:107A400021FC002800D01EE333A90F00103C10E5F4
:107A500010201218786032923193072B08DD0B99B1
:107A60000A9830AA01F00EFC002800D00BE333A9DD
:107A70000F00103C1CE5C046FFFBFFFF3078000004
:107A800048DC020859DC0208109B652B00DC4AE246
:107A90001698179900220023D8F7E2FC002878D026
:107AA000CA4B1B9E3B6001237B60F618319B3296CC
:107AB000013331930837072B08DD0B990A9830AA58
:107AC00001F0E0FB002800D0DDE233AF2A9B0E9AE4
:107AD000934201DBEB071BD5209B189A3B60189B58
:107AE0007B60329B08379B183293319B0133319373
:107AF000072B08DD0B990A9830AA01F0C3FB002878
:107B000000D0C0E233AF0E9B10265C1E002C2FDC91
:107B10006D0700D59AE2199B1C9A934200DA130074
:107B20001A9AD3181A93329B002B07D00B990A98F4
:107B300030AA01F0A7FB002800D0A4E20023319373
:107B40000C9B002B00D0BAE20D9C33AF06E610323E
:107B50007E6032923193072B08DD0B990A9830AA88
:107B600001F090FB002800D08DE233A90F00103CFB
:107B70003900319B9648329A013308313860102C15
:107B8000E5DC7C60A4180F0032943193072BBFDD35
:107B90005EE02A9B002B77DC8C4B1B9E3B60012315
:107BA0007B60F618319B3296013331930837072BEF
:107BB00008DD0B990A9830AA01F064FB002800D078
:107BC00061E233AF0E992A9B329A0B43012129407F
:107BD0000B439DD0209B3B60189B7B609A18319B88
:107BE0003292013331930837072B08DD0B990A983D
:107BF00030AA01F047FB002800D044E233AF2A9CB2
:107C0000002C18DA644238003199714A329E0131F1
:107C100008370260102C25DC4460A419329431919D
:107C2000072908DD0B990A9830AA01F02BFB0028E0
:107C300000D028E233AF099B329A3B600E9BD218EA
:107C40003292319A7B6001323192072A00DC5BE488
:107C50000B990A9830AA01F015FB002800D012E217
:107C600033AF55E71023F618436032963191072958
:107C700008DD0B990A9830AA01F004FB002800D017
:107C800001E233AF103CBEE70E9A099B9446119C6B
:107C900063441093944200DD1400002C14DD099B12
:107CA0007C603B601B9B0837E618319B32960133A2
:107CB0003193072B08DD0B990A9830AA01F0E2FAFC
:107CC000002800D0DFE133AFE343DB171C40119BFA
:107CD00010261C1B002C00DD8DE0119A099B944698
:107CE000634409936B050CD5139B002B00D09DE0DA
:107CF000129B002B00D09CE0099B109A934200D964
:107D000009922A9B0E9A934201DBEB0716D5209B22
:107D1000189A3B60189B7B60329B08379B18329304
:107D2000319B01333193072B08DD0B990A9830AA58
:107D300001F0A8FA002800D0A5E133AF099A109B02
:107D40002A9E9B1A0E9A961B9E4200DD1E00329BB5
:107D5000002E13DDF3183293319B099A01333A60F8
:107D60007E6031930837072B08DD0B990A9830AAFB
:107D700001F088FA002800D085E133AF0E9B2A9CE1
:107D80001C1BF343DB171E40A41B1026002C00DC39
:107D9000BEE63900319B0E48329A01330831386013
:107DA000102C00DCEDE610327E6032923193072B0E
:107DB00008DD0B990A9830AA01F064FA002800D077
:107DC00061E133A90F00103CE3E7C0466ADC02081A
:107DD0006CDC020810327E6032923193072B08DD92
:107DE0000B990A9830AA01F04DFA002800D04AE118
:107DF00033A90F00103C3900319BB948329A013346
:107E000008313860102CE5DC7C60A4180F00329437
:107E10003193072B00DC60E70B990A9830AA01F038
:107E200031FA002800D02EE133AF56E7129B002B29
:107E30005FD0129B013B1293219B1D9A3B601D9BBF
:107E40007B60329B08379B183293319B013331930F
:107E5000072B08DD0B990A9830AA01F013FA0028C5
:107E600000D010E133AF099A109B9B1A149A167830
:107E70009E4200DD1E00329B002E13DDF31832936C
:107E8000319B099A01333A607E6031930837072BA2
:107E900008DD0B990A9830AA01F0F4F9002800D007
:107EA000F1E033AF149B1C78F343DB171E40A41B97
:107EB000002C18DD3900319B8948329A0133083192
:107EC0003860102C1CDC7C60A4180F0032943193B5
:107ED000072B08DD0B990A9830AA01F0D3F9002886
:107EE00000D0D0E033AF149B099A1B78D3180993C4
:107EF000FAE6149B013B1493139B013B13939BE7FE
:107F000010201218786032923193072B08DD0B99FC
:107F10000A9830AA01F0B6F9002800D0B3E033A9DE
:107F20000F00103CC6E73C001B9E319B0E9A0136A9
:107F300001330834012A03DC0122154200D180E01C
:107F4000099A32963A60012231937A60072B08DD54
:107F50000B990A9830AA01F095F9002800D092E018
:107F600033AC209B189A2360189B6360329B0834C3
:107F70009B183293319B01333193072B07DD0B990B
:107F80000A9830AA01F07EF900287CD133AC319BED
:107F900000221698179910930E9B329E5F1E0023A5
:107FA000D8F75EFA002826D1099B109A0133236086
:107FB0000E9B013E0132F61867603296319208340A
:107FC000072A07DD0B990A9830AA01F05BF900280F
:107FD00059D133AC2CAB2360229B229A6360329B35
:107FE0009B183293319B01333193072B00DD2FE631
:107FF000083427008CE50E9B1026012BEADD2100BA
:10800000319B3748329A013308312060102F07DC4A
:1080100067600C00BA1832923193072BDADDD1E792
:108020001032666032923193072B07DD0B990A9864
:1080300030AA01F027F9002825D133A90C00103F00
:10804000DDE70999329606C73193E6E7199B1C9A3A
:1080500010259C1A002C00DC5DE5319B2149329AE9
:1080600001333960102C19DC12197C603292319383
:10807000072B00DC4FE50B990A9830AA01F002F9B2
:10808000002800D147E50C9B002B01D1FFF762FAD5
:1080900019000A98FDF786FDFFF75CFA10327D6043
:1080A000329231930837072B07DD0B990A9830AAD3
:1080B00001F0E8F80028E6D133AF103CCDE70C9989
:1080C0000A98FDF76FFD3FE5329B002B01D1FFF7CA
:1080D00041FA0B990A9830AA01F0D4F8FFF73AFA5E
:1080E0006CDC02087CDC02082C00002A01D1FEF7BF
:1080F000B4FF012801D1FFF7FDFB5CAB0993022817
:1081000000D14BE4099A07211300013B0993069B18
:108110000B40099930330B70079949078C46654627
:108120000699C80807990543C908079129000798C7
:1081300006950143E6D1E10707D5302B05D0302164
:10814000099B013B1970931E0993099A5CAB1B961E
:108150009E1A002325000C93129313931193FFF79B
:108160000DF9C04670B505000C1E19D0002804D0CA
:10817000436B002B01D1FDF7C1FA636EDB0705D419
:10818000A3899B0502D4A06DFDF77EFC0C22A35EA3
:10819000002B08D1636EDB0702D4A06DFDF775FCE0
:1081A0000026300070BD2100280000F037F8E36A97
:1081B0000600002B06D02800E1699847002801DA64
:1081C00001267642A3891B0603D528002169FDF705
:1081D000E9FC216B002908D023004033994202D0EA
:1081E0002800FDF7DFFC00232363616C002904D025
:1081F0002800FDF7D7FC00236364FDF76FFA002326
:10820000A381636EDB0702D4A06DFDF73EFCA06D79
:10821000FDF739FCFDF76AFAC3E70000F7B50C2259
:108220008B5E05000C001A075ED4802212011A43EF
:108230008A814A68002A02DCCA6B002A52DDA76ADA
:10824000002F4FD0002280202E682A601A004001A3
:10825000E1690240034237D0226DA3895B0706D54E
:108260006368D21A236B002B01D0E36BD21A002370
:108270002800A76AE169B847431C06D12A681D2A6D
:108280004AD82C4B1341DB0746D40C22A35E2A4A62
:108290001A40A2810022626022692260DB0405D5B7
:1082A000431C02D12B68002B00D12065216B2E606E
:1082B000002917D023004033994202D02800FDF74F
:1082C00071FC002323630DE001232800B84702005E
:1082D000431CC2D12B68002BBFD01D2B01D0162B05
:1082E0001AD12E6000201EE00E69002EFAD00F6811
:1082F0000E60BA1B019200229B0700D14A69A2605E
:10830000019B002BEEDD636A32001F002800019BF9
:10831000E169B847002807DC40230120A2894042D8
:1083200013431BB2A381FEBD019B36181B1A019398
:10833000E6E7C046FEFFBFDFFFF7FFFF70B50500B1
:108340000C00002804D0436B002B01D1FDF7D6F9B7
:108350000C22A35E1E1E15D0626ED20704D49B05AC
:1083600002D4A06DFDF790FB21002800FFF756FF17
:10837000636E0600DB0705D4A3899B0502D4A06DBC
:10838000FDF783FB300070BD0048704718070020E0
:1083900070B5074C074D641BA410002C02D102F0ED
:1083A000E9FA70BD013CA300EB589847F5E7C046D9
:1083B00064DD020860DD0208C9B28218904201D172
:1083C0000020704703788B42FBD00130F6E70000B5
:1083D00070B5140000252560104D4B000A005B08A5
:1083E000AB421AD81D00054317D00D4D294209D1C3
:1083F00000220C4BDAF7E4F836250A004B006D42F8
:108400005B082560084D1B155B192568EB18236078
:10841000064B1A40064B1343190070BDFFFFEF7F58
:108420000000F07F0000504302FCFFFFFFFF0F80C1
:108430000000E03FF7B51C4F0400386816000193B8
:108440000091FDF721FB194A1368002B01D1184B4D
:1084500013605A6838681F2A04DDFDF716FB0120F7
:108460004042FEBD002C14D0910059180F008837EF
:108470003E6001271E0097408536FF367568FC3147
:108480003D437560019DCD60022C02D1B168394336
:10849000B160511C5960023200999200D150FDF731
:1084A000F4FA0020DDE7C046B8080020D0A501207E
:1084B000D4A501207FB514001A00094B05001B68E4
:1084C0000E00D868074B002C01D1074B1C00074950
:1084D000019302942B00009600F0C4FE01F0D9FE37
:1084E000940700208CDC0208C7DC020899DC020833
:1084F000F8B500240B0C160CA34233D1A64221D1AF
:108500008BB291B25943FBF7CDFD051E32D003006B
:10851000083B5A6803239A43043A242A32D80300BA
:10852000132A0AD90460446008331B2A05D98460E1
:10853000C460242A21D00300103300221A605A603C
:108540009A6018E0331C0D1C89B292B29BB24A4368
:10855000ADB25D43110C69180B0C07D1090492B23E
:108560001143D0E7002E01D1151CEDE7FDF760FAAD
:108570000C23036000252800F8BD030004611833B4
:108580004461DAE70021FDF76CF9F4E7F0B5026920
:108590000F6987B006000B0000200291BA426DDB24
:1085A000013FBC00143305931B19039333001433AC
:1085B0001C19019323680493039B04981D680135DB
:1085C0002900D7F7C7FD049B0090AB422BD3059B36
:1085D000019D9C46002305930493624608CA2868BF
:1085E0009446009A99B25143059A1B0C8918009A37
:1085F00053430A0C9B181A0C89B2059282B2521A84
:108600000499000C52189BB21114C31A5B18191468
:1086100092B21B041A43039B049104C56345DCD248
:108620002368002B30D030000299FEF763F9002850
:1086300023DB34000025029914341431236801C966
:1086400002936B461B8982B29A1A029B5219000C44
:108650001B0C1B1A10141B181D1492B21B041A4376
:10866000039B04C48B42E9D2019ABB00D3181A6859
:10867000002A13D0009B01330093009807B0F0BD8F
:108680002368002B04D1013F019B043CA342F7D394
:108690003761C8E71A68002A04D1013F019A043BF8
:1086A0009A42F7D33761E5E7F0B514001D00816BFE
:1086B0009DB00A940B95259E0390002909D00123B3
:1086C000C26B93404A608B60FDF7B2FE0023039AB1
:1086D0009363002D1EDA012333606B005B080B935C
:1086E0000B9FB64BB54A3B40934216D1B44B249AEC
:1086F00013603B031B0B234301D100F085FDB14BFD
:10870000269A0893002A02D0AF4B269A1360089845
:108710001DB0F0BD00233360E2E70A9A0B9B129272
:1087200013931298139900220023D7F799FE061E7F
:108730000BD00123249A1360269B002B02D0A34B5D
:10874000269A1360A24B0893E1E71AAB01931BAB87
:1087500000930398129A139BFEF7EEF97A000590A6
:10876000520D00D17BE0139B18961903994B090B0E
:108770000B43994957181298139919000022974BE7
:10878000DAF7E6F9964A974BD9F71AFF964A974BCC
:10879000D8F76EFF040038000D00DAF7D3FD944AD5
:1087A000944BD9F70DFF02000B0020002900D8F7E9
:1087B0005FFF04000D00DAF789FD0022049000231A
:1087C00020002900D7F752FE00280BD00498DAF7D2
:1087D000B9FD2B002200D7F743FE43425841049BCA
:1087E0001B1A049301231593049B162B10D812987F
:1087F0001399049A804BD2009B181A685B68D7F7CC
:1088000035FE002847D0049B013B049300231593B9
:1088100000221A9B0692DB1B5A1E3ED50122D31A58
:10882000069300230D93049B002B38DB049A0D9BC9
:10883000944663440D93002314920F93229B0124CA
:10884000092B67D8052B02DD0024043B2293229BD1
:10885000981E032867D8D7F769FC2B3A385B1B9B17
:108860001A9EF618654BF218202A0FDD40239B1A3A
:108870009F40634B3800F318DC402043DAF790FD4B
:108880000122604B771ECB18189276E72023200038
:108890009B1A9840F2E71590BAE70D92C3E7069B42
:1088A000049A9B1A069353420F9300231493C5E72F
:1088B00000231093239B0E930993002B13DC0123B9
:1088C0001A000E93099323920DE00123F1E7002390
:1088D000239A10939446049B63440E9301330993A7
:1088E000002B00DC012300210422100014309842E8
:1088F0001DD9039B1800D963FDF772FD089000286D
:1089000018D1B021404B4148089AFF31FFF7D2FD02
:108910000123DDE7002310942293013B0E9309937A
:1089200000221333CFE701231093023BF6E7013116
:108930005200DAE7039B089A9A63099B0E2B00D931
:10894000D7E0002C00D1D4E0049B002B62DD0F2186
:10895000049A294B0A40D2009B181E685F68049B4A
:1089600002241D11DB050AD5294B0D401A6A5B6AEA
:1089700012981399D9F7E0F90A900B910134244B1E
:108980000C93002D08D10A980B9932003B00D9F7BF
:10899000D3F90A900B9158E001231D4209D0E41845
:1089A0000C9B30001A685B683900D9F709FE060095
:1089B0000F000C9B6D100833E2E7C0460000F07F0B
:1089C0000F270000D1DC0208D4DC02086BDC0208AF
:1089D0006ADC02080000F03F01FCFFFF0000F83FE6
:1089E00061436F63A787D23FB3C8608B288AC63FB5
:1089F000FB799F501344D33F70DB02083204000020
:108A000012040000000010FE71DA0208D5DC020832
:108A100048DB0208049B0224002B16D012981399FD
:108A20000F225D422A40C34BD2009B181A685B6834
:108A3000D9F7C6FD012700230A900B91BE4E2D11D8
:108A4000002D00D0BAE0002BA3D10A9E0B9F159BEE
:108A5000002B00D1BDE0002230003900B74BD7F722
:108A600005FD002800D1B4E0099B002B00D1B0E047
:108A70000E9B002B39DD049B0022013B0C93300040
:108A8000AF4B3900D9F79CFD0A900B910E9B013436
:108A900020001193DAF756FC0A9A0B9BD9F790FD48
:108AA000A84B0022D8F7E4FDA74B0600CF18119B76
:108AB000002B00D091E00A980B990022A34BDAF723
:108AC00047F832003B0004000D00D7F7E3FC002814
:108AD00000D0A1E2802109067B1832002000290085
:108AE000D7F7C4FC002800D044E1129B139C0A93E2
:108AF0000B941B9B002B00DA7BE1049A0E2A00DD0D
:108B000077E18C4BD2009B185C681B680693079436
:108B1000239B002B03DA099B002B00DC1AE10A9E41
:108B20000B9F099B089D013B5B190A93069A079BC3
:108B300030003900D9F700F9DAF7C8FB0990DAF705
:108B400001FC069A079BD9F73BFD02000B003000A1
:108B50003900D9F7FDFF2B00099A013530321A7020
:108B60000A9A2C009A4200D035E102000B00D8F797
:108B70007FFD069A079B06000F00D7F78BFC0028A5
:108B800000D013E1069A079B30003900D7F768FC44
:108B9000002803D0099BDD0700D507E1059903985C
:108BA000FDF746FC00232370049B249A01331360D5
:108BB000269B002B00D1AAE51C60A8E53D4205D00C
:108BC00032687368D9F7FCFC3B0001346D1008363D
:108BD00036E7049B0C93099B5AE7119A554B013ACF
:108BE000D20010999B181A685B68002950D00020A9
:108BF0005749D9F7A1F832003B00D9F7A9FF089AE5
:108C0000060094460F00089B1693119B6344119332
:108C10000A980B99DAF75AFB0500DAF793FB020082
:108C20000B000A980B99D9F793FF169B30350A90E1
:108C30000B9102005C1C1D7030000B003900D7F74F
:108C400029FC00286CD10A9A0B9B00203B49D9F7DC
:108C50007FFF02000B0030003900D7F71BFC002813
:108C600000D0A5E0119BA34200D13EE700223000D6
:108C70003900334BD9F7A4FC002206000F000A98F4
:108C80000B992F4BD9F79CFC16940A900B91BFE7D8
:108C900030003900D9F794FC089D119A2B009446B6
:108CA00016901791634419930A980B99DAF70EFB03
:108CB0000400DAF747FB0B0002000A980B99D9F77A
:108CC00047FF3034199B2C70013506000F00AB4272
:108CD00029D116981799089B119C9C4600221C4B81
:108CE0006444D8F7C5FC02000B0030003900D7F708
:108CF000D1FB00285CD1169A179B00201449D9F7A4
:108D000027FF02000B0030003900D7F7AFFB002827
:108D100000D1EAE62300013C2278302AFAD01C0078
:108D20000C9B04933AE70022054BD9F749FC0A90C3
:108D30000B91B9E770DB020848DB02080000F03F46
:108D40000000244000001C400000C0FC0000144053
:108D50000000E03F099B002B0CD1069807990022E8
:108D6000BE4BD9F72DFC0A9A0B9BD7F79DFB002829
:108D700000D154E100263700239B089CDB430C9371
:108D80000023049331000398FDF752FB002FC7D056
:108D9000049B002B05D0BB4203D019000398FDF7BC
:108DA00047FB39000398FDF743FBB9E7049B0C939D
:108DB00023001C00013B1A78392A08D1089A9A42EC
:108DC000F7D10C9A089901320C9230220A701A7865
:108DD00001321A70A4E70022A14BD9F7F1FB00225F
:108DE000002306000F00D7F73BFB002800D19DE6CB
:108DF000D4E6109F0F9D069C002F14D0229A012AC2
:108E000000DDC8E0189A002A00D1BEE0954A9B1800
:108E1000069A0121D21806920D9A0398D3180D9341
:108E2000FDF7F0FB0700002C0ED00D9B002B0BDD97
:108E30000D9A2300944200DD1300069AE41AD21A18
:108E400006920D9AD31A0D930F9B002B1FD0109BE7
:108E5000002B00D1B5E0002D10D039002A00039876
:108E6000FDF79AFC059A010007000398FDF7E2FB65
:108E7000060005990398FDF7DBFA05960F9B5A1B30
:108E8000AB4204D005990398FDF786FC05900121BB
:108E90000398FDF7B7FB149B0600002B00D1BDE142
:108EA0001A0001000398FDF777FC229B06000025BD
:108EB000012B16DC00250A9BAB420ED10B9B1B033A
:108EC000AB420AD1684B0B9A134206D0069B013580
:108ED000013306930D9B01330D93149B0120002B4E
:108EE00008D0336903339B00F3185868FDF73AFB49
:108EF0002023181A0D9B181802001F231A4018422D
:108F000065D001339B1A042B5DDD1C239B1A069A46
:108F1000E418D21806920D9AD3180D93069B002BD5
:108F200005DD1A0005990398FDF778FC05900D9B67
:108F3000002B05DD31001A000398FDF76FFC0600D9
:108F4000159B002B45D031000598FDF7D3FC002878
:108F50003FDA049B0A22013B0C93059900230398F6
:108F6000FDF770FA109B0590002B00D15DE1002306
:108F700039000A220398FDF765FA0E9B0700002BC3
:108F800055DC229B022B2DDC51E036231A9A0F9DD3
:108F9000069C9B1A3CE7099B5D1E0F9BAB4208DBBE
:108FA0005D1B099B069C002B00DB31E7E41A0023C4
:108FB0002EE70F9B149AEB1AD3180F9514930025E4
:108FC000EFE70F9A5EE7042BA8D01C339FE713004E
:108FD000FBE7049B0C93099B0E93002B23DC229B45
:108FE000022B20DD0E9B002B00D0C5E631000522B0
:108FF0000398FDF727FA060001000598FDF77AFCB3
:10900000002800DCB8E6089B089A5C1C312313702A
:109010000C9B01330C93B3E6119E3700F3E7049BDE
:10902000099E0C93F9E7109B002B00D101E1002C65
:1090300005DD390022000398FDF7F0FB070038003A
:10904000002D26D079680398FDF7CAF9041E13D1C4
:109050002200064B0648074958E4C0460000144069
:1090600000002440330400000000F07F71DA0208A1
:10907000D5DC0208EF02000039003A690C310232F7
:1090800092000C30FCF715FD012221000398FDF73A
:10909000C5FB089B0E9A0693013B9B18012204977F
:1090A00007000F930A9B13400E9331000598FFF7BA
:1090B0006DFA049905000A900598FDF71BFC3A002B
:1090C0000D9031000398FDF731FC0122C3680400C4
:1090D00030350992002B04D101000598FDF70AFCF8
:1090E000099021000398FDF7A3F9069B099A5C1CDF
:1090F000229B13430E9A134309D1392D22D00D9B85
:10910000002B01DD0A9D3135069B1D703AE60D9B53
:10911000002B04DB229A13430E9A13431ED1099BA2
:10912000002BF1DD059901220398FDF777FB310053
:109130000590FDF7DFFB002802DCE5D1EB07E3D566
:10914000392DDFD13923069A137023001C00013B0F
:109150001A78392A4FD001321A7013E6099B002B76
:1091600003DD392DEED00135CEE7069B069A1D7042
:109170000F9B93422AD000230A2205990398FDF7FA
:1091800061F9049B0590BB4209D100230A2204998E
:109190000398FDF757F904900700069485E70499B2
:1091A00000230A220398FDF74DF9002304900A22B8
:1091B00039000398FDF746F9EEE70E9B0124002BDA
:1091C00000DD1C00089B1C19002304930599012253
:1091D0000398FDF723FB31000590FDF78BFB00287A
:1091E000B3DC01D1ED07B0D423001C00013B1A7899
:1091F000302AFAD0C6E5089A9A42A7D10C9B0133CF
:109200000C9331231370BDE5144B269A0893144B2D
:10921000002A01D0FFF779FAFFF779FA229B012B98
:1092200000DC47E60120149D64E60E9B002B00DC69
:10923000D5E6002431000598FFF7A8F9089B3030E7
:1092400018550E9B013405009C42B6DA00230A2211
:1092500005990398FDF7F6F80590EBE7C8DC0208DE
:10926000D0DC02080EB417B5054C05AB04CB0100E9
:109270002068019300F0C0F81EBC08BC03B018477A
:1092800094070020F0B5136887B017000393936824
:1092900000220C0016000590029293420BD1002090
:1092A00000237B6007B0F0BD039B1B680293039B08
:1092B0005E6808330393A5682368002EF4D0AE429D
:1092C00032D30C21625E9021C9000A422CD00320C7
:1092D00021695B1A049363694343D80FC3185B1079
:1092E0000193049B019801339B19834200D9019398
:1092F000520530D501990598FAF7D4FE051E34D0F1
:10930000049A2169FCF7D5FBA2891E4B1A408023E1
:109310001343A381049B2561ED1825603500019B53
:10932000049A63619B1AA360B54200D935002A00F4
:1093300002992068FCF782FAA3685B1BA36023688C
:109340005B192360029B9B190293BB689B1BBB604C
:10935000A5D00026AFE7019A0598FBF7E7F8051EB0
:10936000D8D121690598FCF71DFC0C23059A012032
:109370001360A28934331343A38100234042BB60AE
:109380008EE7C0467FFBFFFFF0B5936885B0019084
:109390000D001400181E08D04B6E9B0427D51668CC
:1093A000A068002805D10023A3600023636005B0F6
:1093B000F0BD002733680293736800939B08039302
:1093C000039BBB4208DC0323009A08369A43130030
:1093D000A268D31AA360E3E70299BB00C9582A0028
:1093E000019800F02DFF431CDDD00137E8E701981C
:1093F00000F030FDD7E70000F0B5C1B01C001D0043
:10940000069004910792002804D0436B002B01D1F1
:10941000FCF774F9049B5B6EDB0707D4049B9B8904
:109420009B0503D4049B986DFCF72EFB049B0C2238
:109430009A5E80239B011A4207D11343049A9381B9
:10944000536EA74A1340049A5366049B9B891B07DB
:1094500003D5049B1B69002B18D10499069800F0D2
:1094600053FE002812D0049B5B6EDB0705D5012359
:109470005B420893089841B0F0BD049B9B899B0513
:10948000F5D4049B986DFCF700FBF0E7049B0C22DD
:109490009B5E1A221A400A2A16D1049A0E21525EA5
:1094A000002A11DB049A526ED20705D49B0503D41F
:1094B000049B986DFCF7E9FA2300079A0499069833
:1094C00000F084FC0890D5E7002317AE149616939D
:1094D000159303960C930D930E930F930893079C8B
:1094E0002378002B02D0252B00D087E0079BE71ABA
:1094F0009C4210D0039A1360169B5760DB19169399
:10950000159B01331593072B7ADC13000833039363
:10951000089BDB1908932378002B01D100F011FC84
:10952000002212A9CA700121631C1400494205914E
:1095300009925A1C1B780792180020385A2800D923
:109540005CE3D6F7FDFDA0005B035B03A9005B03B2
:109550005B035B0385005B035B03AB00B3005B0352
:10956000B100B7005B03DC00DE00DE00DE00DE00E1
:10957000DE00DE00DE00DE00DE005B035B035B037B
:109580005B035B035B035B035B035B030601EA01B5
:109590005B035B035B035B035B035B035B035B03DB
:1095A0005B035B0341025B035B035B037A025B03C8
:1095B00094025B035B03C2025B035B035B035B031D
:1095C0005B035B035B035B035B035B030601EC0173
:1095D0005B035B035B03EF00EC0102015B03FB0039
:1095E0005B03260243026E0202015B037A02A700BC
:1095F00096025B035B0367005B03A70001346FE720
:109600000499069814AAFFF7BFFE002800D073E360
:1096100017AB7CE7334A20000C9220221040144202
:1096200000D154E2193A0735954306CD00910192D5
:10963000E20709D5009A01990A4305D013AA3021FF
:109640005370022311701C43274B1C400223CBE1B3
:109650000698FEF799FE436818000F93D6F75EFD53
:109660000E900698FEF790FE83680D930E9B002BDC
:1096700010D00D9B002B0DD01B78002B0AD080231F
:10968000DB001C4306E012ABDA780333002A01D179
:1096900020321A70079B4CE70123F2E708CD0993AB
:1096A000002BF7DA5B4209930423EAE72B2212AB83
:1096B000DA70EFE7079B5A1C1B782A2B16D0002183
:1096C0000A200591190030390792092900D933E79A
:1096D000059B43435B18059313780132F2E7C046BC
:1096E000FFDFFFFF48DC0208FFFBFFFF08CD05930B
:1096F000002B02DA01235B4205930792CAE780231D
:10970000BFE70021079A09910A310998303B484385
:109710001B18099313780132180030380928F4D93E
:10972000079209E7079B1B78682B05D1079B01333C
:10973000079380239B00A4E74023A2E7079B1B78A5
:109740006C2B04D1079B01330793202399E7102347
:1097500097E704CD27AB1A70002212A9CA70012125
:109760001E0005910B920B9B059A0A93934200DA17
:109770000A9212AB03331B785A1E93410A9AD318EC
:109780000A9302232340109302231C4202D00A9B17
:1097900002330A93842322001A4011921C4221D1E1
:1097A000099B0A9A9F1A002F1CDD169B03999C4661
:1097B000CB48159B039A013308311060102F00DD50
:1097C00029E257606744169715930391072B09DD2B
:1097D0000499069814AAFFF7D7FD002800D08BE261
:1097E00017AB039312A9C878169A159B033100286A
:1097F0000DD0039801330160012152184160169287
:109800001593072B00DD19E2030008330393109929
:10981000169A159B00290ED0039813A90160022106
:1098200001335218416016921593072B00DD0EE2AA
:10983000030008330393119B802B21D1099B0A9AC3
:109840009F1A002F1CDD169B03999C46A548159B6B
:10985000039A013308311060102F00DD00E25760D9
:109860006744169715930391072B09DD0499069811
:1098700014AAFFF789FD002800D03DE217AB03933F
:109880000B9B059A9F1A002F1CDD169B03999C4683
:109890009448159B039A013308311060102F00DDA6
:1098A000F1E157606744169715930391072B09DD83
:1098B0000499069814AAFFF767FD002800D01BE260
:1098C00017AB0393039A059B16605360169B059A8A
:1098D0009B181693159B01331593072B00DDE5E1CB
:1098E000039E0836640700D5E9E1099B0A9A934272
:1098F00000DA1300089AD3180893169B002B07D0A0
:109900000499069814AAFFF73FFD002800D0F3E160
:109910000023159317AB0393E1E510231C43A30623
:1099200028D5072307359D430CCD00920193019A5A
:109930000123002A09DA009E019F00227142BA41E8
:10994000009101922D2112AAD1700199009A0A4327
:109950000599013100D102E2802127008F43002ABE
:1099600000D000E2059A002A00D13DE1012B00D091
:10997000FCE1D8E008CDE20603D50093DB170193A4
:10998000D5E7620601D51BB2F7E7A205F5D55BB2B4
:10999000F3E7A30606D52B68089A1A60D2175A6017
:1099A00004359CE5E30603D52B68089A1A60F7E7AF
:1099B000630603D52B68089A1A80F1E7A405F3D54E
:1099C0002B68089A1A70EBE710231C432023200011
:1099D00018401C420BD0193B07359D430CCD00921B
:1099E0000193414B1C400023002112AAACE7102236
:1099F000210008CD1140144202D000930190F0E7FD
:109A0000402220001040144203D09BB200930191E9
:109A1000E7E780222100920011401442F6D0DBB229
:109A2000EBE708CD31490093002313AA1180304A97
:109A3000019302331C430C92D6E7002708CD1E0089
:109A400012ABDF70059B01330CD039003000059A52
:109A5000FEF7B2FC0B90B84200D184E6831B05935D
:109A60000B9780E63000D6F759FB0590F8E71023F6
:109A70001C432023200018401C4207D0193B073507
:109A80009D430CCD009201930123ADE710232100EB
:109A900004CD19401C4203D0009201900F3BA3E774
:109AA0004023200018401C4203D093B20093019140
:109AB000EAE7802321009B0019401C4203D0D3B267
:109AC00000930190E0E70092F1E70A4AA3E5102134
:109AD000270004CD0F400C420ED000920190A7E564
:109AE0003DDD02082DDD0208FFFBFFFF307800009E
:109AF00048DC020859DC02084021200008400C42E2
:109B000003D092B20092019792E58021270089004C
:109B10000F400C42F6D0D2B2DFE7019B002B0BD1F5
:109B2000009B092B08D8009B3033DBB2B72212A967
:109B300052181600137040E140AB1E008023002431
:109B4000DB003B400A930A22009801990023D6F7D4
:109B5000EFFC33003032013B1E001A700A9B0B9061
:109B600010910134002B1AD00D9B1B78A34216D103
:109B7000FF2C14D0019B002B02D1009B092B0ED986
:109B80000E9A0F99B31A18001E00FBF79EFE0D9B4C
:109B900000245B785A1E93410D9AD3180D93019BB4
:109BA000002B03D1009B092B00D806E10B9B0093EF
:109BB000109B0193C7E740AB1E000F203300013B11
:109BC0001E00009B0C9A0340D35C3370019B190765
:109BD000009B1A09019B11431B0901930B00019A79
:109BE00000911343EAD1E8E040AA1600002B00D010
:109BF000E3E0E40700D4E0E0303397E7002B00D146
:109C00009FE027AA1370002312A9CB700121160030
:109C100005910B93A7E5102050606246121816922A
:109C20001593072B07DD0499069814AAFFF7ACFBE0
:109C3000002861D117A9103F0391B6E50499069851
:109C400014AAFFF7A1FB002856D117ABDEE5049953
:109C5000069814AAFFF798FB00284DD117ABE9E549
:109C6000102050606246121816921593072B07DDDC
:109C70000499069814AAFFF787FB00283CD117A97E
:109C8000103F0391DFE510205060624612181692D3
:109C90001593072B07DD0499069814AAFFF774FBA8
:109CA000002829D117A9103F0391EEE504990698E1
:109CB00014AAFFF769FB00281ED117AE12E6099B14
:109CC0000A9A10279C1A002C00DC0EE615993E4AD1
:109CD000169B01313260102C22DC7460E41816945B
:109CE0001591072900DC00E60499069814AAFFF7ED
:109CF0004BFB002800D1F8E5049B5B6EDB0707D423
:109D0000049B9B899B0503D4049B986DFBF7BDFEC8
:109D1000049B9B895B0601D4FFF7ACFBFFF7A7FB15
:109D200010337760169315910836072907DD0499DB
:109D3000069814AAFFF728FB0028DDD117AE103CC7
:109D4000C4E7169B002B02D100231593D4E7049996
:109D5000069814AAFFF718FB0028F5D0CCE72700D7
:109D6000002A00D102E6012B00D1D6E6022B00D159
:109D700021E740AB1E0007239C463300013B320025
:109D80001E00634600990B40019930334C0700993F
:109D90003370C80801990443C90801912100019852
:109DA00000940143E9D1F90707D5302B05D03300E2
:109DB0003021013B1970931E1E00059B3C000B9344
:109DC00040AB9B1B0593CEE43DDD0208F0B51500CA
:109DD00002221E4C1F008B89A54493436A4693813F
:109DE0004B6E06001993CB8916A8D381CB690C0062
:109DF00007934B6A09931AAB009304938023DB000B
:109E00000293059300230693FBF73CFE2A003B00D8
:109E100069463000FFF7F0FA051E07DB694630009F
:109E2000FEF78CFA002801D001256D426B469A8915
:109E300040231A4202D0A2891343A3811698FBF74C
:109E400022FE2800024B9D44F0BDC04694FBFFFF5C
:109E50006C040000F0B5936887B00C000290049287
:109E6000002B02D1002007B0F0BD8B891B0756D50F
:109E70000B69002B53D0049B1B6801930C22A35E3B
:109E800002221E00164013426FD1012201211A4006
:109E90000B4200D1A2E0300037000396002F00D122
:109EA0000AE100280AD13A000A210398FEF784FA51
:109EB0007E1C002802D0039B0130C61A0596BE42C4
:109EC00000D9059720682269A5686369904200D887
:109ED000FBE0059AED18AA4200DCF6E003992A009F
:109EE000FBF7ACFC236821005B1902982360FEF7A6
:109EF00025FA00286DD10120761B05D1210002989A
:109F0000FEF71CFA002864D1039B049A5B190393A3
:109F1000049B7F1B9B685B1B9360BFD1A2E7210062
:109F2000029800F0F1F80028A5D0012040429AE7FD
:109F3000019B1E685D6808330193676AE169002D23
:109F4000F6D06E4A2B00954200D9130032000298D9
:109F5000B84700283DDD049B049A9B6836181B1AFD
:109F60002D1A9360002BE8D17CE700263500E4E74A
:109F7000019B1B680393019B5D68083301930C22CE
:109F8000A35E2068A668002DF2D0802292001342C2
:109F900062D0AE4237D89022D200134233D021692A
:109FA000421A0320059262694243D70FBF18059AEF
:109FB0007F1001325219BA4200D917005B053CD517
:109FC00039000298FAF76EF8061E0AD10C23029A9D
:109FD00013604023A2891343A381A6E715000392CF
:109FE000CDE7059A2169FBF764FDA289444B1A402D
:109FF00080231343A381059B2661F61826602E005B
:10A000006761FF1AA7602F00AE4200D92E00320010
:10A0100003992068FBF712FCA3689B1BA3602368CD
:10A020009B192360039B049ADB190393049BED1B8C
:10A030009B68DB1B9360A2D114E73A000298FAF701
:10A0400075FA061ED7D121690298FBF7ABFD802275
:10A05000A3899343A381B9E72369834202D3676944
:10A06000AF4216D9AE4200D92E0032000399FBF759
:10A07000E5FBA36822689B1B92193700A36022604E
:10A08000002BCFD121000298FEF758F90028C9D043
:10A090009FE7802328001B069D4200D31948390002
:10A0A000D6F7E2F83B00666A4343039AE1690298F7
:10A0B000B047071EB6DC8CE7019B00201B680393AA
:10A0C000019B5F6808330193E8E6059A934208DC38
:10A0D000656A039AE1690298A847051E00DD0AE750
:10A0E00077E7059A0399FBF7A9FB059AA368150082
:10A0F0009B1AA36023689B182360FCE600FCFF7F8B
:10A100007FFBFFFFFFFFFF7F2D4B70B50500186839
:10A110000C00002804D0436B002B01D1FBF7EEFAB2
:10A120000C23E25E130723D4D30607D409232B6044
:10A13000402301201343A38140423AE0520713D544
:10A14000216B002908D023004033994202D0280017
:10A15000FBF728FD002323632422A3899343A381D3
:10A1600000236360236923600823A2891343A3812A
:10A170002369002B0BD1A0218022A38989009200A2
:10A180000B40934203D02100280000F0CDF80C23AF
:10A19000E25E012113000B400A420BD00023A360B2
:10A1A00063695B42A36100202369834201D11306E6
:10A1B000BED470BD910700D46369A360F3E7C046C5
:10A1C00094070020F0B585B00E0014000190FBF755
:10A1D000C7FB0500012819D1731EFE2B16D802AB50
:10A1E0001E710027AF4221D003ABD95DA368013BAC
:10A1F000A360002B04DAA26993421ADB0A2918D063
:10A2000023685A1C226019700137EBE723003200E3
:10A2100001985C3303A900F043F80500431CE0D12A
:10A220004023A2891343A38101267642300005B062
:10A23000F0BD2200019800F0B9F80130E4D1F3E755
:10A24000536E70B505000E001400DB0705D493892A
:10A250009B0502D4906DFBF717FC0C23E25E802374
:10A260009B011A4204D11A43A281626E13436366B2
:10A27000280022003100FFF7A5FF636E0500DB0711
:10A2800005D4A3899B0502D4A06DFBF7FEFB280033
:10A2900070BD062010B500F005F9012000F062FB4A
:10A2A0007FB51D00084B04001E682B00002901D15A
:10A2B0000A0001A92000B047431C03D100232B60F2
:10A2C0008A33236004B070BD0807002070B50E000B
:10A2D0001D000E23C95E140096B0002909DAB28968
:10A2E0008023110019401A4218D18023DB00080096
:10A2F00010E06A4600F0E0F80028F0DBF023019956
:10A300001B021940074B8020C9184B42594180233A
:10A310000001DB002960236016B070BD00214023DE
:10A32000E5E7C04600E0FFFFF0B502268B89050097
:10A330000C0085B0334207D02300433323602361F0
:10A340000123636105B0F0BD03AB02AAFFF7BEFFB6
:10A35000029F019039002800F9F7A4FE002808D1D7
:10A360000C22A35E9A05EDD4032293431E43A681DB
:10A37000E2E78023A28920601343A381039B20612D
:10A380006761002B0CD028000E23E15E00F0A6F8D8
:10A39000002805D00323A2899A43023B1343A381DB
:10A3A000A389019A1343A381CCE70000F8B5060006
:10A3B0000D001400002804D0436B002B01D1FBF7E3
:10A3C0009DF9A369A360A3891B0702D52369002B0C
:10A3D00009D121003000FFF797FE002803D00125A6
:10A3E0006D422800F8BD0C23E25E80239B01EFB292
:10A3F000EDB21A4205D11343A381134A636E134091
:10A40000636623692068C01A6369834205DC210002
:10A410003000FDF793FF0028E1D1A3680130013B34
:10A42000A36023685A1C22601F706369834204D0B2
:10A43000A389DB07D5D50A2DD3D121003000FDF744
:10A440007DFF0028CDD0CAE7FFDFFFFF70B5040015
:10A450000D001F2904D9162303600120404270BD5E
:10A460000300FC33DB69002B04D08A009B181A68B8
:10A47000002A08D1200000F055F82A000100200031
:10A4800000F03EF8EBE7012A09D0511C03D1162356
:10A4900003600120E3E700212800196090470020B5
:10A4A000DDE7000010B5034B01001868FFF7CEFF91
:10A4B00010BDC04694070020002370B5064D04006F
:10A4C000080011002B60F9F7AFFD431C03D12B6886
:10A4D000002B00D0236070BDC8A50120002370B5FB
:10A4E000064D040008002B60F9F78FFD431C03D1D3
:10A4F0002B68002B00D0236070BDC046C8A501208A
:10A50000002370B5064D0400080011002B60F9F718
:10A5100071FD431C03D12B68002B00D0236070BD5C
:10A52000C8A5012010B5F9F779FD10BDF8B50400F4
:10A530000D0000F055F8220006000F002B0020004F
:10A540002900D8F7A1FE002815D100220023200001
:10A550002900D5F79FFF00280DD1002200232000FD
:10A560002900D5F77DFF002808D0FBF761FA2223E8
:10A570000026074F036030003900F8BDFBF758FA9A
:10A58000212303600348FBF79DFA06000F00F2E762
:10A590000000F0FFC7DC0208C30DDBB27F3B020006
:10A5A00010B5162B13DC002B07DAC20FD0070133CE
:10A5B00002D1FE239B05184310BD084919410842EA
:10A5C000FAD08020C003184180188843F4E7802B1C
:10A5D000F2D1011CD6F74CF9EEE7C046FFFF7F0031
:10A5E0008023F0B55B030E008DB0994223DA4B0057
:10A5F0005B08034307D1002200230020B449D7F7AA
:10A600009BFB0DB0F0BD002906DA02000B00D8F765
:10A610009FFA00220023F2E7AE4B0022D7F7D0FFCB
:10A6200036230E005B42AC4A964206DD02000B0068
:10A63000D7F71EF8E5E70023F5E7A84C3215121905
:10A640003603A74CD218330B02931B1980246403E2
:10A650002340A44C029D5C401B159B1825430022FF
:10A66000009329009F4BD8F773FA029B0600023330
:10A670001B030F0000221B0B022B64DC0023D5F709
:10A68000EFFE002819D0009B002B00D11CE1180020
:10A69000D8F758FE944A954B04000D00D7F790FF69
:10A6A000934A06000F00934B20002900D7F788FF3C
:10A6B00002000B0030003900BAE78F4A8F4B3000A0
:10A6C0003900D7F77DFF02000B0000208C49D8F736
:10A6D0003FFA320004000D003B0030003900D7F78C
:10A6E0006FFF0B00020029002000D7F769FF009BD5
:10A6F00002900391002B06D102000B0030003900BC
:10A70000D8F726FA7DE70098D8F71CFE764A774BF3
:10A7100004000D00D7F754FF754A00900191754B66
:10A7200020002900D7F74CFF02000B000298039984
:10A73000D8F70EFA32003B00D8F70AFA02000B00F5
:10A7400000980199DCE78023DB05D6F791FF020032
:10A750000B0030003900D7F7EFFA0490059100980C
:10A76000D8F7F0FD049A059B069007911000190098
:10A77000D7F726FF634A029B9446634402000B937B
:10A780000B0008900991D7F71BFF04000D005E4AEB
:10A790005E4BD7F715FF5E4A5E4BD6F769FF220086
:10A7A0002B00D7F70DFF5C4A5C4BD6F761FF220008
:10A7B0002B00D7F705FF5A4A5A4BD6F759FF089A8C
:10A7C000099BD7F7FDFE584A08900991574B200086
:10A7D0002900D7F7F5FE564A564BD6F749FF220017
:10A7E0002B00D7F7EDFE544A544BD6F741FF220019
:10A7F0002B00D7F7E5FE02000B0008980999D6F761
:10A8000037FF029A4E4B04009B1A0B9A0D0013431C
:10A81000002B34DD00223A4B30003900D7F7D0FE50
:10A8200032003B00D7F7CCFE02000B0002900391F0
:10A8300020002900D6F71CFF049A059BD7F7C0FE1D
:10A84000009B04000D00002B06D102000B000298B3
:10A850000399D8F77DF94FE7234A244B06980799C7
:10A86000D7F7AEFE224A0090019106980799214B36
:10A87000D7F7A6FE22002B00D6F7FAFE54E7020017
:10A880000B0030003900D8F763F9049A059BD7F71D
:10A8900097FE009B04000D00002B02D102000B006C
:10A8A0002CE7114A114B06980799D7F789FE104AF1
:10A8B00000900191069807990E4BD7F781FE020090
:10A8C0000B002000290033E70020002199E6C04654
:10A8D000000050C300005043FFFFEF7F01FCFFFF6B
:10A8E000645F09000000F03F0000E0FE422EE63FFA
:10A8F000763C7935EF39EA3D555555555555D53F97
:10A900000000E03F86EBF9FF44523EDF12F1C23F08
:10A91000DE03CB966446C73F599322942449D23F25
:10A92000935555555555E53F9FC678D0099AC33F75
:10A93000AF788E1DC571CC3F04FA97999999D93F8C
:10A9400051B80600054A03001168002901D10449E5
:10A9500011601068C31813607047C04664A70120D7
:10A9600068A70120FEE70000F8B5C046F8BC08BCA7
:10A970009E467047F8B5C046F8BC08BC9E46704776
:10A9800001B40248844601BC604700BFBD080020F6
:10A99000081C3044586C8000000000000000483063
:10A9A0003152300050303152300048323352300092
:10A9B0004832335231004832335233004830375234
:10A9C0003300483038523600503038523600483064
:10A9D000395230004830395239004831425236003D
:10A9E00048313252300048313352370048304652F5
:10A9F0003100483046523600483046523700483120
:10AA000041523200483041523900483144523100FD
:10AA100048314452350048304252340048313852AF
:10AA2000300048323652300048313552300048311B
:10AA300030523400483241523300483431523600EB
:10AA4000483342523600483138523100483146527C
:10AA500035004833425232004832315232004831D8
:10AA600037523100483135523800483242523000B6
:10AA70004830355230004833425237004832425253
:10AA800031004830375238004830385237004831AA
:10AA90003652360050303852370048313952300083
:10AAA000525049000000483134524100483134527C
:10AAB00039004830465239004831415230000000D8
:10AAC0000000000000000000000000006D650000B4
:10AAD000616C6C0069660000666F72004D6F6E6499
:10AAE0006179000054756573646179005765646E1F
:10AAF00065736461790000005468757273646179EC
:10AB00000000000046726964617900005361747549
:10AB1000726461790000000053756E646179000011
:10AB20004A616E00466562004D61720041707200BC
:10AB30004D6179004A756E004A756C004175670079
:10AB4000536570004F6374004E6F76004465630078
:10AB50000D0A424F532E726573706F6E73653A2003
:10AB6000616C6C2C206D6573736167652C20636C60
:10AB7000692C206E6F6E650D0A0000000D0A424FB1
:10AB8000532E74726163653A20616C6C2C206D6584
:10AB900073736167652C20726573706F6E73652CBB
:10ABA000206E6F6E650D0A00424F532E636C696212
:10ABB000617564726174653A20434C492062617525
:10ABC00064726174652E2044656661756C742069D9
:10ABD00073203932313630302E2054686973206149
:10ABE00066666563747320616C6C20706F72747339
:10ABF0002E20496620796F75206368616E67652035
:10AC0000746869732076616C75652C202020202083
:10AC100020202020202020796F75206D75737420EE
:10AC2000636F6E6E65637420746F206120434C49BE
:10AC300020706F7274206F6E20656163682073747A
:10AC4000617274757020746F20726573746F7265B1
:10AC5000206F7468657220417272617920706F7222
:10AC6000747320696E746F2064656661756C7420FE
:10AC700062617564726174650D0A0000424F532E63
:10AC80006465626F756E63653A2031202E2E2E2E1C
:10AC90002E2E2E2E2E2E2E2E203635353336206D8E
:10ACA0007365630D0A000000424F532E73696E678F
:10ACB0006C65636C69636B74696D653A2031202E35
:10ACC0002E2E2E2E203635353336206D7365630DCE
:10ACD0000A000000424F532E6D696E696E746572F2
:10ACE000636C69636B74696D653A2031202E2E2E7A
:10ACF00020323535206D7365630D0A00424F532EA7
:10AD00006D6178696E746572636C69636B74696D8B
:10AD1000653A2031202E2E2E20323535206D736578
:10AD2000630D0A000A0D54686973206D6F64756CB9
:10AD3000652077696C6C20626520666F726365645C
:10AD400020696E746F20626F6F746C6F61646572DE
:10AD5000206D6F64652E0A0D506C656173652075FA
:10AD6000736520746865202253544D20466C6173CE
:10AD700068204C6F616465722044656D6F6E7374FA
:10AD80007261746F7222200909097574696C6974A3
:10AD90007920746F20757064617465207468652013
:10ADA0006669726D776172652E0A0D0A092A2A2A70
:10ADB00020496D706F7274616E74202A2A2A0A0D00
:10ADC00049662074686973206D6F64756C652069CD
:10ADD0007320636F6E6E6563746564206469726569
:10ADE00063746C7920746F20504320706C656173BC
:10ADF0006520636C6F7365207468697320706F726F
:10AE0000742066697273742E0A0D00000A0D4D6F6E
:10AE100064756C652025642077696C6C2062652000
:10AE2000666F7263656420696E746F20626F6F7401
:10AE30006C6F61646572206D6F64652E00000000A8
:10AE40000A0D506C656173652075736520746865C3
:10AE5000202253544D20466C617368204C6F61640E
:10AE600065722044656D6F6E73747261746F7222C7
:10AE7000207574696C69747920746F2075706461D1
:10AE8000746520746865206669726D776172652EDD
:10AE90000909090A0D0A092A2A2A20496D706F72C8
:10AEA00074616E74202A2A2A0A0D2D2049662074A6
:10AEB000686973206D6F64756C6520697320636FBA
:10AEC0006E6E6563746564206469726563746C7921
:10AED00020746F20504320706C6561736520636C33
:10AEE0006F7365207468697320706F72742066696F
:10AEF0007273742E0A0D0909092D20596F75206D82
:10AF000075737420706F776572206379636C652048
:10AF100074686520656E746972652041727261792A
:10AF20002061667465722074686520757064617450
:10AF3000652069732066696E69736865642E0A0D01
:10AF4000000000000A0D52656D6F74652075706415
:10AF500061746520766961206D6F64756C6520256C
:10AF6000642C20706F7274205025642077696C6C9B
:10AF7000206265207472696767657265642E0000DF
:10AF80003D0000003E0000003C0000003E3D00008F
:10AF90003C3D0000213D00000A0D284D6F64756C9A
:10AFA000653A506F72742909090000005025640940
:10AFB000000000000A0A0D004D6F64756C652025C5
:10AFC000643A0900090000002564090025643A2557
:10AFD000640900000A0D00000A0000000A0D546810
:10AFE00065736520706F727473206172652072657D
:10AFF0007665727365643A000A0D4D6F64756C6511
:10B00000202564203A205025640000000A0A0D41E2
:10B010006C6C206F7468657220706F72747320613D
:10B020007265206E6F726D616C0A0D000A0D2A2A1E
:10B030002A204D6F64756C652025642053746174FB
:10B040007573202A2A2A0A000A0D436F6E6E656303
:10B050007465642076696120706F72743A2050259F
:10B06000640A0D000A0D4669726D7761726520767B
:10B07000657273696F6E3A2025642E25642E2564EF
:10B080000000000053657020313720323032350027
:10B090000A0D4669726D7761726520646174653A64
:10B0A000202020202573000031353A33383A3332DE
:10B0B000000000000A0D4669726D776172652074A8
:10B0C000696D653A2020202025730A0D00000000DC
:10B0D0000A0D506F727473205374617475733A0A59
:10B0E0000A0D00005025643A200000004672656594
:10B0F0000A0D0000526563656976696E67206D65AB
:10B100007373616765730A0D000000005374726504
:10B11000616D696E670A0D00526563656976696ED7
:10B1200067207573657220636F6D6D616E64730A5D
:10B130000D000000436F6E6E656374656420746F6C
:10B14000206120627574746F6E2F73776974636801
:10B150000A0D00000A0D444D412053747265616D63
:10B1600073205374617475733A0A0D000A0D537499
:10B170007265616D696E6720444D412025642069C8
:10B1800073206672656500000A0D53747265616D07
:10B19000696E6720444D41202564206973207374D3
:10B1A0007265616D696E672066726F6D20502564EF
:10B1B00020746F20502564000A0D54686573652063
:10B1C000706F727473206172652072657665727338
:10B1D00065643A2000000000502564200000000053
:10B1E0004E6F6E6500000000065F0008145F0008E7
:10B1F000225F0008305F00083E5F00086D650000B8
:10B20000616C6C00DA6900086866000884660008F2
:10B21000A2660008D0660008FE6600083E670008C7
:10B220007E67000868660008EC6900083868000856
:10B23000586800087A680008AC680008DE680008F2
:10B24000226900086669000838680008BE6B0008BB
:10B25000CC6B0008DA6B0008E86B0008F66B00089E
:10B26000426C0008506C00085E6C00086C6C0008B2
:10B270007A6C0008257320253032642F2530326423
:10B280002F25303464000000253032643A253032F6
:10B29000643A253032640000081C3044586C800049
:10B2A0000A0D0A0D3D3D3D3D3D3D3D3D3D3D3D3D94
:10B2B0003D3D3D3D3D3D3D3D3D3D3D3D3D3D3D3DBE
:10B2C0003D3D3D3D3D3D3D3D3D3D3D3D3D3D3D3DAE
:10B2D0003D3D3D3D3D3D3D3D0920202020200A0DC6
:10B2E0003D3D3D3D3D3D3D3D3D3D3D3D3D3D3D3D8E
:10B2F0003D3D3D3D3D3D3D3D3D3D3D3D3D3D3D3D7E
:10B300003D3D3D3D3D3D3D3D3D3D3D3D3D3D3D3D6D
:10B310003D3D3D3D0920202020200A0D7C7C202041
:10B320002020202020202020202057656C636F6D76
:10B330006520746F204269747A4F5320434C492131
:10B3400020202020202020202020202020207C7C45
:10B350000909200A0D7C7C20202020202020284361
:10B360002920434F50595249474854204845584195
:10B370004249545A20323031372D323032352E2066
:10B38000202020202020207C7C0920202020200A32
:10B390000D7C7C2020202020202020202020202008
:10B3A000202020202020202020202020202020209D
:10B3B000202020202020202020202020202020208D
:10B3C0002020207C7C0909200A0D7C7C2020202064
:10B3D0002020506C6561736520636865636B207421
:10B3E00068652070726F6A6563742077656273693F
:10B3F0007465206174202020202020207C7C090995
:10B40000200A0D7C7C2020202020202020202020AD
:10B410002020687474703A2F2F68657861626974AF
:10B420007A2E636F6D2F20202020202020202020C6
:10B4300020202020207C7C0920202020200A0D7C38
:10B440007C202020202020202020202020202020A0
:10B4500020202020202020202020202020202020EC
:10B4600020202020202020202020202020202020DC
:10B47000207C7C0920202020200A0D7C7C2020209C
:10B48000547970652068656C7020666F7220612049
:10B490006C697374206F6620617661696C61626C9F
:10B4A0006520636F6D6D616E64732E20207C7C0956
:10B4B00020202020200A0D3D3D3D3D3D3D3D3D3DB0
:10B4C0003D3D3D3D3D3D3D3D3D3D3D3D3D3D3D3DAC
:10B4D0003D3D3D3D3D3D3D3D3D3D3D3D3D3D3D3D9C
:10B4E0003D3D3D3D3D3D3D3D3D3D3D092020202034
:10B4F000200A0D3D3D3D3D3D3D3D3D3D3D3D3D3DFC
:10B500003D3D3D3D3D3D3D3D3D3D3D3D3D3D3D3D6B
:10B510003D3D3D3D3D3D3D3D3D3D3D3D3D3D3D3D5B
:10B520003D3D3D3D3D3D3D0920202020200A0A0DA6
:10B53000000000000D0A00000D0A5B507265737375
:10B5400020454E54455220746F20657865637574AC
:10B5500065207468652070726576696F7573206305
:10B560006F6D6D616E6420616761696E5D0D0A3E8D
:10B5700000000000436F6E6E656374656420746F35
:10B58000206D6F64756C6520256420282573292C37
:10B5900020706F7274205025642E0A0A0D3E000040
:10B5A000696620000A43616E6E6F742073746F7257
:10B5B00065206D6F726520436F6D6D616E64205301
:10B5C0006E6970706574732E20506C6561736520B0
:10B5D00064656C657465206578697374696E67204D
:10B5E0006F6E657320616E6420747279206167618B
:10B5F000696E2E0A0D000000656E64206966000009
:10B60000000000000A436F6E646974696F6E616CBC
:10B610002073746174656D656E7420616363657019
:10B6200074656420616E6420616464656420746F75
:10B6300020436F6D6D616E6420536E697070657428
:10B64000732E0A0D00000000626F730057726F6E58
:10B6500067206D6F64756C65206E616D652120508B
:10B660006C656173652074727920616761696E2E03
:10B670000A0D000057726F6E67206D6F64756C6500
:10B680002049442120506C656173652074727920D3
:10B69000616761696E2E0A0D00000000436F6D6DD9
:10B6A000616E642062726F616463617374656420AB
:10B6B000746F20616C6C0A0D0000000025734D75DD
:10B6C0006C74696361737420436F6D6D616E642087
:10B6D000666F7277617264656420746F2067726F41
:10B6E00075702025730A0D00757064617465000023
:10B6F000436F6D6D616E6420666F72776172646511
:10B700006420746F204D6F64756C652025640A0D8C
:10B710000000000025734D6F64756C652025642062
:10B720006973206E6F7420726561636861626C6515
:10B730002E0A0D00636C69636B656400646F75624B
:10B740006C6520636C69636B6564000072656C6591
:10B750006173656400000000200000007C7A00082E
:10B76000C8790008DE790008F47900081A7A000820
:10B77000307A0008567A0008081C3044586C800063
:10B780003D3D003E00003C00003E3D003C3D0021B0
:10B790003D00000072756E2D74696D652D737461C6
:10B7A0007473000072756E2D74696D652D7374610C
:10B7B00074733A0D0A20446973706C6179206120BA
:10B7C0007461626C652073686F77696E6720686F5B
:10B7D00077206D7563682070726F63657373696E2F
:10B7E000672074696D6520656163682046726565D0
:10B7F00052544F53207461736B20686173207573CA
:10B8000065640D0A0D0A000094B70208A4B7020887
:10B81000717E0008000000007461736B2D73746109
:10B82000747300007461736B2D73746174733A0DDB
:10B830000A20446973706C61792061207461626CC4
:10B84000652073686F77696E67207468652073740C
:10B85000617465206F662065616368204672656566
:10B8600052544F53207461736B0D0A0D0A0000008F
:10B8700018B8020824B80208317E00080000000051
:10B8800070696E670000000070696E673A0D0A20EB
:10B8900050696E672061206D6F64756C650D0A0DCF
:10B8A0000A00000080B8020888B80208B17E0008CB
:10B8B000000000007570646174650000757064615B
:10B8C00074653A0D0A2050757420746865206D6F98
:10B8D00064756C6520696E20666163746F7279208F
:10B8E000626F6F746C6F61646572206D6F64652048
:10B8F000746F207570646174652069747320666963
:10B90000726D776172652E0D0A0A09090909090924
:10B9100020202D205573652027236E2E75706461BD
:10B9200074652720746F207570646174652072657A
:10B930006D6F7465206D6F64756C65206E2E204D83
:10B94000616B652073757265207468652070726F15
:10B950006772616D6D696E6720706F7274206973B4
:10B960002074686520696E636F6D696E6720706F03
:10B970007274206F662074686973206D6F64756CD3
:10B98000652E0D0A09090909090920202D20557382
:10B990006520277570646174652076696120236E67
:10B9A0002070782720746F20757365207468652077
:10B9B000535420466C617368204C6F61646572203B
:10B9C000746F6F6C2077697468206D6F64756C6537
:10B9D000206E2C20706F7274207820746F20757028
:10B9E000646174652061206E65696768626F7220AA
:10B9F0006D6F64756C652E205468697320697320BF
:10BA000075736566756C206966200909090909095D
:10BA100009746172676574206D6F64756C65206967
:10BA200073206E6F742070617274206F662074686A
:10BA30006520746F706F6C6F6779206F7220696614
:10BA40002070726F6772616D6D696E6720706F72C2
:10BA500074206973206E6F7420696E20746865208D
:10BA600073686F7274657374207061746820746F8A
:10BA700020746172676574206D6F64756C652E0D3E
:10BA80000A0D0A00B4B80208BCB802084D7F0008CD
:10BA9000FF0000006578706C6F7265006578706CEF
:10BAA0006F72653A0D0A204578706C6F726520746C
:10BAB000686520617272617920616E6420627569C7
:10BAC0006C642069747320746F706F6C6F67790D8C
:10BAD0000A0D0A0094BA02089CBA02084D810008B7
:10BAE0000000000072657365740000007265736584
:10BAF000743A0D0A20526573657420746865206D70
:10BB00006F64756C650D0A0D0A000000E4BA020846
:10BB1000ECBA020845820008000000006E616D6505
:10BB2000000000006E616D653A0D0A204E616D6582
:10BB300020746865206D6F64756C65207769746822
:10BB400020616E20616C69617320283173742070EC
:10BB500061722E290D0A0D0A000000001CBB0208AC
:10BB600024BB0208558200080100000067726F754F
:10BB70007000000067726F75703A0D0A2047726F8F
:10BB80007570206D756C7469706C65206D6F64756F
:10BB90006C65732028326E642B207061722E292010
:10BBA000696E746F2061206E6577206F72206578F2
:10BBB000697374696E672067726F757020283173BE
:10BBC00074207061722E290D0A0D0A006CBB0208E8
:10BBD00074BB02083D830008FF00000073746174A9
:10BBE000757300007374617475733A0D0A204469AB
:10BBF00073706C6179206D6F64756C65207374610E
:10BC00007475730D0A0D0A00DCBB0208E4BB020860
:10BC10003986000800000000696E666F00000000B1
:10BC2000696E666F3A0D0A20446973706C61792001
:10BC3000617272617920696E666F726D6174696F8D
:10BC40006E0D0A0D0A00000018BC020820BC020894
:10BC500055860008000000006164642D62757474EC
:10BC60006F6E00006164642D627574746F6E3A0DBE
:10BC70000A20446566696E65206120627574746F80
:10BC80006E206174206F6E65206F66207468652079
:10BC9000617272617920706F7274732E20427574B4
:10BCA000746F6E20747970652028277377697463C8
:10BCB000682D6E6F272C20277377697463682D6E4B
:10BCC00063272928317374207061722E292C204239
:10BCD0007574746F6E20706F72742028326E6420D9
:10BCE0007061722E290D0A0D0A00000058BC02086E
:10BCF00064BC0208518700080200000072656D6F85
:10BD000076652D627574746F6E00000072656D6FDC
:10BD100076652D627574746F6E3A0D0A2052656DEA
:10BD20006F7665206120627574746F6E207468612F
:10BD300074207761732070726576696F75736C79A2
:10BD400020646566696E6564206174207468697337
:10BD500020706F72742028317374207061722E29E4
:10BD60000D0A0D0A00000000FCBC02080CBD020810
:10BD70006188000801000000736574007365743AFF
:10BD80000D0A20536574206120706172616D6574C5
:10BD900065722028317374207061722E29207769B2
:10BDA0007468206120676976656E2076616C7565C0
:10BDB0002028326E64207061722E290D0A0D0A004F
:10BDC00078BD02087CBD0208F5880008FF0000006D
:10BDD000676574006765743A0D0A204765742074BE
:10BDE00068652063757272656E742076616C756526
:10BDF000206F66206120706172616D6574657220CC
:10BE000028317374207061722E290D0A0D0A00000A
:10BE1000D0BD0208D4BD02089D940008FF000000B8
:10BE200064656661756C740064656661756C743A0E
:10BE30000D0A2054797065202764656661756C74FD
:10BE400020706172616D732720746F207365742098
:10BE5000616C6C20706172616D65746572732074C1
:10BE60006F2064656661756C742076616C756573AE
:10BE70000D0A2054797065202764656661756C74BD
:10BE80002061727261792720746F2072656D6F7600
:10BE9000652063757272656E7420746F706F6C6F5D
:10BEA00067790D0A0D0A000020BE020828BE0208AC
:10BEB000399800080100000074696D6500000000F9
:10BEC00074696D653A0D0A20446973706C6179205C
:10BED00063757272656E742074696D6520696E2079
:10BEE00048483A4D4D3A53532D6D73656320666F44
:10BEF000726D61740D0A0D0A00000000B8BE0208E0
:10BF0000C0BE020831990008000000006461746539
:10BF100000000000646174653A0D0A204469737082
:10BF20006C61792063757272656E742064617465EA
:10BF300020696E205765656B646179204D4D2F44F3
:10BF4000442F5959595920666F726D61740D0A0D4D
:10BF50000A0000000CBF020814BF0208099A00087A
:10BF6000000000007365742D626175647261746510
:10BF7000000000007365742D626175647261746500
:10BF80003A0D0A2053657420554152542062617560
:10BF900064726174650D0A092831737420706172CE
:10BFA000616D65746572293A20503120746F20509C
:10BFB000360D0A0928326E6420706172616D6574F5
:10BFC0006572293A2062617564726174650D0A0DAB
:10BFD0000A00000064BF020874BF02083D9A00080E
:10BFE00002000000757569640000000075756964E1
:10BFF0003A0D0A20446973706C6179204D435520D5
:10C00000756E69717565205549440D0A0D0A000069
:10C01000E4BF0208ECBF0208FD9A0008000000001F
:10C020006964636F646500006964636F64653A0DF9
:10C030000A20446973706C6179204D43552049444E
:10C04000434F444520284445565F494420616E646F
:10C05000205245565F4944290D0A0D0A0000000090
:10C0600020C0020828C002088D9B000800000000C4
:10C07000666C6173682D73697A650000666C617324
:10C08000682D73697A653A0D0A20446973706C6192
:10C0900079204D435520466C6173682073697A6539
:10C0A00020696E204B62797465730D0A0D0A0000D9
:10C0B00070C002087CC00208099C00080000000053
:10C0C000736E697000000000736E69703A0D0A208B
:10C0D000446973706C61792061206C697374206F9E
:10C0E000662073746F72656420436F6D6D616E645A
:10C0F00020536E69707065747320746F2065646975
:10C1000074206F722064656C6574650D0A0D0A00F9
:10C11000C0C00208C8C002083D9C00080000000022
:10C120006163742D736E6970000000006163742D8B
:10C13000736E69703A0D0A204163746976617465A3
:10C14000206120436F6D6D616E6420536E69707065
:10C1500065740D0A0D0A000020C102082CC10208F6
:10C16000659F00080100000070617573652D736E96
:10C170006970000070617573652D736E69703A0D9A
:10C180000A205061757365206120436F6D6D616E8B
:10C190006420536E69707065740D0A0D0A0000000A
:10C1A00068C1020874C102081DA000080100000057
:10C1B00064656C2D736E69700000000064656C2D01
:10C1C000736E69703A0D0A2044656C657465206170
:10C1D00020436F6D6D616E6420536E69707065747D
:10C1E0000D0A0D0A00000000B0C10208BCC102081F
:10C1F000D5A0000801000000627269646765000054
:10C200006272696467653A0D0A2042726964676503
:10C210002074776F20617272617920706F7274730D
:10C220000D0A0D0A00000000F8C1020800C2020851
:10C23000A9A2000802000000756E62726964676559
:10C2400000000000756E6272696467653A0D0A202D
:10C25000556E2D6272696467652074776F20617214
:10C2600072617920706F7274730D0A0D0A000000FC
:10C2700038C2020844C20208C5A300080200000038
:10C28000746573742D706F7274000000746573743C
:10C290002D706F72743A0D0A207465737420706F7C
:10C2A00072742066756E6374696F6E616C697479FF
:10C2B0002E20796F752063616E2063686F6F7365E0
:10C2C0002065697468657220746F207465737420CA
:10C2D0006F6E6520737065636966696320706F7245
:10C2E00074206F7220746F207465737420616C6C9D
:10C2F00020706F7274732E20706C6561736520748A
:10C300007970652050782077686572652078207391
:10C3100074616E647320666F7220746865206E7538
:10C320006D626572206F6620706F7274206F72206C
:10C3300074797065203C616C6C3E20746F2074656C
:10C34000737420616C6C20706F72740D0A0D0A009A
:10C3500080C202088CC20208E1A4000801000000AB
:10C36000726561642D616463000000007265616440
:10C370002D6164633A0D0A20526561642061646333
:10C3800020766F6C746167652056616C75652066F8
:10C39000726F6D205032206F7220503320616E64B6
:10C3A0002063686F6F7365207468652073696465C6
:10C3B000207768657265617320746F70206F7220DA
:10C3C000626F74746F6D0D0A0D0A000060C302087D
:10C3D0006CC30208B9A7000802000000726561641E
:10C3E0002D74656D70000000726561642D74656D5B
:10C3F000703A0D0A205265616420696E7465726E30
:10C40000616C2074656D70657261747572650D0A7A
:10C410000D0A0000DCC30208E8C30208CDA800082A
:10C4200000000000726561642D7672656600000090
:10C43000726561642D767265663A0D0A20526561F7
:10C440006420696E7465726E616C207265666572D7
:10C45000656E636520566F6C746167650D0A0D0A21
:10C460000000000024C4020830C4020821A900080A
:10C4700000000000726561642D6164632D70657257
:10C4800063656E7461676500726561642D616463E4
:10C490002D70657263656E746167653A0D0A204799
:10C4A00065742061646320766F6C746167652070C9
:10C4B000657263656E746167652076616C75652071
:10C4C00066726F6D205032206F722050330D0A0D4E
:10C4D0000A00000074C4020888C4020875A9000894
:10C4E000020000005461736B205374617465205026
:10C4F00072696F7269747920537461636B20230DC4
:10C500000A2A2A2A2A2A2A2A2A2A2A2A2A2A2A2AAB
:10C510002A2A2A2A2A2A2A2A2A2A2A2A2A2A2A2A7B
:10C520002A2A2A2A2A2A2A2A2A2A2A2A2A2A2A2A6B
:10C530002A0D0A005461736B204162732054696DA7
:10C540006520252054696D650D0A2A2A2A2A2A2A7F
:10C550002A2A2A2A2A2A2A2A2A2A2A2A2A2A2A2A3B
:10C560002A2A2A2A2A2A2A2A2A2A2A2A2A2A2A2A2B
:10C570002A2A0D0A000000007669610020000000F0
:10C580004D6F64756C6573205B0000002C2000000B
:10C590000A0D4E756D626572206F66206D6F647551
:10C5A0006C65733A2025640A000000000A0D417290
:10C5B00072617920746F706F6C6F67793A0A00004E
:10C5C000436F756C64206E6F7420726561642070B7
:10C5D0006F72747320646972656374696F6E20662C
:10C5E0006F7220736F6D65206D6F64756C6573215C
:10C5F00020506C6561736520747279206167616990
:10C600006E0A0D007377697463682D6E6F00000009
:10C610007377697463682D6E63000000626F732E18
:10C6200000000000726573706F6E7365000000009B
:10C63000616C6C006D65737361676500636C6900A4
:10C640006E6F6E650000000074726163650000002B
:10C65000636C696261756472617465006465626FC0
:10C66000756E63650000000073696E676C65636CCE
:10C6700069636B74696D65006D696E696E7465726E
:10C68000636C69636B74696D650000006D61786946
:10C690006E746572636C69636B74696D650000002C
:10C6A000616D0000706D00006D6F6E646179000057
:10C6B00074756573646179007765646E6573646130
:10C6C000790000007468757273646179000000007D
:10C6D000667269646179000073617475726461796E
:10C6E0000000000073756E64617900006A616E7508
:10C6F000617279003120000066656272756172793D
:10C7000000000000322000006D61726368000000CC
:10C7100033200000617072696C000000342000005A
:10C720006D617900352000006A756E6500000000BB
:10C73000362000006A756C79000000003720000088
:10C74000617567757374000038200000736570743C
:10C75000656D626572000000392000006F63746FC0
:10C7600062657200313000006E6F76656D626572D1
:10C770000000000031310000646563656D62657220
:10C7800000000000313200006D73670025640A0D5F
:10C790000000000025732325640A0D00706172619A
:10C7A0006D7300006172726179000000414D0000FC
:10C7B000504D0000257300002573253038580000C7
:10C7C0000D0A000053544D3332473042310000000F
:10C7D000554E4B4E4F574E00506175736564004186
:10C7E0006374697665000000480000005032000064
:10C7F00050330000746F7000626F74746F6D0000CE
:10C8000061646320766F6C74616765206973203D95
:10C810002025302E3266200D0A000000696E7465F6
:10C82000726E616C2074656D70657261747572658D
:10C8300020697320252E326643200D0A0000000077
:10C84000696E7465726E616C207265666572656E84
:10C85000636520766F6C74616765206973203D2085
:10C86000252E326656200D0A000000006164632008
:10C87000766F6C746167652070657263656E746154
:10C880006765206973203D20252E326625252025E9
:10C890000D0A000048692066726F6D206D6F647527
:10C8A0006C652025640D0A0048692066726F6D2052
:10C8B0006D6F64756C6520256420282573290D0A29
:10C8C00000000000557064617465206669726D77C0
:10C8D00061726520666F72206D6F64756C652025CE
:10C8E000640A0D0057726F6E672076616C75652162
:10C8F0000A0D00000A54686520617272617920692E
:10C9000073206265696E67206578706C6F7265640C
:10C910002E20506C6561736520776169742E2E2E10
:10C920000A0D00000A546865206172726179206501
:10C9300078706C6F726174696F6E20737563636574
:10C94000656465642E204920666F756E64202564D9
:10C95000206D6F64756C657320696E636C756469B6
:10C960006E67206D7973656C662E20486572652050
:10C9700069732074686520646973636F7665726596
:10C980006420746F706F6C6F67793A0A0D00000055
:10C990000A546865206172726179206578706C6FE5
:10C9A000726174696F6E206661696C65642E2050D7
:10C9B0006C6561736520646F75626C652063686582
:10C9C000636B20636F6E6E656374696F6E732C208A
:10C9D000726573657420746865206D6F64756C652D
:10C9E0007320616E642074727920616761696E2EB4
:10C9F0000A0D00004D6F64756C6520256420697315
:10CA0000206E616D65642025730A0D002573206911
:10CA100073206120726573657276656420424F539E
:10CA2000206B6579776F72642120506C6561736546
:10CA300020757365206120646966666572656E7431
:10CA400020616C6961730A0D000000002573206984
:10CA50007320616C7265616479207573656421204F
:10CA6000506C65617365207573652061206469662B
:10CA7000666572656E7420616C6961730A0D0000F1
:10CA8000257320697320616E206578697374696EFF
:10CA90006720434C4920636F6D6D616E64212050A7
:10CAA0006C656173652075736520612064696666D5
:10CAB0006572656E7420616C6961730A0D00000017
:10CAC000257320697320612077726F6E67206D6F08
:10CAD00064756C65204944206F7220616C696173D4
:10CAE0000A0D0000506C6561736520656E74657297
:10CAF00020736F6D65206D6F64756C65204944739C
:10CB000020746F2061646420746F2025730A0D0007
:10CB10005D20616464656420746F206E65772067B2
:10CB2000726F75702025730A0D0000005D2061642E
:10CB300064656420746F206578697374696E67201A
:10CB400067726F75702025730A0D000041206E65B5
:10CB50007720257320627574746F6E206E616D6529
:10CB600064204225642077617320646566696E6580
:10CB70006420617420706F7274205025640A0D0067
:10CB8000427574746F6E2042256420776173207241
:10CB9000656D6F7665642066726F6D20706F72745C
:10CBA000205025640A0D00002573207761732073DF
:10CBB000657420746F2025730A0D00000A596F7583
:10CBC000206D757374207265737461727420746F54
:10CBD00020656E61626C6520746865206E657720E3
:10CBE00062617564726174652E0A0D005468697320
:10CBF000206166666563747320616C6C20706F726F
:10CC000074732E20496620796F75206368616E67A2
:10CC10006520746869732076616C75652066726F33
:10CC20006D2064656661756C742C20090909090919
:10CC300009090909090909202020796F75206D75F6
:10CC4000737420636F6E6E65637420746F2061204F
:10CC5000434C4920706F7274206F6E206561636869
:10CC6000207374617274757020746F2072657374B0
:10CC70006F7265206F7468657220617272617920CD
:10CC8000706F72747320696E746F2064656661756D
:10CC90006C742062617564726174650A0D00000035
:10CCA00057726F6E6720706172616D657465722175
:10CCB0000A0D000025730A0D00000000257320678F
:10CCC000726F757020646F6573206E6F7420657865
:10CCD000697374210A0D000047726F757020257307
:10CCE000206D656D626572733A0A0D0025732069C7
:10CCF000732073657420746F20612077726F6E6784
:10CD00002076616C7565210A0D000000416C6C2075
:10CD1000706172616D6574657273207365742074DF
:10CD20006F2064656661756C742076616C756573DF
:10CD30000A0D000043757272656E74206172726133
:10CD40007920746F706F6C6F6779207761732072D0
:10CD5000656D6F7665642E20506C65617365207219
:10CD600065626F6F7420616C6C206D6F64756C65AB
:10CD7000730A0D0043757272656E742074696D6577
:10CD800020697320253032643A253032643A2530E8
:10CD900032642D253033640A0D0000004375727231
:10CDA000656E742074696D65206973202530326466
:10CDB0003A253032643A253032642D2530336420F0
:10CDC00025730A0D0000000043757272656E7420B1
:10CDD000646174652069732025730A0D00000000EA
:10CDE00057726F6E6720706172616D657465722134
:10CDF0000D0A0000426175647261746520666F728D
:10CE000020706F72742050256420776173207365E1
:10CE10007420746F2025640D0A0000004D435520D6
:10CE2000555549442069730A0D0000004D435520B3
:10CE30004445565F49442069732025730A0D00005C
:10CE400025734D4355205245565F49442069732050
:10CE500025642E300A0D00004D435520466C617349
:10CE6000682073697A65206973202564204B627994
:10CE70007465730A0D00000054686520666F6C6C61
:10CE80006F77696E6720436F6D6D616E6420536EBE
:10CE9000697070657473206172652073746F726558
:10CEA0006420696E206D656D6F72793A0A0A0D0013
:10CEB0005B253032645D2025730A0D002573696699
:10CEC000206225642E636C69636B6564000000005A
:10CED00025736966206225642E646F75626C652017
:10CEE000636C69636B656400257369662062256401
:10CEF0002E72656C65617365640000002573696658
:10CF000020257320257320252E31660025730A0DF8
:10CF1000092573000A0D656E642069660A0A0D0012
:10CF2000546F2064656C657465206120536E697070
:10CF30007065742C20747970653A2064656C2D736B
:10CF40006E697020780A0D546F2061637469766190
:10CF50007465206120536E69707065742C2074793B
:10CF600070653A2009090909090909090909090926
:10CF700009096163742D736E697020780A0D546F0E
:10CF8000207061757365206120536E6970706574DF
:10CF90002C20747970653A2070617573652D736EFD
:10CFA000697020780A0A0D776865726520782069B3
:10CFB000732074686520536E6970706574206E7597
:10CFC0006D6265722066726F6D20746865206C6991
:10CFD00073740A0D00000000536E69707065742050
:10CFE000776173206163746976617465642E20547F
:10CFF00079706520736E697020746F20766965772B
:10D000002075706461746564206C6973740A0D0026
:10D0100054686520536E6970706574206E756D621A
:10D02000657220776173206E6F7420666F756E6411
:10D030000A0D0000536E697070657420776173206B
:10D040007061757365642E205479706520736E6904
:10D050007020746F207669657720757064617465DF
:10D0600064206C6973740A0D00000000536E6970CF
:10D07000706574207761732064656C657465642ED7
:10D08000205479706520736E697020746F20766902
:10D0900065772075706461746564206C6973740AC7
:10D0A0000D00000050256420616E6420502564202E
:10D0B000617265206272696467656420746F676578
:10D0C000746865720A0D000057726F6E672073797D
:10D0D0006E7461780A0D0000506F7274206272697C
:10D0E0006467696E67206661696C65640A0D00009B
:10D0F00050256420616E6420502564206172652093
:10D10000756E2D627269646765640A0D0000000027
:10D11000506F727420756E6272696467696E672001
:10D120006661696C65640A0D00000000502564208A
:10D13000697320776F726B696E6720636F727265B7
:10D1400063746C790A0D0000502564207465737453
:10D15000206661696C65640A0D000000506C6561B1
:10D1600073652073686F7274656E20746865206ED5
:10D1700065787420706F727420616E6420707265BF
:10D18000737320616E79206B657920746F20636FF3
:10D190006E74696E75652074657374696E6720744A
:10D1A0006865206E657874206F6E650A0D0A0D0043
:10D1B00074686520706F7274206E756D6265722080
:10D1C00069732077726F6E670A0D000057726F6E79
:10D1D0006720506172616D657465720A0D00000010
:10D1E00057726F6E6720506F7274206E756D626536
:10D1F00072200A0D00000000081C3044586C8000AA
:10D2000044656661756C745461736B004261636B55
:10D21000456E645461736B00557365725461736B32
:10D2200000000000436C695461736B0050314D7312
:10D23000675461736B00000050324D736754617323
:10D240006B00000050334D73675461736B00000036
:10D2500050344D73675461736B00000050354D734B
:10D26000675461736B000000081C3044586C8000E8
:10D2700053747265616D54696D65720046B600083D
:10D28000F6B5000806B6000816B6000826B600086F
:10D2900036B60008081C3044586C800016D30008CD
:10D2A0002ECE000850CE000872CE000882CE0008B4
:10D2B00092CE0008EED20008EED20008EED20008AE
:10D2C000EED20008A2CE0008C4CE000808CF0008A5
:10D2D0002ACF00084CCF0008EACF00086ECF000824
:10D2E00090CF0008EED20008B2CF0008C8CF0008E7
:10D2F0000CD000082ED0000868D000088AD00008A2
:10D30000ACD00008CED00008F0D0000812D1000840
:10D31000EED2000834D1000856D1000878D10008B8
:10D320009AD10008EED20008BCD10008EED2000865
:10D33000EED20008EED20008EED20008DED10008DE
:10D3400000D2000800D20008EED2000822D2000865
:10D3500044D2000866D2000888D20008AAD2000889
:10D36000CCD2000848692066726F6D206D6F6475BD
:10D370006C652025640D0A0048692066726F6D2077
:10D380006D6F64756C6520256420282573290D0A4E
:10D39000000000006CF10008BCED0008D4ED0008AE
:10D3A000F0ED00080CEE000828EE000844EE00083E
:10D3B00060EE0008BCED000870F1000840EF0008C6
:10D3C00058EF000874EF000890EF0008ACEF000879
:10D3D000C8EF0008E4EF000840EF000874F100080F
:10D3E0009EF00008E0F00008FCF0000818F10008CA
:10D3F00034F1000874F1000850F100089EF00008B4
:10D4000024F200082CF200085CF200088EF20008FA
:10D41000B8F20008E2F200080CF3000836F3000846
:10D420002CF20008A8F4000886F30008B4F3000802
:10D43000E0F3000808F4000830F4000858F400088D
:10D4400080F4000886F30008BEFA0008A4F500087E
:10D4500056F600080AF70008C2F7000890F800081E
:10D4600048F9000800FA0008A4F50008ECFD0008DF
:10D4700062FC000882FC0008A4FC0008CAFC00084A
:10D4800010FD000836FD00085CFD000862FC000885
:10D49000780101081E020108C802010836030108CC
:10D4A000F403010888040108FC040108BC05010814
:10D4B000B0010108081C3044586C80006865617236
:10D4C000747261746500000073706F3200000000B8
:10D4D00066696E676572737461746500A80A0108F5
:10D4E000B00A0108B80A0108C00A0108C80A010800
:10D4F0001E0B0108260B01082E0B0108360B010834
:10D500003E0B010864646464636363636363626223
:10D510006262626161616161616060606060605F00
:10D520005F5F5F5F5F5E5E5E5E5E5D5D5D5D5D0079
:10D53000081C3044586C80005265737461727469C1
:10D540006E672E2E2E0D0A00486172644661756C5E
:10D5500074204572726F720D0A000000537461638B
:10D560006B204F766572666C6F770D0A00000000C5
:10D57000486561702073697A6520657863656564C4
:10D5800065640D0A00000000081C3044586C8000DF
:10D5900053657020313720323032350031353A331F
:10D5A000383A333100000000081C3044586C8000C9
:10D5B0000A5B0108F65A0108FA5A0108FE5A0108E6
:10D5C000025B0108065B0108081C3044586C8000AF
:10D5D000000000000000000000000000000000004B
:10D5E000000000000000000000000000000000003B
:10D5F0000100000002000000030000000400000021
:10D6000006000000070000000800000009000000FC
:10D61000000000000000000000000000000000000A
:10D6200001000000020000000300000004000000F0
:10D63000081C3044586C800068656C700000000065
:10D640000D0A68656C703A0D0A204C69737473207A
:10D65000616C6C20746865207265676973746572AB
:10D66000656420636F6D6D616E64732E20547970F4
:10D6700065202768656C7020706172616D7327206A
:10D68000746F206C69737420617661696C61626C7F
:10D690006520706172616D657465727320616E647E
:10D6A00020746865697220706F737369626C65209D
:10D6B00076616C7565730D0A0D0A000038D6020894
:10D6C00040D60208E59A0108FF000000496E636F2A
:10D6D000727265637420636F6D6D616E642070613A
:10D6E00072616D657465722873292E2020456E74F1
:10D6F0006572202268656C702220746F20766965DF
:10D70000772061206C697374206F6620617661698F
:10D710006C61626C6520636F6D6D616E64732E0D5C
:10D720000A0D0A00436F6D6D616E64206E6F742088
:10D730007265636F676E697365642E2020456E7431
:10D740006572202268656C702220746F207669658E
:10D75000772061206C697374206F6620617661693F
:10D760006C61626C6520636F6D6D616E64732E0D0C
:10D770000A0D0A00706172616D73000049444C45E6
:10D78000000000000925630925750925750925751F
:10D790000D0A0000E8BF0108F2BF0108FCBF010844
:10D7A00006C0010810C0010809257509092575255D
:10D7B000250D0A0009257509093C3125250D0A00AA
:10D7C0001AC30108DCC20108EAC20108F6C2010856
:10D7D000FEC2010822C40108E4C30108F2C3010823
:10D7E000FEC3010806C40108546D7220537663001D
:10D7F00074CA010874CA010874CA0108D8CA0108A9
:10D80000ECCA01081CCB010874CA010874CA0108DB
:10D81000D8CA0108ECCA0108546D7251000000001A
:10D82000081C3044586C800001000200040006000F
:10D8300008000A000C0010002000400080000001D9
:10D84000081C3044586C80000101010307010000EE
:10D850000804020408010101520D0008820C0008AE
:10D860009A0C0008B80C00089A0C0008FC0C000880
:10D870009A0C0008B80C0008820C0008820C000802
:10D88000FC0C0008B80C0008A20C0008A20C000850
:10D89000A20C0008060D0008820C0008820C00088B
:10D8A0009A0C0008900D00089A0C0008FC0C000867
:10D8B0009A0C0008900D0008820C0008820C0008E9
:10D8C000FC0C0008900D0008A20C0008A20C000837
:10D8D000A20C0008201E0008121E0008F01D0008FF
:10D8E0001C1E0008F01D000806210008F01D00089D
:10D8F0001C1E0008121E0008121E00080621000847
:10D900001C1E0008D81D0008D81D0008D81D0008DE
:10D91000782100082E00000034000000CEFBFFFF3D
:10D92000CB030000010000000000000035000000F3
:10D93000CEFBFFFFCB030000010000000000000051
:10D94000BC89D897B2D29C3C33A7A8D523F64939D5
:10D950003DA7F444FD0FA5329D978CCF08BA5B25F7
:10D96000436FAC642806681100202020202020206E
:10D97000202028282828282020202020202020207F
:10D98000202020202020202020881010101010108F
:10D9900010101010101010101004040404040404DB
:10D9A0000404041010101010101041414141414175
:10D9B0000101010101010101010101010101010157
:10D9C0000101010110101010101042424242424267
:10D9D0000202020202020202020202020202020227
:10D9E00002020202101010102000000000000000CF
:10D9F0000000000000000000000000000000000027
:10DA00000000000000000000000000000000000016
:10DA10000000000000000000000000000000000006
:10DA200000000000000000000000000000000000F6
:10DA300000000000000000000000000000000000E6
:10DA400000000000000000000000000000000000D6
:10DA500000000000000000000000000000000000C6
:10DA60000000000000000000004300504F534958E0
:10DA70000042616C6C6F63207375636365656465F8
:10DA800064002F6275696C642F676E752D746F6FFB
:10DA90006C732D666F722D73746D33325F31322E5D
:10DAA000332E72656C312E32303234303932362DAD
:10DAB000313731352F7372632F6E65776C69622F42
:10DAC0006E65776C69622F6C6962632F7374646C26
:10DAD00069622F6764746F612D6765746865782E5D
:10DAE00063002F6275696C642F676E752D746F6F9C
:10DAF0006C732D666F722D73746D33325F31322EFD
:10DB0000332E72656C312E32303234303932362D4C
:10DB1000313731352F7372632F6E65776C69622FE1
:10DB20006E65776C69622F6C6962632F7374646CC5
:10DB300069622F6D707265632E630000050000003E
:10DB4000190000007D0000000080E03779C34143E8
:10DB5000176E05B5B5B89346F5F93FE9034F384D53
:10DB6000321D30F94877825A3CBF737FDD4F1575FF
:10DB7000000000000000F03F000000000000244012
:10DB800000000000000059400000000000408F40ED
:10DB9000000000000088C34000000000006AF84058
:10DBA0000000000080842E4100000000D01263417C
:10DBB0000000000084D797410000000065CDCD41F2
:10DBC000000000205FA00242000000E876483742D3
:10DBD000000000A2941A6D42000040E59C30A24271
:10DBE0000000901EC4BCD64200003426F56B0C43E6
:10DBF0000080E03779C3414300A0D885573476438D
:10DC000000C84E676DC1AB43003D9160E458E143ED
:10DC1000408CB5781DAF154450EFE2D6E41A4B4462
:10DC200092D54D06CFF08044F64AE1C7022DB544A7
:10DC3000B49DD9794378EA44494E4600696E66003E
:10DC40004E414E006E616E0030313233343536371E
:10DC50003839616263646566003031323334353699
:10DC60003738394142434445460030003030303087
:10DC700030303030303030303030303020202020E4
:10DC80002020202020202020202020202C206675ED
:10DC90006E6374696F6E3A200061737365727469A4
:10DCA0006F6E2022257322206661696C65643A20BC
:10DCB00066696C6520222573222C206C696E6520B4
:10DCC0002564257325730A00496E66696E69747947
:10DCD000004E614E002F6275696C642F676E752D62
:10DCE000746F6F6C732D666F722D73746D33325F4A
:10DCF00031322E332E72656C312E3230323430395F
:10DD000032362D313731352F7372632F6E65776C54
:10DD100069622F6E65776C69622F6C6962632F731D
:10DD200074646C69622F64746F612E6300303030EC
:10DD30003030303030303030303030303020202013
:10DD40002020202020202020202020202000000033
:08DD50008829FD7F010000009D
:08DD5800D15A0208E90000089D
:04DD6000C1000008F6
:10DD6400DCAA0208E4AA0208ECAA0208F8AA02083B
:10DD740004AB02080CAB020818AB020820AB020883
:10DD840024AB020828AB02082CAB020830AB020813
:10DD940034AB020838AB02083CAB020840AB0208C3
:10DDA40044AB020848AB02084CAB020850AB020873
:10DDB4007CAB0208A8AB02087CAC0208A8AC020841
:10DDC400D4AC0208FCAC020824AD02080CAE020874
:10DDD40040AE020844AF0208FF0026000101000023
:10DDE4001E00320005FA000000100E0000180000AA
:10DDF400000000000000000000000000A0B20208C3
:10DE040034B5020838B5020894C80208A8C8020844
:10DE1400C4C80208E4C80208F4C8020824C90208F5
:10DE240090C90208F4C902080CCA02084CCA0208C4
:10DE340080CA0208C0CA0208E4CA020810CB020859
:10DE44002CCB02080CCA02084CCA020880CA020879
:10DE54004CCB020880CB0208A8CB0208BCCB02083A
:10DE6400ECCB0208A0CC0208E4C80208B4CC020837
:10DE7400BCCC0208D8CC0208A0CC0208ECCC020826
:10DE84000CCD020834CD0208E4C8020874CD02089F
:10DE94009CCD0208C8CD0208E0CD0208F4CD0208EA
:10DEA4001CCE02082CCE020840CE020858CE02082E
:10DEB40078CE0208B0CE0208BCCE0208D0CE02084A
:10DEC400E8CE0208FCCE02080CCF020814CF0208E8
:10DED40020CF0208D8CF020810D0020834D002089C
:10DEE40010D002086CD0020810D00208A4D0020896
:10DEF400C8D00208D8D00208F0D00208C8D002085E
:10DF040010D102082CD1020848D102085CD10208C1
:10DF1400B0D10208C8D00208CCD10208E0D102086E
:10DF240001000000B838002001000000BCD4020841
:10DF3400B938002001000000C8D40208BA38002013
:10DF440001000000D0D4020838D502080024F400EF
:10DF540020000000BCD6020800000000F4010020EC
:10DF6400AAAAAAAA0400000001000000FFFFFFFF04
:10DF74000000020000000000000000001402002065
:10DF8400140200201C0200201C0200202402002095
:10DF9400240200202C0200202C0200203402002045
:10DFA400340200203C0200203C02002044020020F5
:10DFB400440200204C0200204C02002054020020A5
:10DFC400540200205C0200205C0200206402002055
:10DFD400640200206C0200206C0200207402002005
:10DFE400740200207C0200207C02002084020020B5
:10DFF400840200208C0200208C0200209402002065
:10E00400940200209C0200209C020020A402002014
:10E01400A4020020AC020020AC020020B4020020C4
:10E02400B4020020BC020020BC020020C402002074
:10E03400C4020020CC020020CC020020D402002024
:10E04400D4020020DC020020DC020020E4020020D4
:10E05400E4020020EC020020EC020020F402002084
:10E06400F4020020FC020020FC0200200403002033
:10E07400040300200C0300200C03002014030020E0
:10E08400140300201C0300201C0300202403002090
:10E09400240300202C0300202C0300203403002040
:10E0A400340300203C0300203C03002044030020F0
:10E0B400440300204C0300204C03002054030020A0
:10E0C400540300205C0300205C0300206403002050
:10E0D400640300206C0300206C0300207403002000
:10E0E400740300207C0300207C03002084030020B0
:10E0F400840300208C0300208C0300209403002060
:10E10400940300209C0300209C030020A40300200F
:10E11400A4030020AC030020AC030020B4030020BF
:10E12400B4030020BC030020BC030020C40300206F
:10E13400C4030020CC030020CC030020D40300201F
:10E14400D4030020DC030020DC030020E4030020CF
:10E15400E4030020EC030020EC030020F40300207F
:10E16400F4030020FC030020FC030020040400202E
:10E17400040400200C0400200C04002014040020DB
:10E18400140400201C0400201C040020240400208B
:10E19400240400202C0400202C040020340400203B
:10E1A400340400203C0400203C04002044040020EB
:10E1B400440400204C0400204C040020540400209B
:10E1C400540400205C0400205C040020640400204B
:10E1D400640400206C0400206C04002074040020FB
:10E1E400740400207C0400207C04002084040020AB
:10E1F400840400208C0400208C040020940400205B
:10E20400940400209C0400209C040020A40400200A
:10E21400A4040020AC040020AC040020B4040020BA
:10E22400B4040020BC040020BC040020C40400206A
:10E23400C4040020CC040020CC040020D40400201A
:10E24400D4040020DC040020DC040020E4040020CA
:10E25400E4040020EC040020EC040020F40400207A
:10E26400F4040020FC040020FC0400200405002029
:10E27400040500200C0500200C05002014050020D6
:10E28400140500201C0500201C0500202405002086
:10E29400240500202C0500202C0500203405002036
:10E2A400340500203C0500203C05002044050020E6
:10E2B400440500204C0500204C0500205405002096
:10E2C400540500205C0500205C0500206405002046
:10E2D400640500206C0500206C05002074050020F6
:10E2E400740500207C0500207C05002084050020A6
:10E2F400840500208C0500208C0500209405002056
:10E30400940500209C0500209C050020A405002005
:10E31400A4050020AC050020AC050020B4050020B5
:10E32400B4050020BC050020BC050020C405002065
:10E33400C4050020CC050020CC050020D405002015
:10E34400D4050020DC050020DC050020E4050020C5
:10E35400E4050020EC050020EC050020F405002075
:10E36400F4050020FC050020FC0500200406002024
:10E37400040600200C0600200C060020000000000B
:10E38400030000008CA401204300000000000000F2
:10E394000000000000000000000000000000000079
:10E3A4000000000000000000430000000000000026
:10E3B4000000000000000000000000000000000059
:10E3C4000000000000000000430000000000000006
:10E3D4000000000000000000000000000000000039
:10E3E40000000000000000004300000000000000E6
:10E3F4000000000000000000000000000000000019
:10E4040000000000000000004300000000000000C5
:10E4140000000000000000000000000000000000F8
:10E4240000000000000000004300000000000000A5
:10E4340000000000000000000000000000000000D8
:10E444000000000000000000430000000000000085
:10E4540000000000000000000000000000000000B8
:10E464000000000000000000D56C0208BD63020833
:10E474000000000068D9020814D90208C7DC0208A9
:10E48400C7DC0208C7DC0208C7DC0208C7DC0208D4
:10E49400C7DC0208C7DC0208C7DC0208C7DC0208C4
:10E4A400FFFFFFFFFFFFFFFFFFFFFFFFFFFF000076
:10E4B40001004153434949000000000000000000EE
:10E4C4000000000000000000000000000000000048
:10E4D40000004153434949000000000000000000CF
:10E4E4000000000000000000000000000000000028
:10E4F4000000000098070020000000008CA4012008
:10E50400F4A401205CA5012000000000000000002C
:10E5140000000000000000000000000000000000F7
:10E5240000000000000000000000000000000000E7
:10E5340000000000000000000000000000000000D7
:10E5440000000000000000000000000000000000C7
:10E5540000000000000000000000000000000000B7
:10E5640000000000000000000000000000000000A7
:10E574000000000000000000000000000000000097
:10E584000000000000000000000000000000000087
:10E5940001000000000000000E33CDAB34126DE624
:10E5A400ECDE05000B00000000000000000000008D
:10E5B4000000000000000000000000000000000057
:10E5C4000000000000000000000000000000000047
:10E5D4000000000000000000000000000000000037
:10E5E4000000000000000000000000000000000027
:10E5F4000000000000000000000000000000000017
:10E604000000000000000000000000000000000006
:10E614000000000000000000CDA5012080B588B0F6
:10E6240000AF786039601F23FB1800221A707B68E2
:10E63400BB613B687B611A4B5A69194B8021C90243
:10E644000A435A61EFF31083FB60FB683B6172B6C7
:10E65400C0460FE07A69BB6912681A607B690433AB
:10E664007B61BB690433BB611F217B181A787B185B
:10E6740001321A701F23FB181B783F2BEAD9C046BE
:10E68400074B1A69C0239B021340F9D13B69BB6055
:10E69400BB6883F31088C046C046BD4608B080BD41
:04E6A4000020024010
:0400000508015DF1A0
:00000001FF
